Project,Bug_ID,Bug_Key,Version,Target_Class,Target_Index,Targets_In_Bug,Source_Relative_Path,Source_Status,Source_SHA256,Metadata_Path,Defects4J_Info_Path
Chart,10,Chart_10b,10b,org.jfree.chart.imagemap.StandardToolTipTagFragmentGenerator,1,1,target_benchmark/Chart_10b/source/org/jfree/chart/imagemap/StandardToolTipTagFragmentGenerator.java,OK,fcaa69ca8aac2c99ace45902d524bbf9a12ba2f472342332937617eeaf051346,target_benchmark/Chart_10b/metadata.json,target_benchmark/Chart_10b/defects4j_info.txt
Chart,11,Chart_11b,11b,org.jfree.chart.util.ShapeUtilities,1,1,target_benchmark/Chart_11b/source/org/jfree/chart/util/ShapeUtilities.java,OK,2014c2388848f35ba5b18043d3a5b78b74da61174c83201b34174c5c0c22a9a6,target_benchmark/Chart_11b/metadata.json,target_benchmark/Chart_11b/defects4j_info.txt
Chart,12,Chart_12b,12b,org.jfree.chart.plot.MultiplePiePlot,1,1,target_benchmark/Chart_12b/source/org/jfree/chart/plot/MultiplePiePlot.java,OK,48c738e626e7690087de69742cc8ce8920afa55d762857bdd5a6609f81cd6ac5,target_benchmark/Chart_12b/metadata.json,target_benchmark/Chart_12b/defects4j_info.txt
Chart,13,Chart_13b,13b,org.jfree.chart.block.BorderArrangement,1,1,target_benchmark/Chart_13b/source/org/jfree/chart/block/BorderArrangement.java,OK,8389825c4b348a9a256c3d30b4c8b44710c5cf8adaf2b7640615afcdc72ced23,target_benchmark/Chart_13b/metadata.json,target_benchmark/Chart_13b/defects4j_info.txt
Chart,14,Chart_14b,14b,org.jfree.chart.plot.CategoryPlot,1,2,target_benchmark/Chart_14b/source/org/jfree/chart/plot/CategoryPlot.java,OK,5c95acfb85c0d07177210a9e1fe0800eaa3118f9a7bd9f696b5c8bf04b34026c,target_benchmark/Chart_14b/metadata.json,target_benchmark/Chart_14b/defects4j_info.txt
Chart,14,Chart_14b,14b,org.jfree.chart.plot.XYPlot,2,2,target_benchmark/Chart_14b/source/org/jfree/chart/plot/XYPlot.java,OK,230324ec9c990ad8e1aea03f70a4a0f232e857a6adbbedaebe035abb3d8050fd,target_benchmark/Chart_14b/metadata.json,target_benchmark/Chart_14b/defects4j_info.txt
Chart,15,Chart_15b,15b,org.jfree.chart.plot.PiePlot,1,1,target_benchmark/Chart_15b/source/org/jfree/chart/plot/PiePlot.java,OK,9c2bbbd19ae6cdf645661cc10df4b738cf60b13257e570ebae1e1811cdedea84,target_benchmark/Chart_15b/metadata.json,target_benchmark/Chart_15b/defects4j_info.txt
Chart,16,Chart_16b,16b,org.jfree.data.category.DefaultIntervalCategoryDataset,1,1,target_benchmark/Chart_16b/source/org/jfree/data/category/DefaultIntervalCategoryDataset.java,OK,9d10b049b15768fb6b15f94dfe0cb3073d41f526c91d3509c3dd931d5d801a18,target_benchmark/Chart_16b/metadata.json,target_benchmark/Chart_16b/defects4j_info.txt
Chart,17,Chart_17b,17b,org.jfree.data.time.TimeSeries,1,1,target_benchmark/Chart_17b/source/org/jfree/data/time/TimeSeries.java,OK,026b903a9c6f3e96c3281b01b00253b10674f19451122ce10cb60ec00ecdd221,target_benchmark/Chart_17b/metadata.json,target_benchmark/Chart_17b/defects4j_info.txt
Chart,18,Chart_18b,18b,org.jfree.data.DefaultKeyedValues,1,2,target_benchmark/Chart_18b/source/org/jfree/data/DefaultKeyedValues.java,OK,460a7566ce47cab60590c9859a9f5377e7403cbf73f12a7c8b478f96e9a2c622,target_benchmark/Chart_18b/metadata.json,target_benchmark/Chart_18b/defects4j_info.txt
Chart,18,Chart_18b,18b,org.jfree.data.DefaultKeyedValues2D,2,2,target_benchmark/Chart_18b/source/org/jfree/data/DefaultKeyedValues2D.java,OK,8e07d844ac42042acc79c078e75469c3ffc5fcef354c409da74d7937056a8729,target_benchmark/Chart_18b/metadata.json,target_benchmark/Chart_18b/defects4j_info.txt
Chart,19,Chart_19b,19b,org.jfree.chart.plot.CategoryPlot,1,1,target_benchmark/Chart_19b/source/org/jfree/chart/plot/CategoryPlot.java,OK,578a7eaaaaeb721508569cb38f55e80598fc2de0552d33b49fd320bad959fffe,target_benchmark/Chart_19b/metadata.json,target_benchmark/Chart_19b/defects4j_info.txt
Chart,1,Chart_1b,1b,org.jfree.chart.renderer.category.AbstractCategoryItemRenderer,1,1,target_benchmark/Chart_1b/source/org/jfree/chart/renderer/category/AbstractCategoryItemRenderer.java,OK,c4208e732a4d1516eb5de069ea6a66de4b56941040b83e89d16f8ee2e01864e8,target_benchmark/Chart_1b/metadata.json,target_benchmark/Chart_1b/defects4j_info.txt
Chart,20,Chart_20b,20b,org.jfree.chart.plot.ValueMarker,1,1,target_benchmark/Chart_20b/source/org/jfree/chart/plot/ValueMarker.java,OK,b752c99bf64964a77130f5b950f5384ba33ddd0398b52612081392a1204ac6b3,target_benchmark/Chart_20b/metadata.json,target_benchmark/Chart_20b/defects4j_info.txt
Chart,21,Chart_21b,21b,org.jfree.data.statistics.DefaultBoxAndWhiskerCategoryDataset,1,1,target_benchmark/Chart_21b/source/org/jfree/data/statistics/DefaultBoxAndWhiskerCategoryDataset.java,OK,d5cade950893dd131edeed0aa62e13af6456eeeafed4825135d4e24a47e535f1,target_benchmark/Chart_21b/metadata.json,target_benchmark/Chart_21b/defects4j_info.txt
Chart,22,Chart_22b,22b,org.jfree.data.KeyedObjects2D,1,1,target_benchmark/Chart_22b/source/org/jfree/data/KeyedObjects2D.java,OK,25eb7e2341ed152eb0dfcbf78dcd0b357fb607c406bf66e17a84d1564a01f02e,target_benchmark/Chart_22b/metadata.json,target_benchmark/Chart_22b/defects4j_info.txt
Chart,23,Chart_23b,23b,org.jfree.chart.renderer.category.MinMaxCategoryRenderer,1,1,target_benchmark/Chart_23b/source/org/jfree/chart/renderer/category/MinMaxCategoryRenderer.java,OK,5159094443865c1dcfe4e54e3d3eb547b2cf67b1946888d005db440297ef6beb,target_benchmark/Chart_23b/metadata.json,target_benchmark/Chart_23b/defects4j_info.txt
Chart,24,Chart_24b,24b,org.jfree.chart.renderer.GrayPaintScale,1,1,target_benchmark/Chart_24b/source/org/jfree/chart/renderer/GrayPaintScale.java,OK,8938ca0089796231b07ec3637f0ec86d52e236072999f87a47e48a8942b5a564,target_benchmark/Chart_24b/metadata.json,target_benchmark/Chart_24b/defects4j_info.txt
Chart,25,Chart_25b,25b,org.jfree.chart.renderer.category.StatisticalBarRenderer,1,1,target_benchmark/Chart_25b/source/org/jfree/chart/renderer/category/StatisticalBarRenderer.java,OK,1b13252c94809d9aa8d8d64a01486872d6f132a8153f5ae3469a59fe4f4e2bd7,target_benchmark/Chart_25b/metadata.json,target_benchmark/Chart_25b/defects4j_info.txt
Chart,26,Chart_26b,26b,org.jfree.chart.axis.Axis,1,1,target_benchmark/Chart_26b/source/org/jfree/chart/axis/Axis.java,OK,d24528800794fa92a6f830fd47fcf0c23f5f844e6d8a71c97fc9c6236523d302,target_benchmark/Chart_26b/metadata.json,target_benchmark/Chart_26b/defects4j_info.txt
Chart,2,Chart_2b,2b,org.jfree.data.general.DatasetUtilities,1,1,target_benchmark/Chart_2b/source/org/jfree/data/general/DatasetUtilities.java,OK,112810f8c2dd2e5ba794a8b6a830d67105ac0a0ea769a5e951d0ee6264f3bd55,target_benchmark/Chart_2b/metadata.json,target_benchmark/Chart_2b/defects4j_info.txt
Chart,3,Chart_3b,3b,org.jfree.data.time.TimeSeries,1,1,target_benchmark/Chart_3b/source/org/jfree/data/time/TimeSeries.java,OK,9bc91b1aa9e761373b8ba8272b4654d613a8c4960373dc18214e86a9c175a0eb,target_benchmark/Chart_3b/metadata.json,target_benchmark/Chart_3b/defects4j_info.txt
Chart,4,Chart_4b,4b,org.jfree.chart.plot.XYPlot,1,1,target_benchmark/Chart_4b/source/org/jfree/chart/plot/XYPlot.java,OK,269b73ba7e5e286fbb0fc1b48704b51d626cc7410fac1f2cecaeecca1eef0e3a,target_benchmark/Chart_4b/metadata.json,target_benchmark/Chart_4b/defects4j_info.txt
Chart,5,Chart_5b,5b,org.jfree.data.xy.XYSeries,1,1,target_benchmark/Chart_5b/source/org/jfree/data/xy/XYSeries.java,OK,a35d0cb3f36c207f1a96b9893ef4578d1239b5dd42289137a2b8c8e41f7305aa,target_benchmark/Chart_5b/metadata.json,target_benchmark/Chart_5b/defects4j_info.txt
Chart,6,Chart_6b,6b,org.jfree.chart.util.ShapeList,1,1,target_benchmark/Chart_6b/source/org/jfree/chart/util/ShapeList.java,OK,a3c0385f03c353db608bebdc3941c28e5644bfa013cf3f965b09c051abb79ea5,target_benchmark/Chart_6b/metadata.json,target_benchmark/Chart_6b/defects4j_info.txt
Chart,7,Chart_7b,7b,org.jfree.data.time.TimePeriodValues,1,1,target_benchmark/Chart_7b/source/org/jfree/data/time/TimePeriodValues.java,OK,7d1e4c9d4aa281c1313edd6f1d8bc85e8e6b3c5bb2139346e998b77f002c6102,target_benchmark/Chart_7b/metadata.json,target_benchmark/Chart_7b/defects4j_info.txt
Chart,8,Chart_8b,8b,org.jfree.data.time.Week,1,1,target_benchmark/Chart_8b/source/org/jfree/data/time/Week.java,OK,4162df98dec4fe37581413e74516e2e71cbc6be0be3198ca34e77a5c9ef8f61b,target_benchmark/Chart_8b/metadata.json,target_benchmark/Chart_8b/defects4j_info.txt
Chart,9,Chart_9b,9b,org.jfree.data.time.TimeSeries,1,1,target_benchmark/Chart_9b/source/org/jfree/data/time/TimeSeries.java,OK,9dfcff278c000563c79416e5721463d87d6726513f2eba6867eb5e289ad40353,target_benchmark/Chart_9b/metadata.json,target_benchmark/Chart_9b/defects4j_info.txt
Cli,10,Cli_10b,10b,org.apache.commons.cli.Parser,1,1,target_benchmark/Cli_10b/source/org/apache/commons/cli/Parser.java,OK,052769bc1b9f495ab1232ebbee3354889574089def4d0660870741e09dba56a3,target_benchmark/Cli_10b/metadata.json,target_benchmark/Cli_10b/defects4j_info.txt
Cli,11,Cli_11b,11b,org.apache.commons.cli.HelpFormatter,1,1,target_benchmark/Cli_11b/source/org/apache/commons/cli/HelpFormatter.java,OK,e42387328bbc0b5c94a43a18900d4fd8ca31d85f2c2f22cb76a22119e7b9e718,target_benchmark/Cli_11b/metadata.json,target_benchmark/Cli_11b/defects4j_info.txt
Cli,12,Cli_12b,12b,org.apache.commons.cli.GnuParser,1,1,target_benchmark/Cli_12b/source/org/apache/commons/cli/GnuParser.java,OK,d1c0a1e7815271baa5c22efdf007ceaa1630cb78f97c7dd5b1aa32fd80df6cd1,target_benchmark/Cli_12b/metadata.json,target_benchmark/Cli_12b/defects4j_info.txt
Cli,13,Cli_13b,13b,org.apache.commons.cli2.WriteableCommandLine,1,3,target_benchmark/Cli_13b/source/org/apache/commons/cli2/WriteableCommandLine.java,OK,047025b64041d76ad7f42fb5bb7100efdc466e73bea9a3039dbb91fb8c7845b3,target_benchmark/Cli_13b/metadata.json,target_benchmark/Cli_13b/defects4j_info.txt
Cli,13,Cli_13b,13b,org.apache.commons.cli2.commandline.WriteableCommandLineImpl,2,3,target_benchmark/Cli_13b/source/org/apache/commons/cli2/commandline/WriteableCommandLineImpl.java,OK,399bb76462f4e44fb97b2000f41f947af79f221425fd64cd1d4b4f7322471e86,target_benchmark/Cli_13b/metadata.json,target_benchmark/Cli_13b/defects4j_info.txt
Cli,13,Cli_13b,13b,org.apache.commons.cli2.option.ArgumentImpl,3,3,target_benchmark/Cli_13b/source/org/apache/commons/cli2/option/ArgumentImpl.java,OK,95a93e854f50b89949a9228b09c1821df271455a3ae3fb5b12efbb42156c52e5,target_benchmark/Cli_13b/metadata.json,target_benchmark/Cli_13b/defects4j_info.txt
Cli,14,Cli_14b,14b,org.apache.commons.cli2.option.GroupImpl,1,1,target_benchmark/Cli_14b/source/org/apache/commons/cli2/option/GroupImpl.java,OK,0142c988b299f15b9dcb534dd005119398b6bd78448898b8d8b379e784e04d3d,target_benchmark/Cli_14b/metadata.json,target_benchmark/Cli_14b/defects4j_info.txt
Cli,15,Cli_15b,15b,org.apache.commons.cli2.commandline.WriteableCommandLineImpl,1,1,target_benchmark/Cli_15b/source/org/apache/commons/cli2/commandline/WriteableCommandLineImpl.java,OK,66962ac8004ca2a9fcbea8040209c82aaff9be6a67cbd93775ed6f376d666e95,target_benchmark/Cli_15b/metadata.json,target_benchmark/Cli_15b/defects4j_info.txt
Cli,16,Cli_16b,16b,org.apache.commons.cli2.Option,1,4,target_benchmark/Cli_16b/source/org/apache/commons/cli2/Option.java,OK,98653952422c8f76819d977e4e4915367f18cb7086a0dbcae65ecdb28e5fa07d,target_benchmark/Cli_16b/metadata.json,target_benchmark/Cli_16b/defects4j_info.txt
Cli,16,Cli_16b,16b,org.apache.commons.cli2.commandline.WriteableCommandLineImpl,2,4,target_benchmark/Cli_16b/source/org/apache/commons/cli2/commandline/WriteableCommandLineImpl.java,OK,496c97956f7b53d219adbf05b021099153c1ce89d4799de85d5f29d40c1ad6e3,target_benchmark/Cli_16b/metadata.json,target_benchmark/Cli_16b/defects4j_info.txt
Cli,16,Cli_16b,16b,org.apache.commons.cli2.option.GroupImpl,3,4,target_benchmark/Cli_16b/source/org/apache/commons/cli2/option/GroupImpl.java,OK,d6db2cf5573c9425edfa7e5b89e50ef627b9e3426092509b3dc327315c5eef11,target_benchmark/Cli_16b/metadata.json,target_benchmark/Cli_16b/defects4j_info.txt
Cli,16,Cli_16b,16b,org.apache.commons.cli2.option.OptionImpl,4,4,target_benchmark/Cli_16b/source/org/apache/commons/cli2/option/OptionImpl.java,OK,662d07f8dfecabd6e7976feab9fb94e67bd9f5b04b5400b0ad5f3d740812b67d,target_benchmark/Cli_16b/metadata.json,target_benchmark/Cli_16b/defects4j_info.txt
Cli,17,Cli_17b,17b,org.apache.commons.cli.PosixParser,1,1,target_benchmark/Cli_17b/source/org/apache/commons/cli/PosixParser.java,OK,932264dabe8e88de52db735b99b69a7be8d73f939401d8e865378efc25644543,target_benchmark/Cli_17b/metadata.json,target_benchmark/Cli_17b/defects4j_info.txt
Cli,18,Cli_18b,18b,org.apache.commons.cli.PosixParser,1,1,target_benchmark/Cli_18b/source/org/apache/commons/cli/PosixParser.java,OK,d04ce341224e3c185ac059c47dd3158c2058fcc2046d05cae907bb62a72268fc,target_benchmark/Cli_18b/metadata.json,target_benchmark/Cli_18b/defects4j_info.txt
Cli,19,Cli_19b,19b,org.apache.commons.cli.PosixParser,1,1,target_benchmark/Cli_19b/source/org/apache/commons/cli/PosixParser.java,OK,4857fe91daf7f09f299628ecdee9445a2664cf3a5e3fe5006ea6b1a73637db16,target_benchmark/Cli_19b/metadata.json,target_benchmark/Cli_19b/defects4j_info.txt
Cli,1,Cli_1b,1b,org.apache.commons.cli.CommandLine,1,1,target_benchmark/Cli_1b/source/org/apache/commons/cli/CommandLine.java,OK,696a8a8f9458a00d237dd64786473f48002eb0efe02bb26252bac42def66fcc5,target_benchmark/Cli_1b/metadata.json,target_benchmark/Cli_1b/defects4j_info.txt
Cli,20,Cli_20b,20b,org.apache.commons.cli.PosixParser,1,1,target_benchmark/Cli_20b/source/org/apache/commons/cli/PosixParser.java,OK,74074b614e866643a327299b6b3bab75c5f1c4026d4de4c1dfcb8337d67bf424,target_benchmark/Cli_20b/metadata.json,target_benchmark/Cli_20b/defects4j_info.txt
Cli,21,Cli_21b,21b,org.apache.commons.cli2.WriteableCommandLine,1,3,target_benchmark/Cli_21b/source/org/apache/commons/cli2/WriteableCommandLine.java,OK,79234e46bfedbacec841be6589e67d925208d6124d58a73e6521a87b6edcf305,target_benchmark/Cli_21b/metadata.json,target_benchmark/Cli_21b/defects4j_info.txt
Cli,21,Cli_21b,21b,org.apache.commons.cli2.commandline.WriteableCommandLineImpl,2,3,target_benchmark/Cli_21b/source/org/apache/commons/cli2/commandline/WriteableCommandLineImpl.java,OK,9c6a35928115c1af2f33ae309d81a3d7b803010455f8d5d3959a177171354b0f,target_benchmark/Cli_21b/metadata.json,target_benchmark/Cli_21b/defects4j_info.txt
Cli,21,Cli_21b,21b,org.apache.commons.cli2.option.GroupImpl,3,3,target_benchmark/Cli_21b/source/org/apache/commons/cli2/option/GroupImpl.java,OK,4795c04417f8e5d4df94209a31d83e6185cde6ba7429514ce9ee33a13ffa69ea,target_benchmark/Cli_21b/metadata.json,target_benchmark/Cli_21b/defects4j_info.txt
Cli,22,Cli_22b,22b,org.apache.commons.cli.PosixParser,1,1,target_benchmark/Cli_22b/source/org/apache/commons/cli/PosixParser.java,OK,bd80e09650b4cf4ae216a1ebee716cbd5e32b1d1f2c5e9218bb58fd8cb4a764c,target_benchmark/Cli_22b/metadata.json,target_benchmark/Cli_22b/defects4j_info.txt
Cli,23,Cli_23b,23b,org.apache.commons.cli.HelpFormatter,1,1,target_benchmark/Cli_23b/source/org/apache/commons/cli/HelpFormatter.java,OK,e11046ace58decd8076084944ba2c1fcbcda8476a092d0f645448672e40e4a9d,target_benchmark/Cli_23b/metadata.json,target_benchmark/Cli_23b/defects4j_info.txt
Cli,24,Cli_24b,24b,org.apache.commons.cli.HelpFormatter,1,1,target_benchmark/Cli_24b/source/org/apache/commons/cli/HelpFormatter.java,OK,171cd58593994bd4e23b929b6ee7939ba47089defe94f3c424d28f737103dee7,target_benchmark/Cli_24b/metadata.json,target_benchmark/Cli_24b/defects4j_info.txt
Cli,25,Cli_25b,25b,org.apache.commons.cli.HelpFormatter,1,1,target_benchmark/Cli_25b/source/org/apache/commons/cli/HelpFormatter.java,OK,5792fb78a142153cff63a642066aca013ffc9359176b9d4e30eb01f5c23a084e,target_benchmark/Cli_25b/metadata.json,target_benchmark/Cli_25b/defects4j_info.txt
Cli,26,Cli_26b,26b,org.apache.commons.cli.OptionBuilder,1,1,target_benchmark/Cli_26b/source/org/apache/commons/cli/OptionBuilder.java,OK,48a629ecef82173d0a8d7118af64f7b0bc7b2699305cd0a95934607bdeb49e5f,target_benchmark/Cli_26b/metadata.json,target_benchmark/Cli_26b/defects4j_info.txt
Cli,27,Cli_27b,27b,org.apache.commons.cli.OptionGroup,1,1,target_benchmark/Cli_27b/source/org/apache/commons/cli/OptionGroup.java,OK,00ed076a2785d5bb17e58f1b0c1f1b23ad0740469e337f5bbffceeae60e3d461,target_benchmark/Cli_27b/metadata.json,target_benchmark/Cli_27b/defects4j_info.txt
Cli,28,Cli_28b,28b,org.apache.commons.cli.Parser,1,1,target_benchmark/Cli_28b/source/org/apache/commons/cli/Parser.java,OK,4906f597799b9db881dae8c7c644c0c99b95aa08338876f4dfcbe43f9fe5e1cc,target_benchmark/Cli_28b/metadata.json,target_benchmark/Cli_28b/defects4j_info.txt
Cli,29,Cli_29b,29b,org.apache.commons.cli.Util,1,1,target_benchmark/Cli_29b/source/org/apache/commons/cli/Util.java,OK,2c57f210821f9c8cd0dcfba721313362e4a821a99da8b3bfd2c86c80e0b30e7d,target_benchmark/Cli_29b/metadata.json,target_benchmark/Cli_29b/defects4j_info.txt
Cli,2,Cli_2b,2b,org.apache.commons.cli.PosixParser,1,1,target_benchmark/Cli_2b/source/org/apache/commons/cli/PosixParser.java,OK,c0100de2192201f36c076ce916052702cb8e844cb007095bc8ece078484761fc,target_benchmark/Cli_2b/metadata.json,target_benchmark/Cli_2b/defects4j_info.txt
Cli,30,Cli_30b,30b,org.apache.commons.cli.DefaultParser,1,2,target_benchmark/Cli_30b/source/org/apache/commons/cli/DefaultParser.java,OK,74787c0601309860a1a0668593836fa740772923cdd60f7c181d135b5bcb285f,target_benchmark/Cli_30b/metadata.json,target_benchmark/Cli_30b/defects4j_info.txt
Cli,30,Cli_30b,30b,org.apache.commons.cli.Parser,2,2,target_benchmark/Cli_30b/source/org/apache/commons/cli/Parser.java,OK,b76236d4a6e03d65fa636f7c5750614b2782f803e832db875ae0dcb6ba781966,target_benchmark/Cli_30b/metadata.json,target_benchmark/Cli_30b/defects4j_info.txt
Cli,31,Cli_31b,31b,org.apache.commons.cli.HelpFormatter,1,3,target_benchmark/Cli_31b/source/org/apache/commons/cli/HelpFormatter.java,OK,c1f287ded0b6aabb07efdc6b44dbcd8ac1b3a5258ed73c148100e2b25673e9a6,target_benchmark/Cli_31b/metadata.json,target_benchmark/Cli_31b/defects4j_info.txt
Cli,31,Cli_31b,31b,org.apache.commons.cli.Option,2,3,target_benchmark/Cli_31b/source/org/apache/commons/cli/Option.java,OK,38b75570d499f3c753a844642bd1a1de75bb2053e3a248bbdb00367646c65ed4,target_benchmark/Cli_31b/metadata.json,target_benchmark/Cli_31b/defects4j_info.txt
Cli,31,Cli_31b,31b,org.apache.commons.cli.OptionBuilder,3,3,target_benchmark/Cli_31b/source/org/apache/commons/cli/OptionBuilder.java,OK,297772bcd05bff2d8b9668923ced664fde43c154e3fcdd4be7a260d51e38492d,target_benchmark/Cli_31b/metadata.json,target_benchmark/Cli_31b/defects4j_info.txt
Cli,32,Cli_32b,32b,org.apache.commons.cli.HelpFormatter,1,1,target_benchmark/Cli_32b/source/org/apache/commons/cli/HelpFormatter.java,OK,92dcc06d5e459ca752f852a2041b070927e8cc60962a8a6de190702dffc4b6b6,target_benchmark/Cli_32b/metadata.json,target_benchmark/Cli_32b/defects4j_info.txt
Cli,33,Cli_33b,33b,org.apache.commons.cli.HelpFormatter,1,1,target_benchmark/Cli_33b/source/org/apache/commons/cli/HelpFormatter.java,OK,8cd7e970a17306cf80f7aacb1665885ad0497781de68ef62b3ef5e2e45aa8a25,target_benchmark/Cli_33b/metadata.json,target_benchmark/Cli_33b/defects4j_info.txt
Cli,34,Cli_34b,34b,org.apache.commons.cli.Option,1,2,target_benchmark/Cli_34b/source/org/apache/commons/cli/Option.java,OK,d91241472a5a5b06c850fcd4ee92127b8ebd8f2d65f6744e1941c33c3a140e0d,target_benchmark/Cli_34b/metadata.json,target_benchmark/Cli_34b/defects4j_info.txt
Cli,34,Cli_34b,34b,org.apache.commons.cli.OptionBuilder,2,2,target_benchmark/Cli_34b/source/org/apache/commons/cli/OptionBuilder.java,OK,e76f1747dbd4fafd597832d8c005ac3826f6c813c83d3249c937fc04d7616f98,target_benchmark/Cli_34b/metadata.json,target_benchmark/Cli_34b/defects4j_info.txt
Cli,35,Cli_35b,35b,org.apache.commons.cli.Options,1,1,target_benchmark/Cli_35b/source/org/apache/commons/cli/Options.java,OK,3c6f06020e3b69b38c540c39f130c15eede5cd56b6ce31fbbc89c7cbad3683be,target_benchmark/Cli_35b/metadata.json,target_benchmark/Cli_35b/defects4j_info.txt
Cli,36,Cli_36b,36b,org.apache.commons.cli.OptionGroup,1,2,target_benchmark/Cli_36b/source/org/apache/commons/cli/OptionGroup.java,OK,d665b2c3745d5e81bc53c8dba22dfe4deb470539fc8c7529ee165595d3e44a8c,target_benchmark/Cli_36b/metadata.json,target_benchmark/Cli_36b/defects4j_info.txt
Cli,36,Cli_36b,36b,org.apache.commons.cli.Options,2,2,target_benchmark/Cli_36b/source/org/apache/commons/cli/Options.java,OK,641577dde0bfc62cd56f0b11958f1adf00b16f4d7f63b769aa1978f67c14d3b5,target_benchmark/Cli_36b/metadata.json,target_benchmark/Cli_36b/defects4j_info.txt
Cli,37,Cli_37b,37b,org.apache.commons.cli.DefaultParser,1,1,target_benchmark/Cli_37b/source/org/apache/commons/cli/DefaultParser.java,OK,a3d4c7dac33963b5efbea214dd95be1028a241a7f10224cf0a4105a8eb728dca,target_benchmark/Cli_37b/metadata.json,target_benchmark/Cli_37b/defects4j_info.txt
Cli,38,Cli_38b,38b,org.apache.commons.cli.DefaultParser,1,1,target_benchmark/Cli_38b/source/org/apache/commons/cli/DefaultParser.java,OK,fbf4038aad2a0df0516ad6a77ff75f6338317e24d26a91cde9084ca99fe0d40b,target_benchmark/Cli_38b/metadata.json,target_benchmark/Cli_38b/defects4j_info.txt
Cli,39,Cli_39b,39b,org.apache.commons.cli.TypeHandler,1,1,target_benchmark/Cli_39b/source/org/apache/commons/cli/TypeHandler.java,OK,cf863164ea7423372a96945e58abd3809a0d9456cfa18bc5c02bd20f1c07b566,target_benchmark/Cli_39b/metadata.json,target_benchmark/Cli_39b/defects4j_info.txt
Cli,3,Cli_3b,3b,org.apache.commons.cli.TypeHandler,1,1,target_benchmark/Cli_3b/source/org/apache/commons/cli/TypeHandler.java,OK,c2d8c0205346b97e707190290d3ffab2faf1c67f556cb56cbf339e734031c86c,target_benchmark/Cli_3b/metadata.json,target_benchmark/Cli_3b/defects4j_info.txt
Cli,40,Cli_40b,40b,org.apache.commons.cli.TypeHandler,1,1,target_benchmark/Cli_40b/source/org/apache/commons/cli/TypeHandler.java,OK,f57bd2ac8210826f9a05e5d0fd5b12867548bf5c885be047057984fec4d53065,target_benchmark/Cli_40b/metadata.json,target_benchmark/Cli_40b/defects4j_info.txt
Cli,4,Cli_4b,4b,org.apache.commons.cli.Parser,1,1,target_benchmark/Cli_4b/source/org/apache/commons/cli/Parser.java,OK,63ead1a87580a37b8f58cc6e9324b0005273996beb52619b4f227abe70ccf1ae,target_benchmark/Cli_4b/metadata.json,target_benchmark/Cli_4b/defects4j_info.txt
Cli,5,Cli_5b,5b,org.apache.commons.cli.Util,1,1,target_benchmark/Cli_5b/source/org/apache/commons/cli/Util.java,OK,51630d9d420863d146ae0880ddf92b709ff3629112bba033d6c5ad1b895acc15,target_benchmark/Cli_5b/metadata.json,target_benchmark/Cli_5b/defects4j_info.txt
Cli,7,Cli_7b,7b,org.apache.commons.cli2.builder.PatternBuilder,1,1,target_benchmark/Cli_7b/source/org/apache/commons/cli2/builder/PatternBuilder.java,OK,7821b6d2b913aecf7c1649567c5b51db374dc7991948f4b334cf47b16cd47685,target_benchmark/Cli_7b/metadata.json,target_benchmark/Cli_7b/defects4j_info.txt
Cli,8,Cli_8b,8b,org.apache.commons.cli.HelpFormatter,1,1,target_benchmark/Cli_8b/source/org/apache/commons/cli/HelpFormatter.java,OK,e5865df9d8cb3b0316df6fbedfa2d3c3ffe5a1137a0277643e2871aa95d86010,target_benchmark/Cli_8b/metadata.json,target_benchmark/Cli_8b/defects4j_info.txt
Cli,9,Cli_9b,9b,org.apache.commons.cli.Parser,1,1,target_benchmark/Cli_9b/source/org/apache/commons/cli/Parser.java,OK,356c5613e5cfc460a08e6cb25a266763597c5145349204f79c098ea43b9ebcb2,target_benchmark/Cli_9b/metadata.json,target_benchmark/Cli_9b/defects4j_info.txt
Closure,100,Closure_100b,100b,com.google.javascript.jscomp.CheckGlobalThis,1,1,target_benchmark/Closure_100b/source/com/google/javascript/jscomp/CheckGlobalThis.java,OK,fa34eb520ef3b7dc4533e5cdbcee28249c19921ce82c99bdd68d1fde2bcc7206,target_benchmark/Closure_100b/metadata.json,target_benchmark/Closure_100b/defects4j_info.txt
Closure,101,Closure_101b,101b,com.google.javascript.jscomp.CommandLineRunner,1,1,target_benchmark/Closure_101b/source/com/google/javascript/jscomp/CommandLineRunner.java,OK,dcf4e2bb7ca305897a23f8bd5c2179b82732803ae088558bb6a71614b328a112,target_benchmark/Closure_101b/metadata.json,target_benchmark/Closure_101b/defects4j_info.txt
Closure,102,Closure_102b,102b,com.google.javascript.jscomp.Normalize,1,1,target_benchmark/Closure_102b/source/com/google/javascript/jscomp/Normalize.java,OK,5ed160302c64dee2fa3df202ba9f377656a930c9bc63587ea66a38078d828bba,target_benchmark/Closure_102b/metadata.json,target_benchmark/Closure_102b/defects4j_info.txt
Closure,103,Closure_103b,103b,com.google.javascript.jscomp.ControlFlowAnalysis,1,2,target_benchmark/Closure_103b/source/com/google/javascript/jscomp/ControlFlowAnalysis.java,OK,61c6787521567859901ae1111e991fd82c83b44820e1b23ebe1b69f5a4c6b02b,target_benchmark/Closure_103b/metadata.json,target_benchmark/Closure_103b/defects4j_info.txt
Closure,103,Closure_103b,103b,com.google.javascript.jscomp.DisambiguateProperties,2,2,target_benchmark/Closure_103b/source/com/google/javascript/jscomp/DisambiguateProperties.java,OK,04c1d1adc5842c0ac5cf383759b3c9aa43eba953b576f60c596d998823f90716,target_benchmark/Closure_103b/metadata.json,target_benchmark/Closure_103b/defects4j_info.txt
Closure,104,Closure_104b,104b,com.google.javascript.rhino.jstype.UnionType,1,1,target_benchmark/Closure_104b/source/com/google/javascript/rhino/jstype/UnionType.java,OK,99c3fbb10ca65cf2f8c9729b41e792534866d137512420315c9d80768468d217,target_benchmark/Closure_104b/metadata.json,target_benchmark/Closure_104b/defects4j_info.txt
Closure,105,Closure_105b,105b,com.google.javascript.jscomp.FoldConstants,1,1,target_benchmark/Closure_105b/source/com/google/javascript/jscomp/FoldConstants.java,OK,5073303721dcbb942f0d1d6aaca3a353290b106dec658a320525a1728165d414,target_benchmark/Closure_105b/metadata.json,target_benchmark/Closure_105b/defects4j_info.txt
Closure,106,Closure_106b,106b,com.google.javascript.jscomp.GlobalNamespace,1,2,target_benchmark/Closure_106b/source/com/google/javascript/jscomp/GlobalNamespace.java,OK,30f40c8d0820a1383e185e22ba74eedf4de0693c0271eaffeced02ad36abf6cf,target_benchmark/Closure_106b/metadata.json,target_benchmark/Closure_106b/defects4j_info.txt
Closure,106,Closure_106b,106b,com.google.javascript.rhino.JSDocInfoBuilder,2,2,target_benchmark/Closure_106b/source/com/google/javascript/rhino/JSDocInfoBuilder.java,OK,0c2c8ddf25d5083ece404f12ad7a5327174fe2e72ce0bc7674fb3fb62088f38d,target_benchmark/Closure_106b/metadata.json,target_benchmark/Closure_106b/defects4j_info.txt
Closure,107,Closure_107b,107b,com.google.javascript.jscomp.CommandLineRunner,1,1,target_benchmark/Closure_107b/source/com/google/javascript/jscomp/CommandLineRunner.java,OK,60bdaba1dd235ca6809b602398b86961c646b6b54c49318205d61f61a210b998,target_benchmark/Closure_107b/metadata.json,target_benchmark/Closure_107b/defects4j_info.txt
Closure,108,Closure_108b,108b,com.google.javascript.jscomp.ScopedAliases,1,1,target_benchmark/Closure_108b/source/com/google/javascript/jscomp/ScopedAliases.java,OK,09c333773ef880d4e6d157b7f4f4e3bd1ed0423ef4227bb95512e78eb38184ad,target_benchmark/Closure_108b/metadata.json,target_benchmark/Closure_108b/defects4j_info.txt
Closure,109,Closure_109b,109b,com.google.javascript.jscomp.parsing.JsDocInfoParser,1,1,target_benchmark/Closure_109b/source/com/google/javascript/jscomp/parsing/JsDocInfoParser.java,OK,04f95122019ab16b62d7438b449d5d54d8793e5292d8dacf0e468840b98493ce,target_benchmark/Closure_109b/metadata.json,target_benchmark/Closure_109b/defects4j_info.txt
Closure,10,Closure_10b,10b,com.google.javascript.jscomp.NodeUtil,1,1,target_benchmark/Closure_10b/source/com/google/javascript/jscomp/NodeUtil.java,OK,db38ce030b51e5910e44c8c6446636164c440e05b14c54bd7f6f30a141ea110e,target_benchmark/Closure_10b/metadata.json,target_benchmark/Closure_10b/defects4j_info.txt
Closure,110,Closure_110b,110b,com.google.javascript.jscomp.ScopedAliases,1,2,target_benchmark/Closure_110b/source/com/google/javascript/jscomp/ScopedAliases.java,OK,c04660f99d5c404ac652a6d558b59d974e0d118539ddaecec1ae7c426a1163d2,target_benchmark/Closure_110b/metadata.json,target_benchmark/Closure_110b/defects4j_info.txt
Closure,110,Closure_110b,110b,com.google.javascript.rhino.Node,2,2,target_benchmark/Closure_110b/source/com/google/javascript/rhino/Node.java,OK,d891fc1414f2e76801990abb1cb714619ea098e8d00bc43f6a513f418ba594ce,target_benchmark/Closure_110b/metadata.json,target_benchmark/Closure_110b/defects4j_info.txt
Closure,111,Closure_111b,111b,com.google.javascript.jscomp.type.ClosureReverseAbstractInterpreter,1,1,target_benchmark/Closure_111b/source/com/google/javascript/jscomp/type/ClosureReverseAbstractInterpreter.java,OK,9ca1280156857f8e8c82662c35b6cea7fc05bf8642b35e1a6fbd5c5d9f6fae46,target_benchmark/Closure_111b/metadata.json,target_benchmark/Closure_111b/defects4j_info.txt
Closure,112,Closure_112b,112b,com.google.javascript.jscomp.TypeInference,1,1,target_benchmark/Closure_112b/source/com/google/javascript/jscomp/TypeInference.java,OK,e0800ebb5c60f2736c9ef8e97d6803b86bf6dcfec0bd2dd8a90a3de2044030b5,target_benchmark/Closure_112b/metadata.json,target_benchmark/Closure_112b/defects4j_info.txt
Closure,113,Closure_113b,113b,com.google.javascript.jscomp.ProcessClosurePrimitives,1,1,target_benchmark/Closure_113b/source/com/google/javascript/jscomp/ProcessClosurePrimitives.java,OK,c6345b61639549e97b2c4bea6801787ad8140001356246e75a01450043af17f0,target_benchmark/Closure_113b/metadata.json,target_benchmark/Closure_113b/defects4j_info.txt
Closure,114,Closure_114b,114b,com.google.javascript.jscomp.NameAnalyzer,1,1,target_benchmark/Closure_114b/source/com/google/javascript/jscomp/NameAnalyzer.java,OK,3e0bc3de2566cf1d0c29ad9bea1833bc66c257e7e26d14943ec5d38e25e675e4,target_benchmark/Closure_114b/metadata.json,target_benchmark/Closure_114b/defects4j_info.txt
Closure,115,Closure_115b,115b,com.google.javascript.jscomp.FunctionInjector,1,1,target_benchmark/Closure_115b/source/com/google/javascript/jscomp/FunctionInjector.java,OK,f6469924500374cefdc37b1ff5a4738db28f7a705c2e2653422e85cc36607298,target_benchmark/Closure_115b/metadata.json,target_benchmark/Closure_115b/defects4j_info.txt
Closure,116,Closure_116b,116b,com.google.javascript.jscomp.FunctionInjector,1,1,target_benchmark/Closure_116b/source/com/google/javascript/jscomp/FunctionInjector.java,OK,d566979a9ebfc84448a2ae28c831b44f0887aec5faa554a22f1aba67ac718c22,target_benchmark/Closure_116b/metadata.json,target_benchmark/Closure_116b/defects4j_info.txt
Closure,117,Closure_117b,117b,com.google.javascript.jscomp.TypeValidator,1,1,target_benchmark/Closure_117b/source/com/google/javascript/jscomp/TypeValidator.java,OK,11393cca420bb6504254c05bb48608a558cc7a058b61d408a1b18cac95356097,target_benchmark/Closure_117b/metadata.json,target_benchmark/Closure_117b/defects4j_info.txt
Closure,118,Closure_118b,118b,com.google.javascript.jscomp.DisambiguateProperties,1,1,target_benchmark/Closure_118b/source/com/google/javascript/jscomp/DisambiguateProperties.java,OK,0a24785d05620e692544d391134004d6d28cf77a1fe6b9b34363bff6dee42699,target_benchmark/Closure_118b/metadata.json,target_benchmark/Closure_118b/defects4j_info.txt
Closure,119,Closure_119b,119b,com.google.javascript.jscomp.GlobalNamespace,1,1,target_benchmark/Closure_119b/source/com/google/javascript/jscomp/GlobalNamespace.java,OK,03e66c39a439134426c129e8511dd98566ca8ee3e89354d443d4b51ca53e7f6d,target_benchmark/Closure_119b/metadata.json,target_benchmark/Closure_119b/defects4j_info.txt
Closure,11,Closure_11b,11b,com.google.javascript.jscomp.TypeCheck,1,1,target_benchmark/Closure_11b/source/com/google/javascript/jscomp/TypeCheck.java,OK,3f2a88842699cd9ca2265adb1a368c170acd4cf8cb63cc24fbd46e8b0a95c3b7,target_benchmark/Closure_11b/metadata.json,target_benchmark/Closure_11b/defects4j_info.txt
Closure,120,Closure_120b,120b,com.google.javascript.jscomp.ReferenceCollectingCallback,1,1,target_benchmark/Closure_120b/source/com/google/javascript/jscomp/ReferenceCollectingCallback.java,OK,76ecbdae084ad5c5d97727d51145066302ff8a074b60e0148a12c7b60bddfa6a,target_benchmark/Closure_120b/metadata.json,target_benchmark/Closure_120b/defects4j_info.txt
Closure,121,Closure_121b,121b,com.google.javascript.jscomp.InlineVariables,1,1,target_benchmark/Closure_121b/source/com/google/javascript/jscomp/InlineVariables.java,OK,854520987ccdba0d9c1405efe0bf3630f1172e4bd091cbc90a6ee73fe958eaee,target_benchmark/Closure_121b/metadata.json,target_benchmark/Closure_121b/defects4j_info.txt
Closure,122,Closure_122b,122b,com.google.javascript.jscomp.parsing.IRFactory,1,1,target_benchmark/Closure_122b/source/com/google/javascript/jscomp/parsing/IRFactory.java,OK,6cd659bd2926ae3ca3269e7f728ce760d982ca31f71135f6c5ce2a30dd1239d5,target_benchmark/Closure_122b/metadata.json,target_benchmark/Closure_122b/defects4j_info.txt
Closure,123,Closure_123b,123b,com.google.javascript.jscomp.CodeGenerator,1,1,target_benchmark/Closure_123b/source/com/google/javascript/jscomp/CodeGenerator.java,OK,cb79bff6ce2cf625194958ae77a1a30802c66b1bd4d436fcb1797a29d5e6bd41,target_benchmark/Closure_123b/metadata.json,target_benchmark/Closure_123b/defects4j_info.txt
Closure,124,Closure_124b,124b,com.google.javascript.jscomp.ExploitAssigns,1,1,target_benchmark/Closure_124b/source/com/google/javascript/jscomp/ExploitAssigns.java,OK,9c20e98d3b8feb29716b43af657dff2208a60cc3c9d78320ab3b8ee3bd8e0c23,target_benchmark/Closure_124b/metadata.json,target_benchmark/Closure_124b/defects4j_info.txt
Closure,125,Closure_125b,125b,com.google.javascript.jscomp.TypeCheck,1,1,target_benchmark/Closure_125b/source/com/google/javascript/jscomp/TypeCheck.java,OK,7ba6079dcf525c8bf4411ef66ac2f823a7144c645a5e934f08ec5ebc503e7a4b,target_benchmark/Closure_125b/metadata.json,target_benchmark/Closure_125b/defects4j_info.txt
Closure,126,Closure_126b,126b,com.google.javascript.jscomp.MinimizeExitPoints,1,1,target_benchmark/Closure_126b/source/com/google/javascript/jscomp/MinimizeExitPoints.java,OK,e46ebf105c67f4a42106a5a4d399f424c13eee3598758da161a79d024ac8ae91,target_benchmark/Closure_126b/metadata.json,target_benchmark/Closure_126b/defects4j_info.txt
Closure,127,Closure_127b,127b,com.google.javascript.jscomp.UnreachableCodeElimination,1,1,target_benchmark/Closure_127b/source/com/google/javascript/jscomp/UnreachableCodeElimination.java,OK,4755acbc3ad4ba24599a6320291170741f8c0923e0b6a032cb3f4cbc43b3e13a,target_benchmark/Closure_127b/metadata.json,target_benchmark/Closure_127b/defects4j_info.txt
Closure,128,Closure_128b,128b,com.google.javascript.jscomp.CodeGenerator,1,1,target_benchmark/Closure_128b/source/com/google/javascript/jscomp/CodeGenerator.java,OK,35754bc0131c17b30fe24950afd6d7c1ce5b10dadd244212f87056c475101004,target_benchmark/Closure_128b/metadata.json,target_benchmark/Closure_128b/defects4j_info.txt
Closure,129,Closure_129b,129b,com.google.javascript.jscomp.PrepareAst,1,1,target_benchmark/Closure_129b/source/com/google/javascript/jscomp/PrepareAst.java,OK,e601e6e4176c78e3c34a942f9c3469fdc16df2c2e305a8fffeea562769b48f25,target_benchmark/Closure_129b/metadata.json,target_benchmark/Closure_129b/defects4j_info.txt
Closure,12,Closure_12b,12b,com.google.javascript.jscomp.MaybeReachingVariableUse,1,1,target_benchmark/Closure_12b/source/com/google/javascript/jscomp/MaybeReachingVariableUse.java,OK,d36ef7d29aa8d79a94448a8a2f203de7fc77a38b4e8c1ed3136f7a362b63f418,target_benchmark/Closure_12b/metadata.json,target_benchmark/Closure_12b/defects4j_info.txt
Closure,130,Closure_130b,130b,com.google.javascript.jscomp.CollapseProperties,1,1,target_benchmark/Closure_130b/source/com/google/javascript/jscomp/CollapseProperties.java,OK,e802bb4df8b60a6790ba1c0b08410530d589b3c40e2867d3fbf7a6a57dc97e49,target_benchmark/Closure_130b/metadata.json,target_benchmark/Closure_130b/defects4j_info.txt
Closure,131,Closure_131b,131b,com.google.javascript.rhino.TokenStream,1,1,target_benchmark/Closure_131b/source/com/google/javascript/rhino/TokenStream.java,OK,c9001c268e8258e968f569b429b662628155d9bba3e22adb1d74dd92f85a3a61,target_benchmark/Closure_131b/metadata.json,target_benchmark/Closure_131b/defects4j_info.txt
Closure,132,Closure_132b,132b,com.google.javascript.jscomp.PeepholeSubstituteAlternateSyntax,1,1,target_benchmark/Closure_132b/source/com/google/javascript/jscomp/PeepholeSubstituteAlternateSyntax.java,OK,6e2a9f114191b8a0b5c4948c5bb16a50364f8d1e41110634a906d714c0c3bed1,target_benchmark/Closure_132b/metadata.json,target_benchmark/Closure_132b/defects4j_info.txt
Closure,133,Closure_133b,133b,com.google.javascript.jscomp.parsing.JsDocInfoParser,1,1,target_benchmark/Closure_133b/source/com/google/javascript/jscomp/parsing/JsDocInfoParser.java,OK,c904287a3c2a2167d04a4ef142a4a5535235ba7e0e08b223064a532f2056513e,target_benchmark/Closure_133b/metadata.json,target_benchmark/Closure_133b/defects4j_info.txt
Closure,134,Closure_134b,134b,com.google.javascript.jscomp.AmbiguateProperties,1,2,target_benchmark/Closure_134b/source/com/google/javascript/jscomp/AmbiguateProperties.java,OK,728b04f3b43d5a25179306c780d122adc15d91ab66ab33476e0c08d3d2d9c609,target_benchmark/Closure_134b/metadata.json,target_benchmark/Closure_134b/defects4j_info.txt
Closure,134,Closure_134b,134b,com.google.javascript.jscomp.TypedScopeCreator,2,2,target_benchmark/Closure_134b/source/com/google/javascript/jscomp/TypedScopeCreator.java,OK,51aa4c530ba9cf79abf462d667444f1ed52b2329dabfdf72f6ea1cdd24aaedc6,target_benchmark/Closure_134b/metadata.json,target_benchmark/Closure_134b/defects4j_info.txt
Closure,135,Closure_135b,135b,com.google.javascript.jscomp.DevirtualizePrototypeMethods,1,2,target_benchmark/Closure_135b/source/com/google/javascript/jscomp/DevirtualizePrototypeMethods.java,OK,eb2014bc00b5bfcd9c111ecaf07d202a2fc1cb9c76e677179da5dcfded6db984,target_benchmark/Closure_135b/metadata.json,target_benchmark/Closure_135b/defects4j_info.txt
Closure,135,Closure_135b,135b,com.google.javascript.rhino.jstype.FunctionType,2,2,target_benchmark/Closure_135b/source/com/google/javascript/rhino/jstype/FunctionType.java,OK,aab03136f1497efae569b315bafc3bb77635acc06245d05a52e31c4b652e207c,target_benchmark/Closure_135b/metadata.json,target_benchmark/Closure_135b/defects4j_info.txt
Closure,136,Closure_136b,136b,com.google.javascript.jscomp.MethodCompilerPass,1,2,target_benchmark/Closure_136b/source/com/google/javascript/jscomp/MethodCompilerPass.java,OK,f86f521fdf0e1c891df2d3af7dafbf14d32d515b9c02be28f355c42510902da5,target_benchmark/Closure_136b/metadata.json,target_benchmark/Closure_136b/defects4j_info.txt
Closure,136,Closure_136b,136b,com.google.javascript.jscomp.RenameVars,2,2,target_benchmark/Closure_136b/source/com/google/javascript/jscomp/RenameVars.java,OK,b326fc9a2380f59f612668b1bca677f6b652dcdaf987a01eb601ca53b3abb2dc,target_benchmark/Closure_136b/metadata.json,target_benchmark/Closure_136b/defects4j_info.txt
Closure,137,Closure_137b,137b,com.google.javascript.jscomp.MakeDeclaredNamesUnique,1,3,target_benchmark/Closure_137b/source/com/google/javascript/jscomp/MakeDeclaredNamesUnique.java,OK,255be8744566fbac3227b8076e6233cbaf3a89ae8ddd65485254c2aee7e6c4f2,target_benchmark/Closure_137b/metadata.json,target_benchmark/Closure_137b/defects4j_info.txt
Closure,137,Closure_137b,137b,com.google.javascript.jscomp.NodeUtil,2,3,target_benchmark/Closure_137b/source/com/google/javascript/jscomp/NodeUtil.java,OK,1432db3257edcd16a50c7f8718adfa7cf7327c96c1a1079dbe3c817400ca81c6,target_benchmark/Closure_137b/metadata.json,target_benchmark/Closure_137b/defects4j_info.txt
Closure,137,Closure_137b,137b,com.google.javascript.jscomp.Normalize,3,3,target_benchmark/Closure_137b/source/com/google/javascript/jscomp/Normalize.java,OK,259ccfaafb854d51b71a60ea96e103ef79d7e09ba35a9fe8c72f6173399fd60e,target_benchmark/Closure_137b/metadata.json,target_benchmark/Closure_137b/defects4j_info.txt
Closure,138,Closure_138b,138b,com.google.javascript.jscomp.ClosureReverseAbstractInterpreter,1,2,target_benchmark/Closure_138b/source/com/google/javascript/jscomp/ClosureReverseAbstractInterpreter.java,OK,aac02d8dae269dbd5f0640a220ff7b4a4c2934b3b6dc1372b35b39af7604e890,target_benchmark/Closure_138b/metadata.json,target_benchmark/Closure_138b/defects4j_info.txt
Closure,138,Closure_138b,138b,com.google.javascript.jscomp.TypeInference,2,2,target_benchmark/Closure_138b/source/com/google/javascript/jscomp/TypeInference.java,OK,519983eab0139ca587f64bcef29ef81ca6816e2731b87903a72e93498ddd441f,target_benchmark/Closure_138b/metadata.json,target_benchmark/Closure_138b/defects4j_info.txt
Closure,139,Closure_139b,139b,com.google.javascript.jscomp.Normalize,1,1,target_benchmark/Closure_139b/source/com/google/javascript/jscomp/Normalize.java,OK,9615669e59fbcc00aa8f992bbb30e7656460b67ac32f70eae3444980b3820a76,target_benchmark/Closure_139b/metadata.json,target_benchmark/Closure_139b/defects4j_info.txt
Closure,13,Closure_13b,13b,com.google.javascript.jscomp.PeepholeOptimizationsPass,1,1,target_benchmark/Closure_13b/source/com/google/javascript/jscomp/PeepholeOptimizationsPass.java,OK,ac378b125c2a2cf689aa6df7bd971b27fbc16287e63004e89de64c98f285962b,target_benchmark/Closure_13b/metadata.json,target_benchmark/Closure_13b/defects4j_info.txt
Closure,140,Closure_140b,140b,com.google.javascript.jscomp.Compiler,1,1,target_benchmark/Closure_140b/source/com/google/javascript/jscomp/Compiler.java,OK,16274826b1075b9ecb262bb7d95e19b7d636d640a3b7a4a5283fb7c495762891,target_benchmark/Closure_140b/metadata.json,target_benchmark/Closure_140b/defects4j_info.txt
Closure,141,Closure_141b,141b,com.google.javascript.jscomp.NodeUtil,1,2,target_benchmark/Closure_141b/source/com/google/javascript/jscomp/NodeUtil.java,OK,e7569b8f52fb0cd0b50dea098cf3735135428c51c9f895a864df12625d41a63c,target_benchmark/Closure_141b/metadata.json,target_benchmark/Closure_141b/defects4j_info.txt
Closure,141,Closure_141b,141b,com.google.javascript.jscomp.PureFunctionIdentifier,2,2,target_benchmark/Closure_141b/source/com/google/javascript/jscomp/PureFunctionIdentifier.java,OK,8949b0d50227e2f131b72a7b50f6b8b6aecbe083bab35b54affed5e53e904924,target_benchmark/Closure_141b/metadata.json,target_benchmark/Closure_141b/defects4j_info.txt
Closure,142,Closure_142b,142b,com.google.javascript.jscomp.CoalesceVariableNames,1,2,target_benchmark/Closure_142b/source/com/google/javascript/jscomp/CoalesceVariableNames.java,OK,bc6c634201b92dbb4c8b34e6a97b56c86116d6c885502aed6838d6477dabe7b8,target_benchmark/Closure_142b/metadata.json,target_benchmark/Closure_142b/defects4j_info.txt
Closure,142,Closure_142b,142b,com.google.javascript.jscomp.parsing.JsDocInfoParser,2,2,target_benchmark/Closure_142b/source/com/google/javascript/jscomp/parsing/JsDocInfoParser.java,OK,66ccafb8a257c28c5bf050ace0f9c86be7f59b6e94ec6087c754009a24732d54,target_benchmark/Closure_142b/metadata.json,target_benchmark/Closure_142b/defects4j_info.txt
Closure,143,Closure_143b,143b,com.google.javascript.jscomp.AbstractCommandLineRunner,1,2,target_benchmark/Closure_143b/source/com/google/javascript/jscomp/AbstractCommandLineRunner.java,OK,2ba2c4b41632b2a1db0d17bf10c39cea5a0d5225851019083429758254451207,target_benchmark/Closure_143b/metadata.json,target_benchmark/Closure_143b/defects4j_info.txt
Closure,143,Closure_143b,143b,com.google.javascript.jscomp.RemoveConstantExpressions,2,2,target_benchmark/Closure_143b/source/com/google/javascript/jscomp/RemoveConstantExpressions.java,OK,cd0d54ec7162742809ed10ff52c143dcd142c5029f97618e1736310dc2ace796,target_benchmark/Closure_143b/metadata.json,target_benchmark/Closure_143b/defects4j_info.txt
Closure,144,Closure_144b,144b,com.google.javascript.jscomp.FunctionTypeBuilder,1,4,target_benchmark/Closure_144b/source/com/google/javascript/jscomp/FunctionTypeBuilder.java,OK,9f43dc14de3ae24787b132371273a8ad5e70141cf11d7ce491c28626b9ff09ca,target_benchmark/Closure_144b/metadata.json,target_benchmark/Closure_144b/defects4j_info.txt
Closure,144,Closure_144b,144b,com.google.javascript.jscomp.TypedScopeCreator,2,4,target_benchmark/Closure_144b/source/com/google/javascript/jscomp/TypedScopeCreator.java,OK,932d692506b267f2a1f313f716c6cec0422a89b447d422ce0ba413dfc86f8518,target_benchmark/Closure_144b/metadata.json,target_benchmark/Closure_144b/defects4j_info.txt
Closure,144,Closure_144b,144b,com.google.javascript.rhino.jstype.FunctionBuilder,3,4,target_benchmark/Closure_144b/source/com/google/javascript/rhino/jstype/FunctionBuilder.java,OK,2f32f8e8a4feff4a1418f53528ee23408650ab5aa170d6273c1bb96e81bc0819,target_benchmark/Closure_144b/metadata.json,target_benchmark/Closure_144b/defects4j_info.txt
Closure,144,Closure_144b,144b,com.google.javascript.rhino.jstype.FunctionType,4,4,target_benchmark/Closure_144b/source/com/google/javascript/rhino/jstype/FunctionType.java,OK,2d7aed1552e5cfcbad8edbaae59dfd1da2d1968ba16f0d93351b221a1fa9075f,target_benchmark/Closure_144b/metadata.json,target_benchmark/Closure_144b/defects4j_info.txt
Closure,145,Closure_145b,145b,com.google.javascript.jscomp.CodeGenerator,1,1,target_benchmark/Closure_145b/source/com/google/javascript/jscomp/CodeGenerator.java,OK,8ec9dde9fac9390fcc181e3a1c33b3f52b763f8ae0d060ea05089f3e0f319725,target_benchmark/Closure_145b/metadata.json,target_benchmark/Closure_145b/defects4j_info.txt
Closure,146,Closure_146b,146b,com.google.javascript.rhino.jstype.JSType,1,1,target_benchmark/Closure_146b/source/com/google/javascript/rhino/jstype/JSType.java,OK,27dcd5500038236aa2e7fbf4764f2f15a35fca67e4624971881c1f2facfabec4,target_benchmark/Closure_146b/metadata.json,target_benchmark/Closure_146b/defects4j_info.txt
Closure,147,Closure_147b,147b,com.google.javascript.jscomp.CheckGlobalThis,1,2,target_benchmark/Closure_147b/source/com/google/javascript/jscomp/CheckGlobalThis.java,OK,d35b2720cdd98640bd2523c9d6e99182af5f400cefd73f33f9b28f7d1654cbe6,target_benchmark/Closure_147b/metadata.json,target_benchmark/Closure_147b/defects4j_info.txt
Closure,147,Closure_147b,147b,com.google.javascript.jscomp.RuntimeTypeCheck,2,2,target_benchmark/Closure_147b/source/com/google/javascript/jscomp/RuntimeTypeCheck.java,OK,565e1360aadb7958002feb1161a0a460ae7d7dac16f6eae16c6cfcda85abbf81,target_benchmark/Closure_147b/metadata.json,target_benchmark/Closure_147b/defects4j_info.txt
Closure,148,Closure_148b,148b,com.google.javascript.jscomp.PeepholeFoldConstants,1,2,target_benchmark/Closure_148b/source/com/google/javascript/jscomp/PeepholeFoldConstants.java,OK,685d5a20378f5366588dac8de66ef79c9b1ff8e6d90146a988743983e5ffb954,target_benchmark/Closure_148b/metadata.json,target_benchmark/Closure_148b/defects4j_info.txt
Closure,148,Closure_148b,148b,com.google.javascript.jscomp.SourceMap,2,2,target_benchmark/Closure_148b/source/com/google/javascript/jscomp/SourceMap.java,OK,52a0d1e453b145f368534e898dcd4ae035456f5187b72498e0fa92a0b2919135,target_benchmark/Closure_148b/metadata.json,target_benchmark/Closure_148b/defects4j_info.txt
Closure,149,Closure_149b,149b,com.google.javascript.jscomp.AbstractCommandLineRunner,1,4,target_benchmark/Closure_149b/source/com/google/javascript/jscomp/AbstractCommandLineRunner.java,OK,e808dbf3e6d1e80bfcc0e2e5923f6e2e32035df27371e0269b691fbeb81e2f4a,target_benchmark/Closure_149b/metadata.json,target_benchmark/Closure_149b/defects4j_info.txt
Closure,149,Closure_149b,149b,com.google.javascript.jscomp.CommandLineRunner,2,4,target_benchmark/Closure_149b/source/com/google/javascript/jscomp/CommandLineRunner.java,OK,195fa0e1ce6b928518396471cb512870caaba9b8d01202a7312cff8dfa2287fb,target_benchmark/Closure_149b/metadata.json,target_benchmark/Closure_149b/defects4j_info.txt
Closure,149,Closure_149b,149b,com.google.javascript.jscomp.Compiler,3,4,target_benchmark/Closure_149b/source/com/google/javascript/jscomp/Compiler.java,OK,58f049b1c190b6c5913215336a4df9da3a78b4d19f9a99b686646268ea0424bd,target_benchmark/Closure_149b/metadata.json,target_benchmark/Closure_149b/defects4j_info.txt
Closure,149,Closure_149b,149b,com.google.javascript.jscomp.CompilerOptions,4,4,target_benchmark/Closure_149b/source/com/google/javascript/jscomp/CompilerOptions.java,OK,3098703b7ce1954e28fcecbfc3996df3766f298d79242b870b61497798530da5,target_benchmark/Closure_149b/metadata.json,target_benchmark/Closure_149b/defects4j_info.txt
Closure,14,Closure_14b,14b,com.google.javascript.jscomp.ControlFlowAnalysis,1,1,target_benchmark/Closure_14b/source/com/google/javascript/jscomp/ControlFlowAnalysis.java,OK,05e8eaf5562874da6e49a881ffc30b9b85eb8579010f99fe09a82dd0f52e96cb,target_benchmark/Closure_14b/metadata.json,target_benchmark/Closure_14b/defects4j_info.txt
Closure,150,Closure_150b,150b,com.google.javascript.jscomp.TypedScopeCreator,1,1,target_benchmark/Closure_150b/source/com/google/javascript/jscomp/TypedScopeCreator.java,OK,26ec7402c93568593471c5a1b99754fa442afc9d1cf2f3e658039ab1b36618f6,target_benchmark/Closure_150b/metadata.json,target_benchmark/Closure_150b/defects4j_info.txt
Closure,151,Closure_151b,151b,com.google.javascript.jscomp.CommandLineRunner,1,1,target_benchmark/Closure_151b/source/com/google/javascript/jscomp/CommandLineRunner.java,OK,64af40b14df6ba2469dd18ad38469da751a599bba0e7831ecdf2694da84ea85d,target_benchmark/Closure_151b/metadata.json,target_benchmark/Closure_151b/defects4j_info.txt
Closure,152,Closure_152b,152b,com.google.javascript.rhino.jstype.FunctionType,1,1,target_benchmark/Closure_152b/source/com/google/javascript/rhino/jstype/FunctionType.java,OK,822b3152324033fbda4519e9f5ff3a5b4aaccebfe59d564b0e99323b1b9f1ad4,target_benchmark/Closure_152b/metadata.json,target_benchmark/Closure_152b/defects4j_info.txt
Closure,153,Closure_153b,153b,com.google.javascript.jscomp.Normalize,1,2,target_benchmark/Closure_153b/source/com/google/javascript/jscomp/Normalize.java,OK,ea7539542bc9fd3f81235233f21900547b2c2e43ff1236824577fda85b92e24d,target_benchmark/Closure_153b/metadata.json,target_benchmark/Closure_153b/defects4j_info.txt
Closure,153,Closure_153b,153b,com.google.javascript.jscomp.SyntacticScopeCreator,2,2,target_benchmark/Closure_153b/source/com/google/javascript/jscomp/SyntacticScopeCreator.java,OK,a012e7a86efe20dba677f7e8943b235ada827de18a3172bc3288513e59c71288,target_benchmark/Closure_153b/metadata.json,target_benchmark/Closure_153b/defects4j_info.txt
Closure,154,Closure_154b,154b,com.google.javascript.jscomp.TypeCheck,1,2,target_benchmark/Closure_154b/source/com/google/javascript/jscomp/TypeCheck.java,OK,d47eb5bfa7d2f76d4b8c7c7fb5217507cdd8cb6d16f44044dc2d67d251b3ae39,target_benchmark/Closure_154b/metadata.json,target_benchmark/Closure_154b/defects4j_info.txt
Closure,154,Closure_154b,154b,com.google.javascript.jscomp.TypeValidator,2,2,target_benchmark/Closure_154b/source/com/google/javascript/jscomp/TypeValidator.java,OK,a700491d442955f86a58e1ba83234ad42801da00bd378456100e5363642cb321,target_benchmark/Closure_154b/metadata.json,target_benchmark/Closure_154b/defects4j_info.txt
Closure,155,Closure_155b,155b,com.google.javascript.jscomp.InlineVariables,1,3,target_benchmark/Closure_155b/source/com/google/javascript/jscomp/InlineVariables.java,OK,1390760390db74b3b8953b74f4318617e0d3a3ca4e6d5aef99b622faeebde73d,target_benchmark/Closure_155b/metadata.json,target_benchmark/Closure_155b/defects4j_info.txt
Closure,155,Closure_155b,155b,com.google.javascript.jscomp.ReferenceCollectingCallback,2,3,target_benchmark/Closure_155b/source/com/google/javascript/jscomp/ReferenceCollectingCallback.java,OK,ad0e9588b22117d2b8a716ebc939e90f51b70623cce7606bb8ef068b79e0f15d,target_benchmark/Closure_155b/metadata.json,target_benchmark/Closure_155b/defects4j_info.txt
Closure,155,Closure_155b,155b,com.google.javascript.jscomp.Scope,3,3,target_benchmark/Closure_155b/source/com/google/javascript/jscomp/Scope.java,OK,5b0adb8e41c6ed628460808fe28b155e0bc6ad30953628b40379450e2405e741,target_benchmark/Closure_155b/metadata.json,target_benchmark/Closure_155b/defects4j_info.txt
Closure,156,Closure_156b,156b,com.google.javascript.jscomp.CollapseProperties,1,1,target_benchmark/Closure_156b/source/com/google/javascript/jscomp/CollapseProperties.java,OK,3483e2752d6c1a36ed1a4606eae7541e1b2b7ec553221d487f714fb84f36f14a,target_benchmark/Closure_156b/metadata.json,target_benchmark/Closure_156b/defects4j_info.txt
Closure,157,Closure_157b,157b,com.google.javascript.jscomp.CodeGenerator,1,3,target_benchmark/Closure_157b/source/com/google/javascript/jscomp/CodeGenerator.java,OK,18e93b7c51dec44aca6b49607cc6b175f3b410b5cb8f8342a1f8fba2616c8c6f,target_benchmark/Closure_157b/metadata.json,target_benchmark/Closure_157b/defects4j_info.txt
Closure,157,Closure_157b,157b,com.google.javascript.jscomp.parsing.IRFactory,2,3,target_benchmark/Closure_157b/source/com/google/javascript/jscomp/parsing/IRFactory.java,OK,5266b514d437c442a979365ed0c25ade1cd05f8b0bf23bd441b533086ffba256,target_benchmark/Closure_157b/metadata.json,target_benchmark/Closure_157b/defects4j_info.txt
Closure,157,Closure_157b,157b,com.google.javascript.jscomp.RenamePrototypes,3,3,target_benchmark/Closure_157b/source/com/google/javascript/jscomp/RenamePrototypes.java,OK,7bffc14d2f069b03898a213b223fd1fd899d883dcf3b1ca0670aa08e772b9a51,target_benchmark/Closure_157b/metadata.json,target_benchmark/Closure_157b/defects4j_info.txt
Closure,158,Closure_158b,158b,com.google.javascript.jscomp.AbstractCommandLineRunner,1,3,target_benchmark/Closure_158b/source/com/google/javascript/jscomp/AbstractCommandLineRunner.java,OK,b804ebab26c5ee963bb3225b48f5e8764999f065b8feaa08a8c8986ec7120822,target_benchmark/Closure_158b/metadata.json,target_benchmark/Closure_158b/defects4j_info.txt
Closure,158,Closure_158b,158b,com.google.javascript.jscomp.CommandLineRunner,2,3,target_benchmark/Closure_158b/source/com/google/javascript/jscomp/CommandLineRunner.java,OK,4aab23f3f62897c183a0c743d79276629053b78a238d664ffc236ac4e0c9992d,target_benchmark/Closure_158b/metadata.json,target_benchmark/Closure_158b/defects4j_info.txt
Closure,158,Closure_158b,158b,com.google.javascript.jscomp.DiagnosticGroups,3,3,target_benchmark/Closure_158b/source/com/google/javascript/jscomp/DiagnosticGroups.java,OK,cd9b48e61ec8fcea2c79e35061f3efafe1f5ee80729523c43079ed813cebae39,target_benchmark/Closure_158b/metadata.json,target_benchmark/Closure_158b/defects4j_info.txt
Closure,159,Closure_159b,159b,com.google.javascript.jscomp.InlineFunctions,1,1,target_benchmark/Closure_159b/source/com/google/javascript/jscomp/InlineFunctions.java,OK,66ca0597b38221b3764e226c5c7dda4f077071ffe912fad3a7c641757b33639a,target_benchmark/Closure_159b/metadata.json,target_benchmark/Closure_159b/defects4j_info.txt
Closure,15,Closure_15b,15b,com.google.javascript.jscomp.FlowSensitiveInlineVariables,1,1,target_benchmark/Closure_15b/source/com/google/javascript/jscomp/FlowSensitiveInlineVariables.java,OK,58e4073967ceb43ef4724c27e29a018cb8b90561074c24400f7e06c980634903,target_benchmark/Closure_15b/metadata.json,target_benchmark/Closure_15b/defects4j_info.txt
Closure,160,Closure_160b,160b,com.google.javascript.jscomp.Compiler,1,1,target_benchmark/Closure_160b/source/com/google/javascript/jscomp/Compiler.java,OK,89af04b424209ff6bd542a32b134c290fbd049e473b7b8f1c7aac9aad2a6bf0f,target_benchmark/Closure_160b/metadata.json,target_benchmark/Closure_160b/defects4j_info.txt
Closure,161,Closure_161b,161b,com.google.javascript.jscomp.PeepholeFoldConstants,1,1,target_benchmark/Closure_161b/source/com/google/javascript/jscomp/PeepholeFoldConstants.java,OK,2b2987b5463466f032206b9d4611493affa0e43e4641bd2c80b538d004eb3e56,target_benchmark/Closure_161b/metadata.json,target_benchmark/Closure_161b/defects4j_info.txt
Closure,162,Closure_162b,162b,com.google.javascript.jscomp.Scope,1,2,target_benchmark/Closure_162b/source/com/google/javascript/jscomp/Scope.java,OK,9153e50843827b02264d819fcf0b8c321453ec171ebb570cfb30a5242c77408f,target_benchmark/Closure_162b/metadata.json,target_benchmark/Closure_162b/defects4j_info.txt
Closure,162,Closure_162b,162b,com.google.javascript.jscomp.ScopedAliases,2,2,target_benchmark/Closure_162b/source/com/google/javascript/jscomp/ScopedAliases.java,OK,f7ebcc1ea3defd233c9e7f005ccade85480af4214f04bbb49b796445ba616ee1,target_benchmark/Closure_162b/metadata.json,target_benchmark/Closure_162b/defects4j_info.txt
Closure,163,Closure_163b,163b,com.google.javascript.jscomp.AnalyzePrototypeProperties,1,2,target_benchmark/Closure_163b/source/com/google/javascript/jscomp/AnalyzePrototypeProperties.java,OK,7180978da0712e5b3ac1b1ff273657aafdeb60f4c0f9b93e4234673bab2d1598,target_benchmark/Closure_163b/metadata.json,target_benchmark/Closure_163b/defects4j_info.txt
Closure,163,Closure_163b,163b,com.google.javascript.jscomp.CrossModuleMethodMotion,2,2,target_benchmark/Closure_163b/source/com/google/javascript/jscomp/CrossModuleMethodMotion.java,OK,30489de34e3f629e3a95c0f88ce16e6ca98162f1a357a76edf147100b3ca0e99,target_benchmark/Closure_163b/metadata.json,target_benchmark/Closure_163b/defects4j_info.txt
Closure,164,Closure_164b,164b,com.google.javascript.rhino.jstype.ArrowType,1,1,target_benchmark/Closure_164b/source/com/google/javascript/rhino/jstype/ArrowType.java,OK,9123977aaeb2e36efc71f854c870f0cfd11c5a425788810577fd3817f58e4c70,target_benchmark/Closure_164b/metadata.json,target_benchmark/Closure_164b/defects4j_info.txt
Closure,165,Closure_165b,165b,com.google.javascript.rhino.jstype.JSTypeRegistry,1,4,target_benchmark/Closure_165b/source/com/google/javascript/rhino/jstype/JSTypeRegistry.java,OK,339d3e40e0c121e408aefeff4a03c814bacbb064bc64e3e524845f74268d802e,target_benchmark/Closure_165b/metadata.json,target_benchmark/Closure_165b/defects4j_info.txt
Closure,165,Closure_165b,165b,com.google.javascript.rhino.jstype.ObjectType,2,4,target_benchmark/Closure_165b/source/com/google/javascript/rhino/jstype/ObjectType.java,OK,38b4f1fa5df7862d780a740283f3eb626280d3d02ac67872acdbe95688e19dad,target_benchmark/Closure_165b/metadata.json,target_benchmark/Closure_165b/defects4j_info.txt
Closure,165,Closure_165b,165b,com.google.javascript.rhino.jstype.RecordType,3,4,target_benchmark/Closure_165b/source/com/google/javascript/rhino/jstype/RecordType.java,OK,9890b9f8f3d555f94885faf204abad355aa2ce4ba3e12894338af03ae0f77f10,target_benchmark/Closure_165b/metadata.json,target_benchmark/Closure_165b/defects4j_info.txt
Closure,165,Closure_165b,165b,com.google.javascript.rhino.jstype.RecordTypeBuilder,4,4,target_benchmark/Closure_165b/source/com/google/javascript/rhino/jstype/RecordTypeBuilder.java,OK,f83ec64aad0dc5e359930c2634202777d3a298fe5881637bbeb9f3e128cc041f,target_benchmark/Closure_165b/metadata.json,target_benchmark/Closure_165b/defects4j_info.txt
Closure,166,Closure_166b,166b,com.google.javascript.rhino.jstype.PrototypeObjectType,1,1,target_benchmark/Closure_166b/source/com/google/javascript/rhino/jstype/PrototypeObjectType.java,OK,5ac0ae9efd4929f2320ee7acf501f56318c68de2709bf93ec0c5558982ce2f3f,target_benchmark/Closure_166b/metadata.json,target_benchmark/Closure_166b/defects4j_info.txt
Closure,167,Closure_167b,167b,com.google.javascript.jscomp.type.SemanticReverseAbstractInterpreter,1,2,target_benchmark/Closure_167b/source/com/google/javascript/jscomp/type/SemanticReverseAbstractInterpreter.java,OK,1351222077ee257327444a2d6db794e193598d48011cd27f0a19921992fc0cc7,target_benchmark/Closure_167b/metadata.json,target_benchmark/Closure_167b/defects4j_info.txt
Closure,167,Closure_167b,167b,com.google.javascript.rhino.jstype.JSType,2,2,target_benchmark/Closure_167b/source/com/google/javascript/rhino/jstype/JSType.java,OK,bcd0085537a37f6957d486ff8f4c6ec73e7ea1f0d768123a5ebacf184d79845b,target_benchmark/Closure_167b/metadata.json,target_benchmark/Closure_167b/defects4j_info.txt
Closure,168,Closure_168b,168b,com.google.javascript.jscomp.TypedScopeCreator,1,1,target_benchmark/Closure_168b/source/com/google/javascript/jscomp/TypedScopeCreator.java,OK,9c8ee2effb89dae72a1269acb0211da5389dcee5ca47a8d4bc9e6bae14dac2c2,target_benchmark/Closure_168b/metadata.json,target_benchmark/Closure_168b/defects4j_info.txt
Closure,169,Closure_169b,169b,com.google.javascript.rhino.jstype.ArrowType,1,6,target_benchmark/Closure_169b/source/com/google/javascript/rhino/jstype/ArrowType.java,OK,ddf6e6b4752a113e04eb402401b323e84543e8913516dc711ad023b19e044879,target_benchmark/Closure_169b/metadata.json,target_benchmark/Closure_169b/defects4j_info.txt
Closure,169,Closure_169b,169b,com.google.javascript.rhino.jstype.EquivalenceMethod,2,6,,SOURCE_NOT_FOUND,,target_benchmark/Closure_169b/metadata.json,target_benchmark/Closure_169b/defects4j_info.txt
Closure,169,Closure_169b,169b,com.google.javascript.rhino.jstype.FunctionType,3,6,target_benchmark/Closure_169b/source/com/google/javascript/rhino/jstype/FunctionType.java,OK,9457bbfe87794f511b8cadc3e9a68eac88d03f77b611bd590642d750f4b33335,target_benchmark/Closure_169b/metadata.json,target_benchmark/Closure_169b/defects4j_info.txt
Closure,169,Closure_169b,169b,com.google.javascript.rhino.jstype.JSType,4,6,target_benchmark/Closure_169b/source/com/google/javascript/rhino/jstype/JSType.java,OK,a9d93d0849fd4e19c59c69118cb7eeef193e91cea5f03c4318eeaa4dfde57c91,target_benchmark/Closure_169b/metadata.json,target_benchmark/Closure_169b/defects4j_info.txt
Closure,169,Closure_169b,169b,com.google.javascript.rhino.jstype.RecordType,5,6,target_benchmark/Closure_169b/source/com/google/javascript/rhino/jstype/RecordType.java,OK,1755bcdecc8953cc88a96a5aa64d14846536cd68b77949f0a39ccc49a2fd9db1,target_benchmark/Closure_169b/metadata.json,target_benchmark/Closure_169b/defects4j_info.txt
Closure,169,Closure_169b,169b,com.google.javascript.rhino.jstype.UnionType,6,6,target_benchmark/Closure_169b/source/com/google/javascript/rhino/jstype/UnionType.java,OK,e413b7e5282259272cea121a63ffac8fe0bec6d976c4b74770e7e637368059f0,target_benchmark/Closure_169b/metadata.json,target_benchmark/Closure_169b/defects4j_info.txt
Closure,16,Closure_16b,16b,com.google.javascript.jscomp.ScopedAliases,1,1,target_benchmark/Closure_16b/source/com/google/javascript/jscomp/ScopedAliases.java,OK,aad48d99e4b63bed5fb01563a5e07cb01544e5e812f49ba113499e96f49407eb,target_benchmark/Closure_16b/metadata.json,target_benchmark/Closure_16b/defects4j_info.txt
Closure,170,Closure_170b,170b,com.google.javascript.jscomp.FlowSensitiveInlineVariables,1,1,target_benchmark/Closure_170b/source/com/google/javascript/jscomp/FlowSensitiveInlineVariables.java,OK,66e1909239acaeb07fddca48bf31958dfe1864e93dbc8f91896a92938477d383,target_benchmark/Closure_170b/metadata.json,target_benchmark/Closure_170b/defects4j_info.txt
Closure,171,Closure_171b,171b,com.google.javascript.jscomp.TypeInference,1,2,target_benchmark/Closure_171b/source/com/google/javascript/jscomp/TypeInference.java,OK,cbd62cb227b7509a2c3c2b693abb4419efcdd5e8f0c656d9718234e0cf7b9587,target_benchmark/Closure_171b/metadata.json,target_benchmark/Closure_171b/defects4j_info.txt
Closure,171,Closure_171b,171b,com.google.javascript.jscomp.TypedScopeCreator,2,2,target_benchmark/Closure_171b/source/com/google/javascript/jscomp/TypedScopeCreator.java,OK,a4cd43ff79b8453c819472f94ce8482b6ef89edf8449c749330fe66dc9f225dc,target_benchmark/Closure_171b/metadata.json,target_benchmark/Closure_171b/defects4j_info.txt
Closure,172,Closure_172b,172b,com.google.javascript.jscomp.TypedScopeCreator,1,1,target_benchmark/Closure_172b/source/com/google/javascript/jscomp/TypedScopeCreator.java,OK,d7ef1d77866fc5e602c15d47ce8322cc6011392f75b8afe32b45f572059e025c,target_benchmark/Closure_172b/metadata.json,target_benchmark/Closure_172b/defects4j_info.txt
Closure,173,Closure_173b,173b,com.google.javascript.jscomp.CodeGenerator,1,2,target_benchmark/Closure_173b/source/com/google/javascript/jscomp/CodeGenerator.java,OK,2f6d37d86b509963a982457ab5c5865b39f59077bb71d88f4723f46a33046639,target_benchmark/Closure_173b/metadata.json,target_benchmark/Closure_173b/defects4j_info.txt
Closure,173,Closure_173b,173b,com.google.javascript.jscomp.PeepholeSubstituteAlternateSyntax,2,2,target_benchmark/Closure_173b/source/com/google/javascript/jscomp/PeepholeSubstituteAlternateSyntax.java,OK,8946a43487376e8704f8d0b7d86eac7adf41d4f31e90769ee1d4380816e59173,target_benchmark/Closure_173b/metadata.json,target_benchmark/Closure_173b/defects4j_info.txt
Closure,174,Closure_174b,174b,com.google.javascript.jscomp.JsAst,1,3,target_benchmark/Closure_174b/source/com/google/javascript/jscomp/JsAst.java,OK,cbd56fbdbf26bcc778e1abe242f8a7b1d8e5e9267e9ff830b361de180928c546,target_benchmark/Closure_174b/metadata.json,target_benchmark/Closure_174b/defects4j_info.txt
Closure,174,Closure_174b,174b,com.google.javascript.jscomp.NodeUtil,2,3,target_benchmark/Closure_174b/source/com/google/javascript/jscomp/NodeUtil.java,OK,2ff90ffe81980f9e49d6e8d9b51ea5a5667553c7071063b9f74816bacc8a004e,target_benchmark/Closure_174b/metadata.json,target_benchmark/Closure_174b/defects4j_info.txt
Closure,174,Closure_174b,174b,com.google.javascript.jscomp.ScopedAliases,3,3,target_benchmark/Closure_174b/source/com/google/javascript/jscomp/ScopedAliases.java,OK,c8a355c3186cdafc52e40b52e4339f9a3a62d6c66fb14d747917909f8a3d0624,target_benchmark/Closure_174b/metadata.json,target_benchmark/Closure_174b/defects4j_info.txt
Closure,175,Closure_175b,175b,com.google.javascript.jscomp.FunctionInjector,1,1,target_benchmark/Closure_175b/source/com/google/javascript/jscomp/FunctionInjector.java,OK,d4a3c416262eaecda734614fe41f0040a0277468556d4c90209dec25f4b9f383,target_benchmark/Closure_175b/metadata.json,target_benchmark/Closure_175b/defects4j_info.txt
Closure,176,Closure_176b,176b,com.google.javascript.jscomp.TypeInference,1,1,target_benchmark/Closure_176b/source/com/google/javascript/jscomp/TypeInference.java,OK,05a09637b8423035e9aa8644e7d790a71d36f14a7267928fa071ee641e9d10d1,target_benchmark/Closure_176b/metadata.json,target_benchmark/Closure_176b/defects4j_info.txt
Closure,17,Closure_17b,17b,com.google.javascript.jscomp.TypedScopeCreator,1,1,target_benchmark/Closure_17b/source/com/google/javascript/jscomp/TypedScopeCreator.java,OK,ca6b7b9e2dc4c4071957217c7346ebcfb6962924202eca4282de0f34aab060ee,target_benchmark/Closure_17b/metadata.json,target_benchmark/Closure_17b/defects4j_info.txt
Closure,18,Closure_18b,18b,com.google.javascript.jscomp.Compiler,1,1,target_benchmark/Closure_18b/source/com/google/javascript/jscomp/Compiler.java,OK,4bba548277f46df4f95096caf08ba9d087d2e5dd454873bf2d71b5a76811ef0f,target_benchmark/Closure_18b/metadata.json,target_benchmark/Closure_18b/defects4j_info.txt
Closure,19,Closure_19b,19b,com.google.javascript.jscomp.type.ChainableReverseAbstractInterpreter,1,1,target_benchmark/Closure_19b/source/com/google/javascript/jscomp/type/ChainableReverseAbstractInterpreter.java,OK,ca6f18a12e2200c57a3f9bc463172eaf72ed453d1286e17aefbacdc444ea5d74,target_benchmark/Closure_19b/metadata.json,target_benchmark/Closure_19b/defects4j_info.txt
Closure,1,Closure_1b,1b,com.google.javascript.jscomp.RemoveUnusedVars,1,1,target_benchmark/Closure_1b/source/com/google/javascript/jscomp/RemoveUnusedVars.java,OK,9ccb39d05df591ca0e403b04a20daf345b9f46b404be6c868badc650204a6985,target_benchmark/Closure_1b/metadata.json,target_benchmark/Closure_1b/defects4j_info.txt
Closure,20,Closure_20b,20b,com.google.javascript.jscomp.PeepholeSubstituteAlternateSyntax,1,1,target_benchmark/Closure_20b/source/com/google/javascript/jscomp/PeepholeSubstituteAlternateSyntax.java,OK,5855f9c3791723db649e56546c93d7319d7643560f16363237a39ded028f6724,target_benchmark/Closure_20b/metadata.json,target_benchmark/Closure_20b/defects4j_info.txt
Closure,21,Closure_21b,21b,com.google.javascript.jscomp.CheckSideEffects,1,1,target_benchmark/Closure_21b/source/com/google/javascript/jscomp/CheckSideEffects.java,OK,4e7df3a046cf1f71f647ea03a7edaade4b6d8d4ccbedbd84d294517785bebc4b,target_benchmark/Closure_21b/metadata.json,target_benchmark/Closure_21b/defects4j_info.txt
Closure,22,Closure_22b,22b,com.google.javascript.jscomp.CheckSideEffects,1,1,target_benchmark/Closure_22b/source/com/google/javascript/jscomp/CheckSideEffects.java,OK,fc2b0e5a6107f9414ff862b699e71dfcb8a002a3fe82d506811069d4b983ab6a,target_benchmark/Closure_22b/metadata.json,target_benchmark/Closure_22b/defects4j_info.txt
Closure,23,Closure_23b,23b,com.google.javascript.jscomp.PeepholeFoldConstants,1,1,target_benchmark/Closure_23b/source/com/google/javascript/jscomp/PeepholeFoldConstants.java,OK,6996882768ad90bf81abd7c8937c4f917f3b6cc8c03d36bdca87e6eeab51401a,target_benchmark/Closure_23b/metadata.json,target_benchmark/Closure_23b/defects4j_info.txt
Closure,24,Closure_24b,24b,com.google.javascript.jscomp.ScopedAliases,1,1,target_benchmark/Closure_24b/source/com/google/javascript/jscomp/ScopedAliases.java,OK,bc5c9f5ffa703e3b0eebbdf7545b58a5697ddd803f5d71ee67555acc50f3ebe9,target_benchmark/Closure_24b/metadata.json,target_benchmark/Closure_24b/defects4j_info.txt
Closure,25,Closure_25b,25b,com.google.javascript.jscomp.TypeInference,1,1,target_benchmark/Closure_25b/source/com/google/javascript/jscomp/TypeInference.java,OK,298daae670e192eb3cb8df36b1600875ca28be037c2b1b6a2b12f9d5552a992e,target_benchmark/Closure_25b/metadata.json,target_benchmark/Closure_25b/defects4j_info.txt
Closure,26,Closure_26b,26b,com.google.javascript.jscomp.ProcessCommonJSModules,1,1,target_benchmark/Closure_26b/source/com/google/javascript/jscomp/ProcessCommonJSModules.java,OK,b1f6ed6c4b30aad1c6559f403e6156dcf6a3ea354545e62a84101f86e3cf3407,target_benchmark/Closure_26b/metadata.json,target_benchmark/Closure_26b/defects4j_info.txt
Closure,27,Closure_27b,27b,com.google.javascript.rhino.IR,1,1,target_benchmark/Closure_27b/source/com/google/javascript/rhino/IR.java,OK,c7ff6ddcc1561bd09e57a20fe50f3c51e1bf27740692eb37b8819b9302cb58e4,target_benchmark/Closure_27b/metadata.json,target_benchmark/Closure_27b/defects4j_info.txt
Closure,28,Closure_28b,28b,com.google.javascript.jscomp.InlineCostEstimator,1,1,target_benchmark/Closure_28b/source/com/google/javascript/jscomp/InlineCostEstimator.java,OK,b13bc2b0086095a0662d3d3f4b9eeb85e2fd16d55e2dab35e1a4433b8be560ce,target_benchmark/Closure_28b/metadata.json,target_benchmark/Closure_28b/defects4j_info.txt
Closure,29,Closure_29b,29b,com.google.javascript.jscomp.InlineObjectLiterals,1,1,target_benchmark/Closure_29b/source/com/google/javascript/jscomp/InlineObjectLiterals.java,OK,0d7e6ff0dd89af1ba978867ff69860ade53942db5ef7e30e4023ebfb268121dc,target_benchmark/Closure_29b/metadata.json,target_benchmark/Closure_29b/defects4j_info.txt
Closure,2,Closure_2b,2b,com.google.javascript.jscomp.TypeCheck,1,1,target_benchmark/Closure_2b/source/com/google/javascript/jscomp/TypeCheck.java,OK,a74e546d21aec7ed8f5cce52e8fd8c305106540f97f2f7df1bacf389a4389fff,target_benchmark/Closure_2b/metadata.json,target_benchmark/Closure_2b/defects4j_info.txt
Closure,30,Closure_30b,30b,com.google.javascript.jscomp.FlowSensitiveInlineVariables,1,2,target_benchmark/Closure_30b/source/com/google/javascript/jscomp/FlowSensitiveInlineVariables.java,OK,bae6266686554453b6a89024f7776b97d7775817d12ceb1baa4b1b52cbc6b0fe,target_benchmark/Closure_30b/metadata.json,target_benchmark/Closure_30b/defects4j_info.txt
Closure,30,Closure_30b,30b,com.google.javascript.jscomp.MustBeReachingVariableDef,2,2,target_benchmark/Closure_30b/source/com/google/javascript/jscomp/MustBeReachingVariableDef.java,OK,604a8bae4adc26bff83adf10b7283757b6d37bbbdee117b52950e3d9e8800b68,target_benchmark/Closure_30b/metadata.json,target_benchmark/Closure_30b/defects4j_info.txt
Closure,31,Closure_31b,31b,com.google.javascript.jscomp.Compiler,1,1,target_benchmark/Closure_31b/source/com/google/javascript/jscomp/Compiler.java,OK,1810291e600632978f350e5880a5f1a5c604415457301fc405866a39b66f4265,target_benchmark/Closure_31b/metadata.json,target_benchmark/Closure_31b/defects4j_info.txt
Closure,32,Closure_32b,32b,com.google.javascript.jscomp.parsing.JsDocInfoParser,1,1,target_benchmark/Closure_32b/source/com/google/javascript/jscomp/parsing/JsDocInfoParser.java,OK,a1f3a3919bdc17d4632ee38243c16f20f148db1ffbf577462b29ac7013f73947,target_benchmark/Closure_32b/metadata.json,target_benchmark/Closure_32b/defects4j_info.txt
Closure,33,Closure_33b,33b,com.google.javascript.rhino.jstype.PrototypeObjectType,1,1,target_benchmark/Closure_33b/source/com/google/javascript/rhino/jstype/PrototypeObjectType.java,OK,20154b128202ef0e59b2f3f0177319b6718f33861e4330af50be939997715695,target_benchmark/Closure_33b/metadata.json,target_benchmark/Closure_33b/defects4j_info.txt
Closure,34,Closure_34b,34b,com.google.javascript.jscomp.CodeGenerator,1,2,target_benchmark/Closure_34b/source/com/google/javascript/jscomp/CodeGenerator.java,OK,a447fc958020e6885b256802470cfe8727e10727c75bf2d7fabdf66ca7c1f907,target_benchmark/Closure_34b/metadata.json,target_benchmark/Closure_34b/defects4j_info.txt
Closure,34,Closure_34b,34b,com.google.javascript.jscomp.CodePrinter,2,2,target_benchmark/Closure_34b/source/com/google/javascript/jscomp/CodePrinter.java,OK,8ccac8e44aadbe4adaded8c04749e90335ea5fcc0be7ba5600a8eb8d06150af8,target_benchmark/Closure_34b/metadata.json,target_benchmark/Closure_34b/defects4j_info.txt
Closure,35,Closure_35b,35b,com.google.javascript.jscomp.TypeInference,1,1,target_benchmark/Closure_35b/source/com/google/javascript/jscomp/TypeInference.java,OK,0c6895109c327cff5a48b2914fd23b150bc9fc787db0316b8cfc5c26221f8667,target_benchmark/Closure_35b/metadata.json,target_benchmark/Closure_35b/defects4j_info.txt
Closure,36,Closure_36b,36b,com.google.javascript.jscomp.InlineVariables,1,1,target_benchmark/Closure_36b/source/com/google/javascript/jscomp/InlineVariables.java,OK,c0852fcd7d5da9ababe47271c566b2bc5fdd21ec48be2021193b328d39d269f0,target_benchmark/Closure_36b/metadata.json,target_benchmark/Closure_36b/defects4j_info.txt
Closure,37,Closure_37b,37b,com.google.javascript.jscomp.NodeTraversal,1,2,target_benchmark/Closure_37b/source/com/google/javascript/jscomp/NodeTraversal.java,OK,2506791ef7458ccb23b6ef91781f648f6bb0eeb2b55a7226c8030a36906330e7,target_benchmark/Closure_37b/metadata.json,target_benchmark/Closure_37b/defects4j_info.txt
Closure,37,Closure_37b,37b,com.google.javascript.jscomp.parsing.IRFactory,2,2,target_benchmark/Closure_37b/source/com/google/javascript/jscomp/parsing/IRFactory.java,OK,7abdff329c62f32be69af26124082d20d55aeb2efe9bc016c409565dd9b90a38,target_benchmark/Closure_37b/metadata.json,target_benchmark/Closure_37b/defects4j_info.txt
Closure,38,Closure_38b,38b,com.google.javascript.jscomp.CodeConsumer,1,1,target_benchmark/Closure_38b/source/com/google/javascript/jscomp/CodeConsumer.java,OK,14311006615d4f7d602cf1d5701e8caa0dc6ea43e8d7bdd77d2508b7c0842be6,target_benchmark/Closure_38b/metadata.json,target_benchmark/Closure_38b/defects4j_info.txt
Closure,39,Closure_39b,39b,com.google.javascript.rhino.jstype.PrototypeObjectType,1,1,target_benchmark/Closure_39b/source/com/google/javascript/rhino/jstype/PrototypeObjectType.java,OK,a23b88af970b92889fc1f648121eff7e6c0ad82cb10130be187503f0bb9458b2,target_benchmark/Closure_39b/metadata.json,target_benchmark/Closure_39b/defects4j_info.txt
Closure,3,Closure_3b,3b,com.google.javascript.jscomp.FlowSensitiveInlineVariables,1,1,target_benchmark/Closure_3b/source/com/google/javascript/jscomp/FlowSensitiveInlineVariables.java,OK,d4a9dd3dc28f605fbd87dd97212640a50a656ea126e4d925174a5cb040530bf6,target_benchmark/Closure_3b/metadata.json,target_benchmark/Closure_3b/defects4j_info.txt
Closure,40,Closure_40b,40b,com.google.javascript.jscomp.NameAnalyzer,1,1,target_benchmark/Closure_40b/source/com/google/javascript/jscomp/NameAnalyzer.java,OK,1a23d6dfd0a5ea27c4d908849a76f2d2b0971f40552f9435d61f86fdf8a82d95,target_benchmark/Closure_40b/metadata.json,target_benchmark/Closure_40b/defects4j_info.txt
Closure,41,Closure_41b,41b,com.google.javascript.jscomp.FunctionTypeBuilder,1,1,target_benchmark/Closure_41b/source/com/google/javascript/jscomp/FunctionTypeBuilder.java,OK,b035d91aa5675de90df786f37938e7349c4b6b00ae50b2b761b5cae8680126e8,target_benchmark/Closure_41b/metadata.json,target_benchmark/Closure_41b/defects4j_info.txt
Closure,42,Closure_42b,42b,com.google.javascript.jscomp.parsing.IRFactory,1,1,target_benchmark/Closure_42b/source/com/google/javascript/jscomp/parsing/IRFactory.java,OK,71c7235239703d3f4f916f3539e746474ac690a01a8a6a13ca22b396f3d97812,target_benchmark/Closure_42b/metadata.json,target_benchmark/Closure_42b/defects4j_info.txt
Closure,43,Closure_43b,43b,com.google.javascript.jscomp.TypedScopeCreator,1,1,target_benchmark/Closure_43b/source/com/google/javascript/jscomp/TypedScopeCreator.java,OK,a26a48d6955a6cb62eecf341e2daf74b2c8cde67a60015f5de4383471664fa61,target_benchmark/Closure_43b/metadata.json,target_benchmark/Closure_43b/defects4j_info.txt
Closure,44,Closure_44b,44b,com.google.javascript.jscomp.CodeConsumer,1,1,target_benchmark/Closure_44b/source/com/google/javascript/jscomp/CodeConsumer.java,OK,dafe64d5862ef3169efb81ffdf23d2fb69e076240c931e75744f7d5346335f62,target_benchmark/Closure_44b/metadata.json,target_benchmark/Closure_44b/defects4j_info.txt
Closure,45,Closure_45b,45b,com.google.javascript.jscomp.RemoveUnusedVars,1,1,target_benchmark/Closure_45b/source/com/google/javascript/jscomp/RemoveUnusedVars.java,OK,d6de630605101d3fe8accebc2a9576b6a2e0c5f384c765b6bc78dd3be648d011,target_benchmark/Closure_45b/metadata.json,target_benchmark/Closure_45b/defects4j_info.txt
Closure,46,Closure_46b,46b,com.google.javascript.rhino.jstype.RecordType,1,1,target_benchmark/Closure_46b/source/com/google/javascript/rhino/jstype/RecordType.java,OK,612070e99b1daf281aa4addfef708b619e890dbbc8e2421e62d8d08790154f42,target_benchmark/Closure_46b/metadata.json,target_benchmark/Closure_46b/defects4j_info.txt
Closure,47,Closure_47b,47b,com.google.debugging.sourcemap.SourceMapConsumerV3,1,2,target_benchmark/Closure_47b/source/com/google/debugging/sourcemap/SourceMapConsumerV3.java,OK,a092a08dfc8a6eff861ce0f8456f132f80061b419abf3f2eb57ab85038fad5e9,target_benchmark/Closure_47b/metadata.json,target_benchmark/Closure_47b/defects4j_info.txt
Closure,47,Closure_47b,47b,com.google.javascript.jscomp.SourceMap,2,2,target_benchmark/Closure_47b/source/com/google/javascript/jscomp/SourceMap.java,OK,9793d2e786684ed66176100502110b64e8b0ffb91a05f0d1cd8b4a83ae7ffaf4,target_benchmark/Closure_47b/metadata.json,target_benchmark/Closure_47b/defects4j_info.txt
Closure,48,Closure_48b,48b,com.google.javascript.jscomp.TypedScopeCreator,1,1,target_benchmark/Closure_48b/source/com/google/javascript/jscomp/TypedScopeCreator.java,OK,079245e436d9618ed25235909b09220ddc21974c2133ce13cfe6e565bae72513,target_benchmark/Closure_48b/metadata.json,target_benchmark/Closure_48b/defects4j_info.txt
Closure,49,Closure_49b,49b,com.google.javascript.jscomp.MakeDeclaredNamesUnique,1,1,target_benchmark/Closure_49b/source/com/google/javascript/jscomp/MakeDeclaredNamesUnique.java,OK,13fb8f3869ac4c4235546d22fbcabd90c95db26e0f66602c28462f4bcaf393a2,target_benchmark/Closure_49b/metadata.json,target_benchmark/Closure_49b/defects4j_info.txt
Closure,4,Closure_4b,4b,com.google.javascript.rhino.jstype.NamedType,1,1,target_benchmark/Closure_4b/source/com/google/javascript/rhino/jstype/NamedType.java,OK,69df6445be31806b70f61381eae1dcdfb56e4183a4a630f92cb2506768e21576,target_benchmark/Closure_4b/metadata.json,target_benchmark/Closure_4b/defects4j_info.txt
Closure,50,Closure_50b,50b,com.google.javascript.jscomp.PeepholeReplaceKnownMethods,1,1,target_benchmark/Closure_50b/source/com/google/javascript/jscomp/PeepholeReplaceKnownMethods.java,OK,509e7e988d7af87c99a5858ede63a03c9a92ce1218a7d79d88a9707942940150,target_benchmark/Closure_50b/metadata.json,target_benchmark/Closure_50b/defects4j_info.txt
Closure,51,Closure_51b,51b,com.google.javascript.jscomp.CodeConsumer,1,1,target_benchmark/Closure_51b/source/com/google/javascript/jscomp/CodeConsumer.java,OK,e604da279be79b5d62acb0bcb6be41e0091e44150d6cd7d7467ffc428c74749c,target_benchmark/Closure_51b/metadata.json,target_benchmark/Closure_51b/defects4j_info.txt
Closure,52,Closure_52b,52b,com.google.javascript.jscomp.CodeGenerator,1,1,target_benchmark/Closure_52b/source/com/google/javascript/jscomp/CodeGenerator.java,OK,c974434a3e037a70c411e608d8dcb12bf3693f7066f9a4f9c7a4644798aa6ea2,target_benchmark/Closure_52b/metadata.json,target_benchmark/Closure_52b/defects4j_info.txt
Closure,53,Closure_53b,53b,com.google.javascript.jscomp.InlineObjectLiterals,1,1,target_benchmark/Closure_53b/source/com/google/javascript/jscomp/InlineObjectLiterals.java,OK,2ba48b13bdb5360c87a746f26e1a85bd3a9204d36e55d0158c014956c0588a69,target_benchmark/Closure_53b/metadata.json,target_benchmark/Closure_53b/defects4j_info.txt
Closure,54,Closure_54b,54b,com.google.javascript.jscomp.TypedScopeCreator,1,2,target_benchmark/Closure_54b/source/com/google/javascript/jscomp/TypedScopeCreator.java,OK,928a81b556b51132f0273e3bd5281931ad841eeedde8f1ad77ced4a2329191f4,target_benchmark/Closure_54b/metadata.json,target_benchmark/Closure_54b/defects4j_info.txt
Closure,54,Closure_54b,54b,com.google.javascript.rhino.jstype.FunctionType,2,2,target_benchmark/Closure_54b/source/com/google/javascript/rhino/jstype/FunctionType.java,OK,a296453d9139c7c57764bbbe3ea071b2371ef4541f2b06b686613debde67c35f,target_benchmark/Closure_54b/metadata.json,target_benchmark/Closure_54b/defects4j_info.txt
Closure,55,Closure_55b,55b,com.google.javascript.jscomp.FunctionRewriter,1,1,target_benchmark/Closure_55b/source/com/google/javascript/jscomp/FunctionRewriter.java,OK,dff590ace292f05e47a00a4a966b5c43eb63d26c4a1a3c4452f72a84ebdb255f,target_benchmark/Closure_55b/metadata.json,target_benchmark/Closure_55b/defects4j_info.txt
Closure,56,Closure_56b,56b,com.google.javascript.jscomp.SourceFile,1,1,target_benchmark/Closure_56b/source/com/google/javascript/jscomp/SourceFile.java,OK,c7791a54f32fb35d3608e1f16797c8cd44f9b82a113f701567c6c4dc533b3c13,target_benchmark/Closure_56b/metadata.json,target_benchmark/Closure_56b/defects4j_info.txt
Closure,57,Closure_57b,57b,com.google.javascript.jscomp.ClosureCodingConvention,1,1,target_benchmark/Closure_57b/source/com/google/javascript/jscomp/ClosureCodingConvention.java,OK,b2f7c982d71e4af6398767b49ac1e30f01660679ef911dc123df1dcc8311afc9,target_benchmark/Closure_57b/metadata.json,target_benchmark/Closure_57b/defects4j_info.txt
Closure,58,Closure_58b,58b,com.google.javascript.jscomp.LiveVariablesAnalysis,1,1,target_benchmark/Closure_58b/source/com/google/javascript/jscomp/LiveVariablesAnalysis.java,OK,08a6de52ee1c7cb36abd7b7d0a349f2954129f7d74de3e96a393a54cf25b572a,target_benchmark/Closure_58b/metadata.json,target_benchmark/Closure_58b/defects4j_info.txt
Closure,59,Closure_59b,59b,com.google.javascript.jscomp.Compiler,1,1,target_benchmark/Closure_59b/source/com/google/javascript/jscomp/Compiler.java,OK,5a4721e340e18e89c81007eac263ed1aefc84dadbe6e21dad201738bab3aff03,target_benchmark/Closure_59b/metadata.json,target_benchmark/Closure_59b/defects4j_info.txt
Closure,5,Closure_5b,5b,com.google.javascript.jscomp.InlineObjectLiterals,1,1,target_benchmark/Closure_5b/source/com/google/javascript/jscomp/InlineObjectLiterals.java,OK,628e59152edca7bcc6f6a5bd30951c8f2e88174b7653da5e4a587e994766fb39,target_benchmark/Closure_5b/metadata.json,target_benchmark/Closure_5b/defects4j_info.txt
Closure,60,Closure_60b,60b,com.google.javascript.jscomp.NodeUtil,1,1,target_benchmark/Closure_60b/source/com/google/javascript/jscomp/NodeUtil.java,OK,a50e049e13e2373e6eea1d1d923315b5ced678c40d5fca7c3f7c8f24e8bb6695,target_benchmark/Closure_60b/metadata.json,target_benchmark/Closure_60b/defects4j_info.txt
Closure,61,Closure_61b,61b,com.google.javascript.jscomp.NodeUtil,1,1,target_benchmark/Closure_61b/source/com/google/javascript/jscomp/NodeUtil.java,OK,c0fdda3d18fd901d03b20fd0b7a64c3f9502ef22860a44c2942d38b306c4eab0,target_benchmark/Closure_61b/metadata.json,target_benchmark/Closure_61b/defects4j_info.txt
Closure,62,Closure_62b,62b,com.google.javascript.jscomp.LightweightMessageFormatter,1,1,target_benchmark/Closure_62b/source/com/google/javascript/jscomp/LightweightMessageFormatter.java,OK,14ca8ac91c90340612a3589aa63ea2e23bbf11c2337f6eb5e4e22d2579e050d4,target_benchmark/Closure_62b/metadata.json,target_benchmark/Closure_62b/defects4j_info.txt
Closure,64,Closure_64b,64b,com.google.javascript.jscomp.Compiler,1,1,target_benchmark/Closure_64b/source/com/google/javascript/jscomp/Compiler.java,OK,66caf520eb370c05b17444c60768d3cf64022aee199cabb40fddb3015a900e1e,target_benchmark/Closure_64b/metadata.json,target_benchmark/Closure_64b/defects4j_info.txt
Closure,65,Closure_65b,65b,com.google.javascript.jscomp.CodeGenerator,1,1,target_benchmark/Closure_65b/source/com/google/javascript/jscomp/CodeGenerator.java,OK,8177e25a0d46bfc3c9610469d0050cab4bd3009dee9e5555ee3aa45a1f4da402,target_benchmark/Closure_65b/metadata.json,target_benchmark/Closure_65b/defects4j_info.txt
Closure,66,Closure_66b,66b,com.google.javascript.jscomp.TypeCheck,1,1,target_benchmark/Closure_66b/source/com/google/javascript/jscomp/TypeCheck.java,OK,a4256e3b5417b1d249ada55bebb41e747f1c39c68f96cbefd99a3d67160ee900,target_benchmark/Closure_66b/metadata.json,target_benchmark/Closure_66b/defects4j_info.txt
Closure,67,Closure_67b,67b,com.google.javascript.jscomp.AnalyzePrototypeProperties,1,1,target_benchmark/Closure_67b/source/com/google/javascript/jscomp/AnalyzePrototypeProperties.java,OK,2933caa9327a5d5b7bb37c726acf45ac8d69ae8fd0e01716dbd3331f7e912500,target_benchmark/Closure_67b/metadata.json,target_benchmark/Closure_67b/defects4j_info.txt
Closure,68,Closure_68b,68b,com.google.javascript.jscomp.parsing.JsDocInfoParser,1,1,target_benchmark/Closure_68b/source/com/google/javascript/jscomp/parsing/JsDocInfoParser.java,OK,4556a15c7ff645103b8017b393382e17e41adebb8a203176d55d799176208a0b,target_benchmark/Closure_68b/metadata.json,target_benchmark/Closure_68b/defects4j_info.txt
Closure,69,Closure_69b,69b,com.google.javascript.jscomp.TypeCheck,1,1,target_benchmark/Closure_69b/source/com/google/javascript/jscomp/TypeCheck.java,OK,80d88c7f7a35f5ff38e5da2ec4b9ffd6872405c6cc1dcc2fe3eeb21305100a74,target_benchmark/Closure_69b/metadata.json,target_benchmark/Closure_69b/defects4j_info.txt
Closure,6,Closure_6b,6b,com.google.javascript.jscomp.TypeValidator,1,1,target_benchmark/Closure_6b/source/com/google/javascript/jscomp/TypeValidator.java,OK,77e857048b7d0ab8c1bae887f69d2f611e90b8cf6a53610a17b4582b7a47b30e,target_benchmark/Closure_6b/metadata.json,target_benchmark/Closure_6b/defects4j_info.txt
Closure,70,Closure_70b,70b,com.google.javascript.jscomp.TypedScopeCreator,1,1,target_benchmark/Closure_70b/source/com/google/javascript/jscomp/TypedScopeCreator.java,OK,47323f9056be69cdd67b656f7ca10cc056113e8c0a7fd65b7afa82430210540e,target_benchmark/Closure_70b/metadata.json,target_benchmark/Closure_70b/defects4j_info.txt
Closure,71,Closure_71b,71b,com.google.javascript.jscomp.CheckAccessControls,1,1,target_benchmark/Closure_71b/source/com/google/javascript/jscomp/CheckAccessControls.java,OK,1ece885513bf311d463543a00ec297fcf9c8af8b924000b23cd762ac1c9cdc69,target_benchmark/Closure_71b/metadata.json,target_benchmark/Closure_71b/defects4j_info.txt
Closure,72,Closure_72b,72b,com.google.javascript.jscomp.FunctionToBlockMutator,1,2,target_benchmark/Closure_72b/source/com/google/javascript/jscomp/FunctionToBlockMutator.java,OK,5926c8d85057110689dc50c2f555db95e3c3b57384820ac4daa2f90a788781b6,target_benchmark/Closure_72b/metadata.json,target_benchmark/Closure_72b/defects4j_info.txt
Closure,72,Closure_72b,72b,com.google.javascript.jscomp.RenameLabels,2,2,target_benchmark/Closure_72b/source/com/google/javascript/jscomp/RenameLabels.java,OK,85c3b6e7b6ee06fa71f793ab96634a0e9a9e3ba98b390d56976277ad31388ce3,target_benchmark/Closure_72b/metadata.json,target_benchmark/Closure_72b/defects4j_info.txt
Closure,73,Closure_73b,73b,com.google.javascript.jscomp.CodeGenerator,1,1,target_benchmark/Closure_73b/source/com/google/javascript/jscomp/CodeGenerator.java,OK,baab55108ed473d15d16e98a93b5a5e7f01f0f38423ad8499f944f8d6b23a6ed,target_benchmark/Closure_73b/metadata.json,target_benchmark/Closure_73b/defects4j_info.txt
Closure,74,Closure_74b,74b,com.google.javascript.jscomp.PeepholeFoldConstants,1,1,target_benchmark/Closure_74b/source/com/google/javascript/jscomp/PeepholeFoldConstants.java,OK,fde258605537b8d83ea8c8079fc818ae7c2142f224f87a9cfa68c6a20729d6d4,target_benchmark/Closure_74b/metadata.json,target_benchmark/Closure_74b/defects4j_info.txt
Closure,75,Closure_75b,75b,com.google.javascript.jscomp.NodeUtil,1,1,target_benchmark/Closure_75b/source/com/google/javascript/jscomp/NodeUtil.java,OK,1ee6f2d3bf40fd2ae3a10e02218d702f3fa5f27c33a4d260f75f82d2f880579d,target_benchmark/Closure_75b/metadata.json,target_benchmark/Closure_75b/defects4j_info.txt
Closure,76,Closure_76b,76b,com.google.javascript.jscomp.DeadAssignmentsElimination,1,1,target_benchmark/Closure_76b/source/com/google/javascript/jscomp/DeadAssignmentsElimination.java,OK,fcd5eafa9d1c73ae0631d46d3a809b3e844daaca85ae0b1ee82cc0706494455d,target_benchmark/Closure_76b/metadata.json,target_benchmark/Closure_76b/defects4j_info.txt
Closure,77,Closure_77b,77b,com.google.javascript.jscomp.CodeGenerator,1,1,target_benchmark/Closure_77b/source/com/google/javascript/jscomp/CodeGenerator.java,OK,2f5d4aba37ea9200cd400d75478122dd0c2ed11ba391e1bcd9dae6346c4714cd,target_benchmark/Closure_77b/metadata.json,target_benchmark/Closure_77b/defects4j_info.txt
Closure,78,Closure_78b,78b,com.google.javascript.jscomp.PeepholeFoldConstants,1,1,target_benchmark/Closure_78b/source/com/google/javascript/jscomp/PeepholeFoldConstants.java,OK,99cfb71616aa930c0727b5fcd6a1484c8b6a5631e93d6bdc5bfed17406f002e9,target_benchmark/Closure_78b/metadata.json,target_benchmark/Closure_78b/defects4j_info.txt
Closure,79,Closure_79b,79b,com.google.javascript.jscomp.Normalize,1,2,target_benchmark/Closure_79b/source/com/google/javascript/jscomp/Normalize.java,OK,75722b3d1ec555dbfa9e914f8fa10eee95c4f2015ba41b0dc071391c0798e864,target_benchmark/Closure_79b/metadata.json,target_benchmark/Closure_79b/defects4j_info.txt
Closure,79,Closure_79b,79b,com.google.javascript.jscomp.VarCheck,2,2,target_benchmark/Closure_79b/source/com/google/javascript/jscomp/VarCheck.java,OK,53851e5e737d4c026706718806fd1cc52652ae9dced193d2bc668b00db2ace64,target_benchmark/Closure_79b/metadata.json,target_benchmark/Closure_79b/defects4j_info.txt
Closure,7,Closure_7b,7b,com.google.javascript.jscomp.type.ChainableReverseAbstractInterpreter,1,1,target_benchmark/Closure_7b/source/com/google/javascript/jscomp/type/ChainableReverseAbstractInterpreter.java,OK,686f17a4be770bbd0b41fa80e40de4b03e6fa91a7a2c91d07a7facb296d8b350,target_benchmark/Closure_7b/metadata.json,target_benchmark/Closure_7b/defects4j_info.txt
Closure,80,Closure_80b,80b,com.google.javascript.jscomp.NodeUtil,1,1,target_benchmark/Closure_80b/source/com/google/javascript/jscomp/NodeUtil.java,OK,fc31f314cd79990e05a2dc2600f403334be06ced4309f423d9ec9c0d3aad5578,target_benchmark/Closure_80b/metadata.json,target_benchmark/Closure_80b/defects4j_info.txt
Closure,81,Closure_81b,81b,com.google.javascript.jscomp.parsing.IRFactory,1,1,target_benchmark/Closure_81b/source/com/google/javascript/jscomp/parsing/IRFactory.java,OK,b209e1185f077b8f3c007873ef4a102b8fc8f03ba6e56bc74c1b7f4a4a37e3ea,target_benchmark/Closure_81b/metadata.json,target_benchmark/Closure_81b/defects4j_info.txt
Closure,82,Closure_82b,82b,com.google.javascript.rhino.jstype.JSType,1,1,target_benchmark/Closure_82b/source/com/google/javascript/rhino/jstype/JSType.java,OK,e6a93b05c89c53f372e448d543a103aad9ed383c1ca3cbc158d652672e4c6697,target_benchmark/Closure_82b/metadata.json,target_benchmark/Closure_82b/defects4j_info.txt
Closure,83,Closure_83b,83b,com.google.javascript.jscomp.CommandLineRunner,1,1,target_benchmark/Closure_83b/source/com/google/javascript/jscomp/CommandLineRunner.java,OK,61849ef425237167dd4208f02f6c5adfeacada6baadf584de8e2949b2e803972,target_benchmark/Closure_83b/metadata.json,target_benchmark/Closure_83b/defects4j_info.txt
Closure,84,Closure_84b,84b,com.google.javascript.jscomp.parsing.IRFactory,1,1,target_benchmark/Closure_84b/source/com/google/javascript/jscomp/parsing/IRFactory.java,OK,2812f2761924506cb26c5b918c755264d3cfa1f85d9484b3eef693f714a5bf74,target_benchmark/Closure_84b/metadata.json,target_benchmark/Closure_84b/defects4j_info.txt
Closure,85,Closure_85b,85b,com.google.javascript.jscomp.UnreachableCodeElimination,1,1,target_benchmark/Closure_85b/source/com/google/javascript/jscomp/UnreachableCodeElimination.java,OK,f3f27dba006723f264befdd8c6229174f37a185f43cb8dfbc83b529438d7bf23,target_benchmark/Closure_85b/metadata.json,target_benchmark/Closure_85b/defects4j_info.txt
Closure,86,Closure_86b,86b,com.google.javascript.jscomp.NodeUtil,1,1,target_benchmark/Closure_86b/source/com/google/javascript/jscomp/NodeUtil.java,OK,dc83edb8b8f32b1ce7565b2da8cdd420bee81e44fb16830292b9fdde2b47734d,target_benchmark/Closure_86b/metadata.json,target_benchmark/Closure_86b/defects4j_info.txt
Closure,87,Closure_87b,87b,com.google.javascript.jscomp.PeepholeSubstituteAlternateSyntax,1,1,target_benchmark/Closure_87b/source/com/google/javascript/jscomp/PeepholeSubstituteAlternateSyntax.java,OK,b44db38c156c9fcbea0e326d2de2082fa7435a5ba71e7d1a695ff196c6eb4306,target_benchmark/Closure_87b/metadata.json,target_benchmark/Closure_87b/defects4j_info.txt
Closure,88,Closure_88b,88b,com.google.javascript.jscomp.DeadAssignmentsElimination,1,1,target_benchmark/Closure_88b/source/com/google/javascript/jscomp/DeadAssignmentsElimination.java,OK,863e5396e0a1228f4f1371992c914880bb4971c6478f009ea4ba9d14f9f26eec,target_benchmark/Closure_88b/metadata.json,target_benchmark/Closure_88b/defects4j_info.txt
Closure,89,Closure_89b,89b,com.google.javascript.jscomp.CollapseProperties,1,2,target_benchmark/Closure_89b/source/com/google/javascript/jscomp/CollapseProperties.java,OK,2e79d0eb078e98076c0946e7df89064479e4e69915a8eb7b92a81187a0195bd6,target_benchmark/Closure_89b/metadata.json,target_benchmark/Closure_89b/defects4j_info.txt
Closure,89,Closure_89b,89b,com.google.javascript.jscomp.GlobalNamespace,2,2,target_benchmark/Closure_89b/source/com/google/javascript/jscomp/GlobalNamespace.java,OK,f11c26a97ed1e24a543f3d0ab5218a74d5beab875ebc45c4a8dd16bb26269308,target_benchmark/Closure_89b/metadata.json,target_benchmark/Closure_89b/defects4j_info.txt
Closure,8,Closure_8b,8b,com.google.javascript.jscomp.CollapseVariableDeclarations,1,1,target_benchmark/Closure_8b/source/com/google/javascript/jscomp/CollapseVariableDeclarations.java,OK,b1cfbdb24dcf845c1d39f128ec8e063493f9b499d3e0e806d8b19a40846390b0,target_benchmark/Closure_8b/metadata.json,target_benchmark/Closure_8b/defects4j_info.txt
Closure,90,Closure_90b,90b,com.google.javascript.jscomp.FunctionTypeBuilder,1,2,target_benchmark/Closure_90b/source/com/google/javascript/jscomp/FunctionTypeBuilder.java,OK,a7cefaccc4441e1e9305de09a2807b136886622c45b0a1329fbc55641d4766b2,target_benchmark/Closure_90b/metadata.json,target_benchmark/Closure_90b/defects4j_info.txt
Closure,90,Closure_90b,90b,com.google.javascript.rhino.jstype.FunctionType,2,2,target_benchmark/Closure_90b/source/com/google/javascript/rhino/jstype/FunctionType.java,OK,657cfcbf69ccf7d76559902192fc33c2560a42f04a92152bfc352dc15eab1bae,target_benchmark/Closure_90b/metadata.json,target_benchmark/Closure_90b/defects4j_info.txt
Closure,91,Closure_91b,91b,com.google.javascript.jscomp.CheckGlobalThis,1,1,target_benchmark/Closure_91b/source/com/google/javascript/jscomp/CheckGlobalThis.java,OK,ddbf052bf52b1b6c1920597fe2e893da10e975e171e6abd541c47f5c516667b8,target_benchmark/Closure_91b/metadata.json,target_benchmark/Closure_91b/defects4j_info.txt
Closure,92,Closure_92b,92b,com.google.javascript.jscomp.ProcessClosurePrimitives,1,1,target_benchmark/Closure_92b/source/com/google/javascript/jscomp/ProcessClosurePrimitives.java,OK,0986a72c05f58bb53791af53aaa9ab6e15022f828e1df037619fcf90e83f7da5,target_benchmark/Closure_92b/metadata.json,target_benchmark/Closure_92b/defects4j_info.txt
Closure,94,Closure_94b,94b,com.google.javascript.jscomp.NodeUtil,1,1,target_benchmark/Closure_94b/source/com/google/javascript/jscomp/NodeUtil.java,OK,f9aeaff5a5d9a5cde2e7235fd9fc87437f18b29410c242a5a3d2475d3f0ffe2b,target_benchmark/Closure_94b/metadata.json,target_benchmark/Closure_94b/defects4j_info.txt
Closure,95,Closure_95b,95b,com.google.javascript.jscomp.TypedScopeCreator,1,1,target_benchmark/Closure_95b/source/com/google/javascript/jscomp/TypedScopeCreator.java,OK,1b7f66564411169595707d7f166b7e05116b19d9712e50824174d73f38ab7fda,target_benchmark/Closure_95b/metadata.json,target_benchmark/Closure_95b/defects4j_info.txt
Closure,96,Closure_96b,96b,com.google.javascript.jscomp.TypeCheck,1,1,target_benchmark/Closure_96b/source/com/google/javascript/jscomp/TypeCheck.java,OK,49eb3ededfb62d1622252fb7d023159472ec976ff0130aa1168be254d2b15cd4,target_benchmark/Closure_96b/metadata.json,target_benchmark/Closure_96b/defects4j_info.txt
Closure,97,Closure_97b,97b,com.google.javascript.jscomp.PeepholeFoldConstants,1,1,target_benchmark/Closure_97b/source/com/google/javascript/jscomp/PeepholeFoldConstants.java,OK,5650ff0779e30caf352707cf0bc4358be3c41fca7bde6be722c4f94a1a06e662,target_benchmark/Closure_97b/metadata.json,target_benchmark/Closure_97b/defects4j_info.txt
Closure,98,Closure_98b,98b,com.google.javascript.jscomp.ReferenceCollectingCallback,1,1,target_benchmark/Closure_98b/source/com/google/javascript/jscomp/ReferenceCollectingCallback.java,OK,94d2ed772ca52d8d31eb143009631c984f40f724728519f446a7ae9872d2c319,target_benchmark/Closure_98b/metadata.json,target_benchmark/Closure_98b/defects4j_info.txt
Closure,99,Closure_99b,99b,com.google.javascript.jscomp.CheckGlobalThis,1,1,target_benchmark/Closure_99b/source/com/google/javascript/jscomp/CheckGlobalThis.java,OK,ae94b2d89df4472262dde47f1fa02a009ae57e46c533142baf812112fb3b5cef,target_benchmark/Closure_99b/metadata.json,target_benchmark/Closure_99b/defects4j_info.txt
Closure,9,Closure_9b,9b,com.google.javascript.jscomp.ProcessCommonJSModules,1,1,target_benchmark/Closure_9b/source/com/google/javascript/jscomp/ProcessCommonJSModules.java,OK,5d7841271026f10beb0029723a42be50b558d05ec0e1cf447d9daaccd16d6039,target_benchmark/Closure_9b/metadata.json,target_benchmark/Closure_9b/defects4j_info.txt
Codec,10,Codec_10b,10b,org.apache.commons.codec.language.Caverphone,1,1,target_benchmark/Codec_10b/source/org/apache/commons/codec/language/Caverphone.java,OK,87268af22fb64f8803aad3e1ea5a926addd28d5d7b25da2e418c9d777a666919,target_benchmark/Codec_10b/metadata.json,target_benchmark/Codec_10b/defects4j_info.txt
Codec,11,Codec_11b,11b,org.apache.commons.codec.net.QuotedPrintableCodec,1,1,target_benchmark/Codec_11b/source/org/apache/commons/codec/net/QuotedPrintableCodec.java,OK,8abac658320509e01d67e03fc348f48568ca23aa2ab1f1d8d741da3ce8ba91ce,target_benchmark/Codec_11b/metadata.json,target_benchmark/Codec_11b/defects4j_info.txt
Codec,12,Codec_12b,12b,org.apache.commons.codec.binary.BaseNCodecInputStream,1,1,target_benchmark/Codec_12b/source/org/apache/commons/codec/binary/BaseNCodecInputStream.java,OK,245923209e4233fd6d4bd99d4a43e848e38df6dca540ae566682d5dc34a0c148,target_benchmark/Codec_12b/metadata.json,target_benchmark/Codec_12b/defects4j_info.txt
Codec,13,Codec_13b,13b,org.apache.commons.codec.binary.CharSequenceUtils,1,3,,SOURCE_NOT_FOUND,,target_benchmark/Codec_13b/metadata.json,target_benchmark/Codec_13b/defects4j_info.txt
Codec,13,Codec_13b,13b,org.apache.commons.codec.binary.StringUtils,2,3,target_benchmark/Codec_13b/source/org/apache/commons/codec/binary/StringUtils.java,OK,1691f2c5a6c5006f6bd5dbdfe00c689b4ec94046d5dee795c93caf7c654ca880,target_benchmark/Codec_13b/metadata.json,target_benchmark/Codec_13b/defects4j_info.txt
Codec,13,Codec_13b,13b,org.apache.commons.codec.language.DoubleMetaphone,3,3,target_benchmark/Codec_13b/source/org/apache/commons/codec/language/DoubleMetaphone.java,OK,50bc10c79751f3b073314f8e74b62de09ddc008b076e802683730ff7291b6fb0,target_benchmark/Codec_13b/metadata.json,target_benchmark/Codec_13b/defects4j_info.txt
Codec,14,Codec_14b,14b,org.apache.commons.codec.language.bm.Lang,1,6,target_benchmark/Codec_14b/source/org/apache/commons/codec/language/bm/Lang.java,OK,5f35b349d01daf61533cb502b9f847a26d5b688b1d23be505e703e03472e498e,target_benchmark/Codec_14b/metadata.json,target_benchmark/Codec_14b/defects4j_info.txt
Codec,14,Codec_14b,14b,org.apache.commons.codec.language.bm.PhoneticEngine,2,6,target_benchmark/Codec_14b/source/org/apache/commons/codec/language/bm/PhoneticEngine.java,OK,ef74d86e8657f464be5c2c850589beb21aa7da1c2ff924f3ca319d35d8fe3fd1,target_benchmark/Codec_14b/metadata.json,target_benchmark/Codec_14b/defects4j_info.txt
Codec,14,Codec_14b,14b,org.apache.commons.codec.language.bm.Rule,3,6,target_benchmark/Codec_14b/source/org/apache/commons/codec/language/bm/Rule.java,OK,fbe4ac2368afa49e0ac6ff98b56e123eb297d4165ac5575a57e4df5840b87992,target_benchmark/Codec_14b/metadata.json,target_benchmark/Codec_14b/defects4j_info.txt
Codec,14,Codec_14b,14b,src.main.resources.org.apache.commons.codec.language.bm.ash_lang.txt,4,6,target_benchmark/Codec_14b/source/src/main/resources/org/apache/commons/codec/language/bm/ash_lang.txt,OK,e3b0c44298fc1c149afbf4c8996fb92427ae41e4649b934ca495991b7852b855,target_benchmark/Codec_14b/metadata.json,target_benchmark/Codec_14b/defects4j_info.txt
Codec,14,Codec_14b,14b,src.main.resources.org.apache.commons.codec.language.bm.gen_lang.txt,5,6,target_benchmark/Codec_14b/source/src/main/resources/org/apache/commons/codec/language/bm/gen_lang.txt,OK,e3b0c44298fc1c149afbf4c8996fb92427ae41e4649b934ca495991b7852b855,target_benchmark/Codec_14b/metadata.json,target_benchmark/Codec_14b/defects4j_info.txt
Codec,14,Codec_14b,14b,src.main.resources.org.apache.commons.codec.language.bm.sep_lang.txt,6,6,target_benchmark/Codec_14b/source/src/main/resources/org/apache/commons/codec/language/bm/sep_lang.txt,OK,e3b0c44298fc1c149afbf4c8996fb92427ae41e4649b934ca495991b7852b855,target_benchmark/Codec_14b/metadata.json,target_benchmark/Codec_14b/defects4j_info.txt
Codec,15,Codec_15b,15b,org.apache.commons.codec.language.Soundex,1,1,target_benchmark/Codec_15b/source/org/apache/commons/codec/language/Soundex.java,OK,b0ab20227c2b2084a1069b5a8617a0e8831c677762bfaf756210a53c604721e3,target_benchmark/Codec_15b/metadata.json,target_benchmark/Codec_15b/defects4j_info.txt
Codec,16,Codec_16b,16b,org.apache.commons.codec.binary.Base32,1,1,target_benchmark/Codec_16b/source/org/apache/commons/codec/binary/Base32.java,OK,ef703216082e61f2e796d15d2f858fa5a00da0cbec140237dc8da8a59032a1ab,target_benchmark/Codec_16b/metadata.json,target_benchmark/Codec_16b/defects4j_info.txt
Codec,17,Codec_17b,17b,org.apache.commons.codec.binary.StringUtils,1,1,target_benchmark/Codec_17b/source/org/apache/commons/codec/binary/StringUtils.java,OK,4ef0b6526499f898519b464565b413fa2ad96756f556a20155b2d56f0c374c9b,target_benchmark/Codec_17b/metadata.json,target_benchmark/Codec_17b/defects4j_info.txt
Codec,18,Codec_18b,18b,org.apache.commons.codec.binary.StringUtils,1,1,target_benchmark/Codec_18b/source/org/apache/commons/codec/binary/StringUtils.java,OK,12191b09324dd936732a3bd9eac25673c19c29d4011dd5862389570253c5a9d3,target_benchmark/Codec_18b/metadata.json,target_benchmark/Codec_18b/defects4j_info.txt
Codec,1,Codec_1b,1b,org.apache.commons.codec.language.Caverphone,1,3,target_benchmark/Codec_1b/source/org/apache/commons/codec/language/Caverphone.java,OK,46552c1e0a75b9282b8efd78b3e5486f73de1b4565711c77d063af5437ed410e,target_benchmark/Codec_1b/metadata.json,target_benchmark/Codec_1b/defects4j_info.txt
Codec,1,Codec_1b,1b,org.apache.commons.codec.language.Metaphone,2,3,target_benchmark/Codec_1b/source/org/apache/commons/codec/language/Metaphone.java,OK,e0d30d04b711750a5bd6ed9bbbfb3936b1776851288de6467042133b99552617,target_benchmark/Codec_1b/metadata.json,target_benchmark/Codec_1b/defects4j_info.txt
Codec,1,Codec_1b,1b,org.apache.commons.codec.language.SoundexUtils,3,3,target_benchmark/Codec_1b/source/org/apache/commons/codec/language/SoundexUtils.java,OK,039114e3142266de0a3038b27db8594cb31afaad5565344a5e328570aec38180,target_benchmark/Codec_1b/metadata.json,target_benchmark/Codec_1b/defects4j_info.txt
Codec,2,Codec_2b,2b,org.apache.commons.codec.binary.Base64,1,1,target_benchmark/Codec_2b/source/org/apache/commons/codec/binary/Base64.java,OK,ff990de7def432f86a0927f7886aec78f78f85d02337874bf94e24cd3bb6a1ce,target_benchmark/Codec_2b/metadata.json,target_benchmark/Codec_2b/defects4j_info.txt
Codec,3,Codec_3b,3b,org.apache.commons.codec.language.DoubleMetaphone,1,1,target_benchmark/Codec_3b/source/org/apache/commons/codec/language/DoubleMetaphone.java,OK,c9353ff278892eca9f8e257fdd35e7161e0d2c25fc2c6f7095bb2a4f49784ce2,target_benchmark/Codec_3b/metadata.json,target_benchmark/Codec_3b/defects4j_info.txt
Codec,4,Codec_4b,4b,org.apache.commons.codec.binary.Base64,1,1,target_benchmark/Codec_4b/source/org/apache/commons/codec/binary/Base64.java,OK,200a56b18f004b39db5ab4bbc12cd71bb94109f5ac45ace8a057a8d5eb448286,target_benchmark/Codec_4b/metadata.json,target_benchmark/Codec_4b/defects4j_info.txt
Codec,5,Codec_5b,5b,org.apache.commons.codec.binary.Base64,1,1,target_benchmark/Codec_5b/source/org/apache/commons/codec/binary/Base64.java,OK,322702d77d6de44e3aa5182729e090fe67d809dddd65b3556fc45a8c01b04726,target_benchmark/Codec_5b/metadata.json,target_benchmark/Codec_5b/defects4j_info.txt
Codec,6,Codec_6b,6b,org.apache.commons.codec.binary.Base64InputStream,1,1,target_benchmark/Codec_6b/source/org/apache/commons/codec/binary/Base64InputStream.java,OK,ce1240cdc7897a3030c3b6a6b6946bfbf1f0e3a29e96e9b7435a36e631a7ae80,target_benchmark/Codec_6b/metadata.json,target_benchmark/Codec_6b/defects4j_info.txt
Codec,7,Codec_7b,7b,org.apache.commons.codec.binary.Base64,1,1,target_benchmark/Codec_7b/source/org/apache/commons/codec/binary/Base64.java,OK,29d79ba5ea1c4c0d57d9ff95cccbfef27fcc88b658b805e767f5fe489f787178,target_benchmark/Codec_7b/metadata.json,target_benchmark/Codec_7b/defects4j_info.txt
Codec,8,Codec_8b,8b,org.apache.commons.codec.binary.Base64,1,2,target_benchmark/Codec_8b/source/org/apache/commons/codec/binary/Base64.java,OK,c3c3d530045c0f8b1810c0aa82f6aa60db8dc0b1495e9663d97cddace186f5b4,target_benchmark/Codec_8b/metadata.json,target_benchmark/Codec_8b/defects4j_info.txt
Codec,8,Codec_8b,8b,org.apache.commons.codec.binary.Base64InputStream,2,2,target_benchmark/Codec_8b/source/org/apache/commons/codec/binary/Base64InputStream.java,OK,f048efcd2e25eb390775bb55494a0698a3686f66ea45e2f734be4bb0e857a920,target_benchmark/Codec_8b/metadata.json,target_benchmark/Codec_8b/defects4j_info.txt
Codec,9,Codec_9b,9b,org.apache.commons.codec.binary.Base64,1,1,target_benchmark/Codec_9b/source/org/apache/commons/codec/binary/Base64.java,OK,a2fc6c4740e6b40e5bef1292d0dc39b1d4d68c7ab02230e42acd81670620866e,target_benchmark/Codec_9b/metadata.json,target_benchmark/Codec_9b/defects4j_info.txt
Collections,10,Collections_10b,10b,org.apache.commons.collections.map.MultiValueMap,1,1,target_benchmark/Collections_10b/source/org/apache/commons/collections/map/MultiValueMap.java,OK,ce1d010c607b04fea1002f9b5a472f1540e419ef8a9b89e3429df1aa9e89af02,target_benchmark/Collections_10b/metadata.json,target_benchmark/Collections_10b/defects4j_info.txt
Collections,11,Collections_11b,11b,org.apache.commons.collections.keyvalue.MultiKey,1,1,target_benchmark/Collections_11b/source/org/apache/commons/collections/keyvalue/MultiKey.java,OK,5f26249e939dea639dbba07a4f591adad648d65ec08256b24413c1fde6edd6a3,target_benchmark/Collections_11b/metadata.json,target_benchmark/Collections_11b/defects4j_info.txt
Collections,12,Collections_12b,12b,org.apache.commons.collections.ExtendedProperties,1,1,target_benchmark/Collections_12b/source/org/apache/commons/collections/ExtendedProperties.java,OK,0327e110d78e64e7ae3dd8ce6acd46b48009b033bf69b4a03ae44b84fdda1c4e,target_benchmark/Collections_12b/metadata.json,target_benchmark/Collections_12b/defects4j_info.txt
Collections,13,Collections_13b,13b,org.apache.commons.collections.ExtendedProperties,1,1,target_benchmark/Collections_13b/source/org/apache/commons/collections/ExtendedProperties.java,OK,6756738b66d5f3f01d280e627678b9eec6c7316c7459f2529d5d352b7c43181d,target_benchmark/Collections_13b/metadata.json,target_benchmark/Collections_13b/defects4j_info.txt
Collections,14,Collections_14b,14b,org.apache.commons.collections.map.CaseInsensitiveMap,1,1,target_benchmark/Collections_14b/source/org/apache/commons/collections/map/CaseInsensitiveMap.java,OK,eaa7bbfd02fb0b15be48daf94ad9b3a423a3733f7677d2c814888b623e6bb03b,target_benchmark/Collections_14b/metadata.json,target_benchmark/Collections_14b/defects4j_info.txt
Collections,15,Collections_15b,15b,org.apache.commons.collections.list.SetUniqueList,1,1,target_benchmark/Collections_15b/source/org/apache/commons/collections/list/SetUniqueList.java,OK,5e4c7f5efe8560a6e116e847875ffab7a234865cd93fec95857fd4c8f731f93d,target_benchmark/Collections_15b/metadata.json,target_benchmark/Collections_15b/defects4j_info.txt
Collections,16,Collections_16b,16b,org.apache.commons.collections.list.SetUniqueList,1,1,target_benchmark/Collections_16b/source/org/apache/commons/collections/list/SetUniqueList.java,OK,d7db4a709bca81e0d0c87d607843fcf8fc10bc6fc8b10f89e9bac5b754f72994,target_benchmark/Collections_16b/metadata.json,target_benchmark/Collections_16b/defects4j_info.txt
Collections,17,Collections_17b,17b,org.apache.commons.collections.functors.EqualPredicate,1,1,target_benchmark/Collections_17b/source/org/apache/commons/collections/functors/EqualPredicate.java,OK,6668f3441472240dcb68bb113c5f25df4cd0af3f452ea9e04ae5667e119c4490,target_benchmark/Collections_17b/metadata.json,target_benchmark/Collections_17b/defects4j_info.txt
Collections,18,Collections_18b,18b,org.apache.commons.collections.set.ListOrderedSet,1,1,target_benchmark/Collections_18b/source/org/apache/commons/collections/set/ListOrderedSet.java,OK,389c3acbd84bfa2d7482208143a9a43dc16de75660efb1573524356bf25f0c6b,target_benchmark/Collections_18b/metadata.json,target_benchmark/Collections_18b/defects4j_info.txt
Collections,19,Collections_19b,19b,org.apache.commons.collections.list.SetUniqueList,1,1,target_benchmark/Collections_19b/source/org/apache/commons/collections/list/SetUniqueList.java,OK,056e95b911aeebc92cce537d8d5d11be1714fb9dcb87a5526664c4377baba957,target_benchmark/Collections_19b/metadata.json,target_benchmark/Collections_19b/defects4j_info.txt
Collections,1,Collections_1b,1b,org.apache.commons.collections.map.Flat3Map,1,1,target_benchmark/Collections_1b/source/org/apache/commons/collections/map/Flat3Map.java,OK,9f11b42fe08b3cc2123a62f12ba7dbefc7d2e68ab0a01d7f7fd846ddfefae381,target_benchmark/Collections_1b/metadata.json,target_benchmark/Collections_1b/defects4j_info.txt
Collections,20,Collections_20b,20b,org.apache.commons.collections.list.TreeList,1,1,target_benchmark/Collections_20b/source/org/apache/commons/collections/list/TreeList.java,OK,891a99e54c43d97ec13f0151cf9bcdced04398878e96dbfd97f265c9bb70fa14,target_benchmark/Collections_20b/metadata.json,target_benchmark/Collections_20b/defects4j_info.txt
Collections,21,Collections_21b,21b,org.apache.commons.collections4.list.SetUniqueList,1,1,target_benchmark/Collections_21b/source/org/apache/commons/collections4/list/SetUniqueList.java,OK,4d4c0942d16a5a9a820a646856e332f45cebe9624dba184aec2308890a613531,target_benchmark/Collections_21b/metadata.json,target_benchmark/Collections_21b/defects4j_info.txt
Collections,22,Collections_22b,22b,org.apache.commons.collections4.map.ListOrderedMap,1,1,target_benchmark/Collections_22b/source/org/apache/commons/collections4/map/ListOrderedMap.java,OK,278f5f7561f23fb65ff753cd3d4016b09380c18ad1fdadce862840b8e835515a,target_benchmark/Collections_22b/metadata.json,target_benchmark/Collections_22b/defects4j_info.txt
Collections,23,Collections_23b,23b,org.apache.commons.collections4.trie.UnmodifiableTrie,1,1,target_benchmark/Collections_23b/source/org/apache/commons/collections4/trie/UnmodifiableTrie.java,OK,05fbcb2a1f095bdd76244ce0e0a843a3b3d6147e6c76b88ad86dfefcae44bd58,target_benchmark/Collections_23b/metadata.json,target_benchmark/Collections_23b/defects4j_info.txt
Collections,24,Collections_24b,24b,org.apache.commons.collections4.collection.UnmodifiableBoundedCollection,1,1,target_benchmark/Collections_24b/source/org/apache/commons/collections4/collection/UnmodifiableBoundedCollection.java,OK,399a7926dfe5764a45a3fffd4c562152362b0aeac54206effdf773c5cfc76197,target_benchmark/Collections_24b/metadata.json,target_benchmark/Collections_24b/defects4j_info.txt
Collections,25,Collections_25b,25b,org.apache.commons.collections4.IteratorUtils,1,1,target_benchmark/Collections_25b/source/org/apache/commons/collections4/IteratorUtils.java,OK,7fdf3ca90075777f14b456b99293df78376e868e83b634ccf386cee3195ee22c,target_benchmark/Collections_25b/metadata.json,target_benchmark/Collections_25b/defects4j_info.txt
Collections,26,Collections_26b,26b,org.apache.commons.collections4.keyvalue.MultiKey,1,1,target_benchmark/Collections_26b/source/org/apache/commons/collections4/keyvalue/MultiKey.java,OK,3d70adbf6a0b7887474ec0f8781d5f603b50c7923ba0e3792bd50d704e109dba,target_benchmark/Collections_26b/metadata.json,target_benchmark/Collections_26b/defects4j_info.txt
Collections,27,Collections_27b,27b,org.apache.commons.collections4.map.MultiValueMap,1,1,target_benchmark/Collections_27b/source/org/apache/commons/collections4/map/MultiValueMap.java,OK,942f3bb865b6061008f430721f6f0d9630f7033cf71f7d56b7e1d4b0771dc6a4,target_benchmark/Collections_27b/metadata.json,target_benchmark/Collections_27b/defects4j_info.txt
Collections,28,Collections_28b,28b,org.apache.commons.collections4.trie.AbstractPatriciaTrie,1,1,target_benchmark/Collections_28b/source/org/apache/commons/collections4/trie/AbstractPatriciaTrie.java,OK,8068ccdda4fd6fd36e13e45ac8f2515963d428abfd1aac761f1ad2fcfd97aeb1,target_benchmark/Collections_28b/metadata.json,target_benchmark/Collections_28b/defects4j_info.txt
Collections,2,Collections_2b,2b,org.apache.commons.collections.ExtendedProperties,1,1,target_benchmark/Collections_2b/source/org/apache/commons/collections/ExtendedProperties.java,OK,3e8cec942bfd5a660e76c0d25206b1f70f64a8e56f08201f37d61437834ae991,target_benchmark/Collections_2b/metadata.json,target_benchmark/Collections_2b/defects4j_info.txt
Collections,3,Collections_3b,3b,org.apache.commons.collections.CollectionUtils,1,1,target_benchmark/Collections_3b/source/org/apache/commons/collections/CollectionUtils.java,OK,713d11accfbbaae914c2b6f1d0be5a148efa971ad5d2beeb57e9d6245b649104,target_benchmark/Collections_3b/metadata.json,target_benchmark/Collections_3b/defects4j_info.txt
Collections,4,Collections_4b,4b,org.apache.commons.collections.map.MultiValueMap,1,1,target_benchmark/Collections_4b/source/org/apache/commons/collections/map/MultiValueMap.java,OK,2c16301c173e289d2fb9c68c30d4858d908eb8dfe122f640f36b0b509c1d7da7,target_benchmark/Collections_4b/metadata.json,target_benchmark/Collections_4b/defects4j_info.txt
Collections,5,Collections_5b,5b,org.apache.commons.collections.list.SetUniqueList,1,1,target_benchmark/Collections_5b/source/org/apache/commons/collections/list/SetUniqueList.java,OK,8386cce1566e560f261f17d36ceb2d19839d96992bd8111c17d1a20992f043a1,target_benchmark/Collections_5b/metadata.json,target_benchmark/Collections_5b/defects4j_info.txt
Collections,6,Collections_6b,6b,org.apache.commons.collections.map.Flat3Map,1,1,target_benchmark/Collections_6b/source/org/apache/commons/collections/map/Flat3Map.java,OK,0f4c8707fa52f881da1bcc509646f2d31d540b6cef6c05da5cfd5b3c18c02cd2,target_benchmark/Collections_6b/metadata.json,target_benchmark/Collections_6b/defects4j_info.txt
Collections,7,Collections_7b,7b,org.apache.commons.collections.ExtendedProperties,1,1,target_benchmark/Collections_7b/source/org/apache/commons/collections/ExtendedProperties.java,OK,2f574957d4449a6ed0d714eade8720cda9dbf7fd6717d1c46299be44b8dbe4f5,target_benchmark/Collections_7b/metadata.json,target_benchmark/Collections_7b/defects4j_info.txt
Collections,8,Collections_8b,8b,org.apache.commons.collections.buffer.UnboundedFifoBuffer,1,1,target_benchmark/Collections_8b/source/org/apache/commons/collections/buffer/UnboundedFifoBuffer.java,OK,136668338a533568847285411b30914f12e4c0aabab2787df11ada3053f6e5bd,target_benchmark/Collections_8b/metadata.json,target_benchmark/Collections_8b/defects4j_info.txt
Collections,9,Collections_9b,9b,org.apache.commons.collections.ExtendedProperties,1,1,target_benchmark/Collections_9b/source/org/apache/commons/collections/ExtendedProperties.java,OK,46048a7948621f06081b7902445a01768f5952a88e701f5e2f4d3ce3d326575a,target_benchmark/Collections_9b/metadata.json,target_benchmark/Collections_9b/defects4j_info.txt
Compress,10,Compress_10b,10b,org.apache.commons.compress.archivers.zip.ZipFile,1,1,target_benchmark/Compress_10b/source/org/apache/commons/compress/archivers/zip/ZipFile.java,OK,1357418864c050f7c7f4c1f236d789cf18621a8ef93cf423d5e803409d4a9b6e,target_benchmark/Compress_10b/metadata.json,target_benchmark/Compress_10b/defects4j_info.txt
Compress,11,Compress_11b,11b,org.apache.commons.compress.archivers.ArchiveStreamFactory,1,1,target_benchmark/Compress_11b/source/org/apache/commons/compress/archivers/ArchiveStreamFactory.java,OK,654fe3790b227b00a06de40a8b55c5bc79bc555fe8341010fed2461fd61eb7b1,target_benchmark/Compress_11b/metadata.json,target_benchmark/Compress_11b/defects4j_info.txt
Compress,12,Compress_12b,12b,org.apache.commons.compress.archivers.tar.TarArchiveInputStream,1,1,target_benchmark/Compress_12b/source/org/apache/commons/compress/archivers/tar/TarArchiveInputStream.java,OK,b2a411887f0d4140da780ebfd2ec748e3403da7b5afc7dd16d60c76c70ff66c4,target_benchmark/Compress_12b/metadata.json,target_benchmark/Compress_12b/defects4j_info.txt
Compress,13,Compress_13b,13b,org.apache.commons.compress.archivers.zip.ZipArchiveEntry,1,1,target_benchmark/Compress_13b/source/org/apache/commons/compress/archivers/zip/ZipArchiveEntry.java,OK,ea2eb3f776da7e8f26b12b11fa7a0497214000627e6b59d898ac88a63ee1ceb5,target_benchmark/Compress_13b/metadata.json,target_benchmark/Compress_13b/defects4j_info.txt
Compress,14,Compress_14b,14b,org.apache.commons.compress.archivers.tar.TarUtils,1,1,target_benchmark/Compress_14b/source/org/apache/commons/compress/archivers/tar/TarUtils.java,OK,1109b1797e62606cd3d14d084642197dc1debdfb0138d2541f98fcccf9baef8c,target_benchmark/Compress_14b/metadata.json,target_benchmark/Compress_14b/defects4j_info.txt
Compress,15,Compress_15b,15b,org.apache.commons.compress.archivers.zip.ZipArchiveEntry,1,1,target_benchmark/Compress_15b/source/org/apache/commons/compress/archivers/zip/ZipArchiveEntry.java,OK,f5c6b647dfefcc38bf26140722fe2acc3091d5f302e80880ddbe39eb3cf053e0,target_benchmark/Compress_15b/metadata.json,target_benchmark/Compress_15b/defects4j_info.txt
Compress,16,Compress_16b,16b,org.apache.commons.compress.archivers.ArchiveStreamFactory,1,1,target_benchmark/Compress_16b/source/org/apache/commons/compress/archivers/ArchiveStreamFactory.java,OK,72a71998b4151920b1554192d9694724411e2222af238e8b2f720a4c41e3461b,target_benchmark/Compress_16b/metadata.json,target_benchmark/Compress_16b/defects4j_info.txt
Compress,17,Compress_17b,17b,org.apache.commons.compress.archivers.tar.TarUtils,1,1,target_benchmark/Compress_17b/source/org/apache/commons/compress/archivers/tar/TarUtils.java,OK,31776859e7e4a68e8319aa2e7ab0aaffc5edac6f4f09810a5a2c9bf01f2404d7,target_benchmark/Compress_17b/metadata.json,target_benchmark/Compress_17b/defects4j_info.txt
Compress,18,Compress_18b,18b,org.apache.commons.compress.archivers.tar.TarArchiveOutputStream,1,1,target_benchmark/Compress_18b/source/org/apache/commons/compress/archivers/tar/TarArchiveOutputStream.java,OK,bac9daecd14231e7b8645dc21efc843239fc1f63576cbc53bab45cfe2b210741,target_benchmark/Compress_18b/metadata.json,target_benchmark/Compress_18b/defects4j_info.txt
Compress,19,Compress_19b,19b,org.apache.commons.compress.archivers.zip.Zip64ExtendedInformationExtraField,1,1,target_benchmark/Compress_19b/source/org/apache/commons/compress/archivers/zip/Zip64ExtendedInformationExtraField.java,OK,13fc3fcfd2df01d67ba821899a9d2c4ca9b39555e20121aa2d904c4a70b337a3,target_benchmark/Compress_19b/metadata.json,target_benchmark/Compress_19b/defects4j_info.txt
Compress,1,Compress_1b,1b,org.apache.commons.compress.archivers.cpio.CpioArchiveOutputStream,1,1,target_benchmark/Compress_1b/source/org/apache/commons/compress/archivers/cpio/CpioArchiveOutputStream.java,OK,1c622f7ad95926f98b3c6063c15a172dc8e30b42b08edc4dd165ac28dd0df72b,target_benchmark/Compress_1b/metadata.json,target_benchmark/Compress_1b/defects4j_info.txt
Compress,20,Compress_20b,20b,org.apache.commons.compress.archivers.cpio.CpioArchiveInputStream,1,1,target_benchmark/Compress_20b/source/org/apache/commons/compress/archivers/cpio/CpioArchiveInputStream.java,OK,34fa8cc22b364a0c5ed7727eb1c412fef75d301771b97ea16f00c562402b170c,target_benchmark/Compress_20b/metadata.json,target_benchmark/Compress_20b/defects4j_info.txt
Compress,21,Compress_21b,21b,org.apache.commons.compress.archivers.sevenz.SevenZOutputFile,1,1,target_benchmark/Compress_21b/source/org/apache/commons/compress/archivers/sevenz/SevenZOutputFile.java,OK,8842f3154bac9d1e57aa2344c3873376aa9bfdee30156bae082efb670afe488e,target_benchmark/Compress_21b/metadata.json,target_benchmark/Compress_21b/defects4j_info.txt
Compress,22,Compress_22b,22b,org.apache.commons.compress.compressors.bzip2.BZip2CompressorInputStream,1,1,target_benchmark/Compress_22b/source/org/apache/commons/compress/compressors/bzip2/BZip2CompressorInputStream.java,OK,13e68d8073fbfb6cad23cdc6d110f717fd54a85e58a958048b20a3e7779bb893,target_benchmark/Compress_22b/metadata.json,target_benchmark/Compress_22b/defects4j_info.txt
Compress,23,Compress_23b,23b,org.apache.commons.compress.archivers.sevenz.Coders,1,1,target_benchmark/Compress_23b/source/org/apache/commons/compress/archivers/sevenz/Coders.java,OK,b7788d85cb6d0e67ce5a67044458302427d5986809846c8571e9c1c5eab0a0be,target_benchmark/Compress_23b/metadata.json,target_benchmark/Compress_23b/defects4j_info.txt
Compress,24,Compress_24b,24b,org.apache.commons.compress.archivers.tar.TarUtils,1,1,target_benchmark/Compress_24b/source/org/apache/commons/compress/archivers/tar/TarUtils.java,OK,3ea3e33d93fcf89dc089e455392de635b3839e8d1eec5dede8c40a81e9d09b40,target_benchmark/Compress_24b/metadata.json,target_benchmark/Compress_24b/defects4j_info.txt
Compress,25,Compress_25b,25b,org.apache.commons.compress.archivers.zip.ZipArchiveInputStream,1,1,target_benchmark/Compress_25b/source/org/apache/commons/compress/archivers/zip/ZipArchiveInputStream.java,OK,00c27b1e6a743c8cd1b64fde21e27ee0f4af58d858f2c9169da4c21021e67a15,target_benchmark/Compress_25b/metadata.json,target_benchmark/Compress_25b/defects4j_info.txt
Compress,26,Compress_26b,26b,org.apache.commons.compress.utils.IOUtils,1,1,target_benchmark/Compress_26b/source/org/apache/commons/compress/utils/IOUtils.java,OK,b216940bf498c2da0d154d7720c0f72a244348e50bef2dc02953e0ed8ab4bfa8,target_benchmark/Compress_26b/metadata.json,target_benchmark/Compress_26b/defects4j_info.txt
Compress,27,Compress_27b,27b,org.apache.commons.compress.archivers.tar.TarUtils,1,1,target_benchmark/Compress_27b/source/org/apache/commons/compress/archivers/tar/TarUtils.java,OK,e6a2f87ad19ca9db7d147f59030753965a14de17e1d6245b966485321d0a748e,target_benchmark/Compress_27b/metadata.json,target_benchmark/Compress_27b/defects4j_info.txt
Compress,28,Compress_28b,28b,org.apache.commons.compress.archivers.tar.TarArchiveInputStream,1,1,target_benchmark/Compress_28b/source/org/apache/commons/compress/archivers/tar/TarArchiveInputStream.java,OK,bdfab990b0f42a9fb1d752832a884ab3c0369020d225ee63da04b4ca3135b5ff,target_benchmark/Compress_28b/metadata.json,target_benchmark/Compress_28b/defects4j_info.txt
Compress,29,Compress_29b,29b,org.apache.commons.compress.archivers.ArchiveStreamFactory,1,7,target_benchmark/Compress_29b/source/org/apache/commons/compress/archivers/ArchiveStreamFactory.java,OK,a062707e05374f397fbfe8c9295bb16c3992ddada36971f4c5285b7d7cdb95c8,target_benchmark/Compress_29b/metadata.json,target_benchmark/Compress_29b/defects4j_info.txt
Compress,29,Compress_29b,29b,org.apache.commons.compress.archivers.cpio.CpioArchiveInputStream,2,7,target_benchmark/Compress_29b/source/org/apache/commons/compress/archivers/cpio/CpioArchiveInputStream.java,OK,b9dd81c931d478ed5b4aa30464fff52540f61b12832d100fb26285e016ce59ef,target_benchmark/Compress_29b/metadata.json,target_benchmark/Compress_29b/defects4j_info.txt
Compress,29,Compress_29b,29b,org.apache.commons.compress.archivers.cpio.CpioArchiveOutputStream,3,7,target_benchmark/Compress_29b/source/org/apache/commons/compress/archivers/cpio/CpioArchiveOutputStream.java,OK,3019502666d7bb018c922c9c9e149660386513ee6ed517fe5e70b52c30d8228c,target_benchmark/Compress_29b/metadata.json,target_benchmark/Compress_29b/defects4j_info.txt
Compress,29,Compress_29b,29b,org.apache.commons.compress.archivers.dump.DumpArchiveInputStream,4,7,target_benchmark/Compress_29b/source/org/apache/commons/compress/archivers/dump/DumpArchiveInputStream.java,OK,8ec68cd05db2966d7fbfe7f5e850e3d49b9c9778eaf5c04cdffb6de3d63cb94c,target_benchmark/Compress_29b/metadata.json,target_benchmark/Compress_29b/defects4j_info.txt
Compress,29,Compress_29b,29b,org.apache.commons.compress.archivers.tar.TarArchiveInputStream,5,7,target_benchmark/Compress_29b/source/org/apache/commons/compress/archivers/tar/TarArchiveInputStream.java,OK,580c4fc5283a24e2a382f7076a766c30529dc4be6fb90278fe32b9d522fffc63,target_benchmark/Compress_29b/metadata.json,target_benchmark/Compress_29b/defects4j_info.txt
Compress,29,Compress_29b,29b,org.apache.commons.compress.archivers.tar.TarArchiveOutputStream,6,7,target_benchmark/Compress_29b/source/org/apache/commons/compress/archivers/tar/TarArchiveOutputStream.java,OK,760df156cbb9868fc01f27301e4b45b0dcbd75692ff6ddeac593ecd827822a45,target_benchmark/Compress_29b/metadata.json,target_benchmark/Compress_29b/defects4j_info.txt
Compress,29,Compress_29b,29b,org.apache.commons.compress.archivers.zip.ZipArchiveInputStream,7,7,target_benchmark/Compress_29b/source/org/apache/commons/compress/archivers/zip/ZipArchiveInputStream.java,OK,822495f4cf563b41fac6037c3ba54e7dd2a39e87ed0d7b5c392139d8e0e57a5d,target_benchmark/Compress_29b/metadata.json,target_benchmark/Compress_29b/defects4j_info.txt
Compress,2,Compress_2b,2b,org.apache.commons.compress.archivers.ar.ArArchiveInputStream,1,1,target_benchmark/Compress_2b/source/org/apache/commons/compress/archivers/ar/ArArchiveInputStream.java,OK,ec82e9847ed46b429c5ce0e91c6dfecbe2e2e4ca4474d308282666fddd61e178,target_benchmark/Compress_2b/metadata.json,target_benchmark/Compress_2b/defects4j_info.txt
Compress,30,Compress_30b,30b,org.apache.commons.compress.compressors.bzip2.BZip2CompressorInputStream,1,1,target_benchmark/Compress_30b/source/org/apache/commons/compress/compressors/bzip2/BZip2CompressorInputStream.java,OK,60c36d86677088eb3d560aca98a9c4b620aa2f8710a3c78d5ab107a0e2553332,target_benchmark/Compress_30b/metadata.json,target_benchmark/Compress_30b/defects4j_info.txt
Compress,31,Compress_31b,31b,org.apache.commons.compress.archivers.tar.TarUtils,1,1,target_benchmark/Compress_31b/source/org/apache/commons/compress/archivers/tar/TarUtils.java,OK,135a516a9cad4208a86a359019e4bb89fd7fc1e09a6800dc8b958b7c321c3acc,target_benchmark/Compress_31b/metadata.json,target_benchmark/Compress_31b/defects4j_info.txt
Compress,32,Compress_32b,32b,org.apache.commons.compress.archivers.tar.TarArchiveInputStream,1,1,target_benchmark/Compress_32b/source/org/apache/commons/compress/archivers/tar/TarArchiveInputStream.java,OK,ed115b9275d07d0fa4a88cba49532025f1fea1d90b2b50b9d8d314ee8a39a753,target_benchmark/Compress_32b/metadata.json,target_benchmark/Compress_32b/defects4j_info.txt
Compress,33,Compress_33b,33b,org.apache.commons.compress.compressors.CompressorStreamFactory,1,2,target_benchmark/Compress_33b/source/org/apache/commons/compress/compressors/CompressorStreamFactory.java,OK,a894c627018cc9a0a4d88b18240b0e4e9a65d7553d3da3aa0587bdf10d548aa7,target_benchmark/Compress_33b/metadata.json,target_benchmark/Compress_33b/defects4j_info.txt
Compress,33,Compress_33b,33b,org.apache.commons.compress.compressors.deflate.DeflateCompressorInputStream,2,2,target_benchmark/Compress_33b/source/org/apache/commons/compress/compressors/deflate/DeflateCompressorInputStream.java,OK,00ea36e970ccfaca77621397ae04fe62c34aac76e7d5397a9a295254668ab76b,target_benchmark/Compress_33b/metadata.json,target_benchmark/Compress_33b/defects4j_info.txt
Compress,34,Compress_34b,34b,org.apache.commons.compress.archivers.zip.X7875_NewUnix,1,1,target_benchmark/Compress_34b/source/org/apache/commons/compress/archivers/zip/X7875_NewUnix.java,OK,8c0a86fc86ec0e3477d3174ea30d957fafd89560348c570ea136b717d39b17de,target_benchmark/Compress_34b/metadata.json,target_benchmark/Compress_34b/defects4j_info.txt
Compress,35,Compress_35b,35b,org.apache.commons.compress.archivers.tar.TarUtils,1,1,target_benchmark/Compress_35b/source/org/apache/commons/compress/archivers/tar/TarUtils.java,OK,58e16611dabb7866ac25733a17103f2da62a01c6252843b1377df054d0725e30,target_benchmark/Compress_35b/metadata.json,target_benchmark/Compress_35b/defects4j_info.txt
Compress,36,Compress_36b,36b,org.apache.commons.compress.archivers.sevenz.SevenZFile,1,1,target_benchmark/Compress_36b/source/org/apache/commons/compress/archivers/sevenz/SevenZFile.java,OK,77f0925989fdd5bed0e0b15956ca2140b36a366c7d4b10a548e9c4954c0c66f9,target_benchmark/Compress_36b/metadata.json,target_benchmark/Compress_36b/defects4j_info.txt
Compress,37,Compress_37b,37b,org.apache.commons.compress.archivers.tar.TarArchiveInputStream,1,1,target_benchmark/Compress_37b/source/org/apache/commons/compress/archivers/tar/TarArchiveInputStream.java,OK,0dc21852f051634d528196af49a51e5df09dc11b3f5379d4c456aef9b126654b,target_benchmark/Compress_37b/metadata.json,target_benchmark/Compress_37b/defects4j_info.txt
Compress,38,Compress_38b,38b,org.apache.commons.compress.archivers.tar.TarArchiveEntry,1,1,target_benchmark/Compress_38b/source/org/apache/commons/compress/archivers/tar/TarArchiveEntry.java,OK,7ec4700a31b303022b4ef10395663e7f9caaf2a380052c4f2baa53163b452ba5,target_benchmark/Compress_38b/metadata.json,target_benchmark/Compress_38b/defects4j_info.txt
Compress,39,Compress_39b,39b,org.apache.commons.compress.utils.ArchiveUtils,1,1,target_benchmark/Compress_39b/source/org/apache/commons/compress/utils/ArchiveUtils.java,OK,c2e676c4d1236355e7190ad1a87be6409bf996d6f52b420385d1847256caee5c,target_benchmark/Compress_39b/metadata.json,target_benchmark/Compress_39b/defects4j_info.txt
Compress,3,Compress_3b,3b,org.apache.commons.compress.archivers.tar.TarArchiveOutputStream,1,1,target_benchmark/Compress_3b/source/org/apache/commons/compress/archivers/tar/TarArchiveOutputStream.java,OK,7d359955b3a108b70e5374f06d3584eb0c237074d6ad310154eca3a0d982a2a9,target_benchmark/Compress_3b/metadata.json,target_benchmark/Compress_3b/defects4j_info.txt
Compress,40,Compress_40b,40b,org.apache.commons.compress.utils.BitInputStream,1,1,target_benchmark/Compress_40b/source/org/apache/commons/compress/utils/BitInputStream.java,OK,3b5333e858163ec8282b0833183fa99e10408b658bea34101ae8cd1e51fec9a3,target_benchmark/Compress_40b/metadata.json,target_benchmark/Compress_40b/defects4j_info.txt
Compress,41,Compress_41b,41b,org.apache.commons.compress.archivers.zip.ZipArchiveInputStream,1,1,target_benchmark/Compress_41b/source/org/apache/commons/compress/archivers/zip/ZipArchiveInputStream.java,OK,4e06aad9c71d181c31f6064327fc0ce2eda5008c186aa7d5c44c8c3c2bd1f571,target_benchmark/Compress_41b/metadata.json,target_benchmark/Compress_41b/defects4j_info.txt
Compress,42,Compress_42b,42b,org.apache.commons.compress.archivers.zip.UnixStat,1,2,target_benchmark/Compress_42b/source/org/apache/commons/compress/archivers/zip/UnixStat.java,OK,b3f7eb31b25d26820264971b76991462a317c3eb91860546d3d5f0c1c0563bac,target_benchmark/Compress_42b/metadata.json,target_benchmark/Compress_42b/defects4j_info.txt
Compress,42,Compress_42b,42b,org.apache.commons.compress.archivers.zip.ZipArchiveEntry,2,2,target_benchmark/Compress_42b/source/org/apache/commons/compress/archivers/zip/ZipArchiveEntry.java,OK,08114b4d0f780f2da295094fcf8af871c177e55c9c1610033cb75334433980b4,target_benchmark/Compress_42b/metadata.json,target_benchmark/Compress_42b/defects4j_info.txt
Compress,43,Compress_43b,43b,org.apache.commons.compress.archivers.zip.ZipArchiveOutputStream,1,1,target_benchmark/Compress_43b/source/org/apache/commons/compress/archivers/zip/ZipArchiveOutputStream.java,OK,a612f59e9b2ec5bf0b92c986cb70dae314c0a00c85d0014524313aec877e1518,target_benchmark/Compress_43b/metadata.json,target_benchmark/Compress_43b/defects4j_info.txt
Compress,44,Compress_44b,44b,org.apache.commons.compress.utils.ChecksumCalculatingInputStream,1,1,target_benchmark/Compress_44b/source/org/apache/commons/compress/utils/ChecksumCalculatingInputStream.java,OK,56d30509ed1f7f3f6d0233df54d7b7a9f05599103ec2630ac4d1468aecfaeed1,target_benchmark/Compress_44b/metadata.json,target_benchmark/Compress_44b/defects4j_info.txt
Compress,45,Compress_45b,45b,org.apache.commons.compress.archivers.tar.TarUtils,1,1,target_benchmark/Compress_45b/source/org/apache/commons/compress/archivers/tar/TarUtils.java,OK,d2e36f6c97d6ccfac88d35958bd3b7f1453c89e8b194f3f2351f7b44bff9e12a,target_benchmark/Compress_45b/metadata.json,target_benchmark/Compress_45b/defects4j_info.txt
Compress,46,Compress_46b,46b,org.apache.commons.compress.archivers.zip.X5455_ExtendedTimestamp,1,1,target_benchmark/Compress_46b/source/org/apache/commons/compress/archivers/zip/X5455_ExtendedTimestamp.java,OK,0a1d51200d264840f65d530a99421ac0adedc99d955e385567b9378aa8ab2783,target_benchmark/Compress_46b/metadata.json,target_benchmark/Compress_46b/defects4j_info.txt
Compress,47,Compress_47b,47b,org.apache.commons.compress.archivers.zip.ZipArchiveInputStream,1,1,target_benchmark/Compress_47b/source/org/apache/commons/compress/archivers/zip/ZipArchiveInputStream.java,OK,5bd7a773d4318f0a0281240baaa6172fc2c73ce4435a58c133f62e8334ab51ed,target_benchmark/Compress_47b/metadata.json,target_benchmark/Compress_47b/defects4j_info.txt
Compress,4,Compress_4b,4b,org.apache.commons.compress.archivers.cpio.CpioArchiveOutputStream,1,4,target_benchmark/Compress_4b/source/org/apache/commons/compress/archivers/cpio/CpioArchiveOutputStream.java,OK,3b1de5f0fd717d3bf7c431c513d3104521f4b6e11eb4a53ae37b4a949d58fd0c,target_benchmark/Compress_4b/metadata.json,target_benchmark/Compress_4b/defects4j_info.txt
Compress,4,Compress_4b,4b,org.apache.commons.compress.archivers.tar.TarArchiveOutputStream,2,4,target_benchmark/Compress_4b/source/org/apache/commons/compress/archivers/tar/TarArchiveOutputStream.java,OK,619f910c280450b32ea8182b41b9eee131d8fba0e42cecfa725b391641a39acc,target_benchmark/Compress_4b/metadata.json,target_benchmark/Compress_4b/defects4j_info.txt
Compress,4,Compress_4b,4b,org.apache.commons.compress.archivers.zip.ZipArchiveOutputStream,3,4,target_benchmark/Compress_4b/source/org/apache/commons/compress/archivers/zip/ZipArchiveOutputStream.java,OK,2bb133a4a52b61998a4a26438870e2266da681569f39a79c6cc355e9a27c38a9,target_benchmark/Compress_4b/metadata.json,target_benchmark/Compress_4b/defects4j_info.txt
Compress,4,Compress_4b,4b,org.apache.commons.compress.changes.ChangeSetPerformer,4,4,target_benchmark/Compress_4b/source/org/apache/commons/compress/changes/ChangeSetPerformer.java,OK,d767b938920704d2b8dd8eb8d9d541f01728eda0ccfa081b258fc0bd5909fa84,target_benchmark/Compress_4b/metadata.json,target_benchmark/Compress_4b/defects4j_info.txt
Compress,5,Compress_5b,5b,org.apache.commons.compress.archivers.zip.ZipArchiveInputStream,1,1,target_benchmark/Compress_5b/source/org/apache/commons/compress/archivers/zip/ZipArchiveInputStream.java,OK,ba513ad2654a64cb47a59cc20deefeda3faf5d77e9c5d4bdd3cd6bfe5476490c,target_benchmark/Compress_5b/metadata.json,target_benchmark/Compress_5b/defects4j_info.txt
Compress,6,Compress_6b,6b,org.apache.commons.compress.archivers.zip.ZipArchiveEntry,1,1,target_benchmark/Compress_6b/source/org/apache/commons/compress/archivers/zip/ZipArchiveEntry.java,OK,609fe93e668d58b58eedb03a88b38d409aca5ff4566f55a2fe0a5bf13f557752,target_benchmark/Compress_6b/metadata.json,target_benchmark/Compress_6b/defects4j_info.txt
Compress,7,Compress_7b,7b,org.apache.commons.compress.archivers.tar.TarUtils,1,1,target_benchmark/Compress_7b/source/org/apache/commons/compress/archivers/tar/TarUtils.java,OK,f2c8611a10b6a432b8c7d40e6d9c02eb31254b5a6ab487df0d52f1393ee4e7e0,target_benchmark/Compress_7b/metadata.json,target_benchmark/Compress_7b/defects4j_info.txt
Compress,8,Compress_8b,8b,org.apache.commons.compress.archivers.tar.TarUtils,1,1,target_benchmark/Compress_8b/source/org/apache/commons/compress/archivers/tar/TarUtils.java,OK,93f39ea7437da182f78683606d751314156323c224c1ed8c43b7a917fb6f5d56,target_benchmark/Compress_8b/metadata.json,target_benchmark/Compress_8b/defects4j_info.txt
Compress,9,Compress_9b,9b,org.apache.commons.compress.archivers.tar.TarArchiveOutputStream,1,1,target_benchmark/Compress_9b/source/org/apache/commons/compress/archivers/tar/TarArchiveOutputStream.java,OK,d0b85ec8897120c4bfd0a6751e7aed76cba0b4d3624e50efbbb02356185e06a0,target_benchmark/Compress_9b/metadata.json,target_benchmark/Compress_9b/defects4j_info.txt
Csv,10,Csv_10b,10b,org.apache.commons.csv.CSVPrinter,1,1,target_benchmark/Csv_10b/source/org/apache/commons/csv/CSVPrinter.java,OK,d2b8476a0a659371d0fc8e33e20bdd5f5e021155a97be1d4c57207c8f741b66e,target_benchmark/Csv_10b/metadata.json,target_benchmark/Csv_10b/defects4j_info.txt
Csv,11,Csv_11b,11b,org.apache.commons.csv.CSVParser,1,1,target_benchmark/Csv_11b/source/org/apache/commons/csv/CSVParser.java,OK,110e63b0fff6e25b81e12fef01780e4fad311556264bb3325e38b0011b722a8e,target_benchmark/Csv_11b/metadata.json,target_benchmark/Csv_11b/defects4j_info.txt
Csv,12,Csv_12b,12b,org.apache.commons.csv.CSVFormat,1,1,target_benchmark/Csv_12b/source/org/apache/commons/csv/CSVFormat.java,OK,175478e1af95c9cadd6f032e10d97593dc932b206b70a80b162e6fb127e92daf,target_benchmark/Csv_12b/metadata.json,target_benchmark/Csv_12b/defects4j_info.txt
Csv,13,Csv_13b,13b,org.apache.commons.csv.CSVFormat,1,2,target_benchmark/Csv_13b/source/org/apache/commons/csv/CSVFormat.java,OK,c46654128cd719a06a76113c8452f5d006d4ff857637e563a3b04190bf2e951f,target_benchmark/Csv_13b/metadata.json,target_benchmark/Csv_13b/defects4j_info.txt
Csv,13,Csv_13b,13b,org.apache.commons.csv.CSVPrinter,2,2,target_benchmark/Csv_13b/source/org/apache/commons/csv/CSVPrinter.java,OK,02c90d2667385174084e77a69aa108414bed6138cdfb7eadcea3bedca40c6bd3,target_benchmark/Csv_13b/metadata.json,target_benchmark/Csv_13b/defects4j_info.txt
Csv,14,Csv_14b,14b,org.apache.commons.csv.CSVFormat,1,1,target_benchmark/Csv_14b/source/org/apache/commons/csv/CSVFormat.java,OK,a8187dc21debe01a4e96970f52731344c852e039c9107a766b6caa4e527b2152,target_benchmark/Csv_14b/metadata.json,target_benchmark/Csv_14b/defects4j_info.txt
Csv,15,Csv_15b,15b,org.apache.commons.csv.CSVFormat,1,1,target_benchmark/Csv_15b/source/org/apache/commons/csv/CSVFormat.java,OK,96ac7a03e182478a810a9f6ad6254c40ba75bac178d5a327ceedc880f76e1db5,target_benchmark/Csv_15b/metadata.json,target_benchmark/Csv_15b/defects4j_info.txt
Csv,16,Csv_16b,16b,org.apache.commons.csv.CSVParser,1,1,target_benchmark/Csv_16b/source/org/apache/commons/csv/CSVParser.java,OK,58cba596c5da2774bff6fd926c6a62fbd1b0f8c2dd942d8fa67d3c081a2da692,target_benchmark/Csv_16b/metadata.json,target_benchmark/Csv_16b/defects4j_info.txt
Csv,1,Csv_1b,1b,org.apache.commons.csv.ExtendedBufferedReader,1,1,target_benchmark/Csv_1b/source/org/apache/commons/csv/ExtendedBufferedReader.java,OK,4ddf7df1c7c8b9e3d45dc6a3410f802a2e5b641f37089655c3eb2f52cdfd5185,target_benchmark/Csv_1b/metadata.json,target_benchmark/Csv_1b/defects4j_info.txt
Csv,2,Csv_2b,2b,org.apache.commons.csv.CSVRecord,1,1,target_benchmark/Csv_2b/source/org/apache/commons/csv/CSVRecord.java,OK,df8843b35116435130e220b0d824c612489bc38f6c5b10871c8a251945d6cb4e,target_benchmark/Csv_2b/metadata.json,target_benchmark/Csv_2b/defects4j_info.txt
Csv,3,Csv_3b,3b,org.apache.commons.csv.Lexer,1,1,target_benchmark/Csv_3b/source/org/apache/commons/csv/Lexer.java,OK,f9f2a4f017791ce41c36438b110d0953fecd8244e05b31d7fe31c5d12a65a753,target_benchmark/Csv_3b/metadata.json,target_benchmark/Csv_3b/defects4j_info.txt
Csv,4,Csv_4b,4b,org.apache.commons.csv.CSVParser,1,1,target_benchmark/Csv_4b/source/org/apache/commons/csv/CSVParser.java,OK,459d10541e65e3cee781778193e7ef31c773f702792a290e183c328b7cdf3beb,target_benchmark/Csv_4b/metadata.json,target_benchmark/Csv_4b/defects4j_info.txt
Csv,5,Csv_5b,5b,org.apache.commons.csv.CSVPrinter,1,1,target_benchmark/Csv_5b/source/org/apache/commons/csv/CSVPrinter.java,OK,d23a2a9ae21bd4eae4ce5bac3b50316efded584045c17e7face28c930d424bac,target_benchmark/Csv_5b/metadata.json,target_benchmark/Csv_5b/defects4j_info.txt
Csv,6,Csv_6b,6b,org.apache.commons.csv.CSVRecord,1,1,target_benchmark/Csv_6b/source/org/apache/commons/csv/CSVRecord.java,OK,94c6924548926c6c0db86a93d0bd407a213c6a9df34f9ab375183de0b82ace69,target_benchmark/Csv_6b/metadata.json,target_benchmark/Csv_6b/defects4j_info.txt
Csv,7,Csv_7b,7b,org.apache.commons.csv.CSVParser,1,1,target_benchmark/Csv_7b/source/org/apache/commons/csv/CSVParser.java,OK,8effc2795931b0facac2a7ce9ea6c973e70791d99e1cca45a369c221c3ebf25c,target_benchmark/Csv_7b/metadata.json,target_benchmark/Csv_7b/defects4j_info.txt
Csv,8,Csv_8b,8b,org.apache.commons.csv.CSVFormat,1,1,target_benchmark/Csv_8b/source/org/apache/commons/csv/CSVFormat.java,OK,1f11cca3a1938ff2677ef57230cb6641461ff714660e16a7640f3260bd9f7654,target_benchmark/Csv_8b/metadata.json,target_benchmark/Csv_8b/defects4j_info.txt
Csv,9,Csv_9b,9b,org.apache.commons.csv.CSVRecord,1,1,target_benchmark/Csv_9b/source/org/apache/commons/csv/CSVRecord.java,OK,e81b748ea23384a2e5300976472015a313f992c4f5432280a47cffdb853e8a92,target_benchmark/Csv_9b/metadata.json,target_benchmark/Csv_9b/defects4j_info.txt
Gson,10,Gson_10b,10b,com.google.gson.internal.bind.ReflectiveTypeAdapterFactory,1,1,target_benchmark/Gson_10b/source/com/google/gson/internal/bind/ReflectiveTypeAdapterFactory.java,OK,c6494ad0128719ca0ee8c1693781122d62fe888a1d46243c65bc3f7b3d031172,target_benchmark/Gson_10b/metadata.json,target_benchmark/Gson_10b/defects4j_info.txt
Gson,11,Gson_11b,11b,com.google.gson.internal.bind.TypeAdapters,1,1,target_benchmark/Gson_11b/source/com/google/gson/internal/bind/TypeAdapters.java,OK,0fe0767fe80915937c9c2ed2926bcfec944c165f369aceb963e5499e5ac37123,target_benchmark/Gson_11b/metadata.json,target_benchmark/Gson_11b/defects4j_info.txt
Gson,12,Gson_12b,12b,com.google.gson.internal.bind.JsonTreeReader,1,1,target_benchmark/Gson_12b/source/com/google/gson/internal/bind/JsonTreeReader.java,OK,575b715439740ec3ea7fd6d1ddd90408067c91662c358d11eb9a3a9347f1a455,target_benchmark/Gson_12b/metadata.json,target_benchmark/Gson_12b/defects4j_info.txt
Gson,13,Gson_13b,13b,com.google.gson.stream.JsonReader,1,1,target_benchmark/Gson_13b/source/com/google/gson/stream/JsonReader.java,OK,ce4aa1b277f74753c4e52d43d175ba1577937952defa264bfa0726d7b8d2949e,target_benchmark/Gson_13b/metadata.json,target_benchmark/Gson_13b/defects4j_info.txt
Gson,14,Gson_14b,14b,com.google.gson.internal.$Gson$Types,1,1,target_benchmark/Gson_14b/source/com/google/gson/internal/$Gson$Types.java,OK,389f2231a3505d1a04e299b649fe9451bd277a07dec28dc965ef5fc4aa2f2ee5,target_benchmark/Gson_14b/metadata.json,target_benchmark/Gson_14b/defects4j_info.txt
Gson,15,Gson_15b,15b,com.google.gson.stream.JsonWriter,1,1,target_benchmark/Gson_15b/source/com/google/gson/stream/JsonWriter.java,OK,6b8dab3c2fc0f1e995163e17a4bf98e0ff88e4bf76fc13155e634addcc7916d8,target_benchmark/Gson_15b/metadata.json,target_benchmark/Gson_15b/defects4j_info.txt
Gson,16,Gson_16b,16b,com.google.gson.internal.$Gson$Types,1,1,target_benchmark/Gson_16b/source/com/google/gson/internal/$Gson$Types.java,OK,f272acc67dec85fbbf861589e0c26a6ccb17b3b828a3faf5b78f4da375eac1c7,target_benchmark/Gson_16b/metadata.json,target_benchmark/Gson_16b/defects4j_info.txt
Gson,17,Gson_17b,17b,com.google.gson.DefaultDateTypeAdapter,1,1,target_benchmark/Gson_17b/source/com/google/gson/DefaultDateTypeAdapter.java,OK,c8f23d1d16af38845b4a3b570cc989e43408e651e2a1eaa740bd910ce33a32d0,target_benchmark/Gson_17b/metadata.json,target_benchmark/Gson_17b/defects4j_info.txt
Gson,18,Gson_18b,18b,com.google.gson.internal.$Gson$Types,1,1,target_benchmark/Gson_18b/source/com/google/gson/internal/$Gson$Types.java,OK,1cd1746a1ccc1a92d90a95bd764907067e6f8ffbb9c050d2df104b48cb25040b,target_benchmark/Gson_18b/metadata.json,target_benchmark/Gson_18b/defects4j_info.txt
Gson,1,Gson_1b,1b,com.google.gson.TypeInfoFactory,1,1,target_benchmark/Gson_1b/source/com/google/gson/TypeInfoFactory.java,OK,da28c078ffb1fa693696f19ee3f2391f4d3158e86f7f4aa7da475819a85ba24e,target_benchmark/Gson_1b/metadata.json,target_benchmark/Gson_1b/defects4j_info.txt
Gson,2,Gson_2b,2b,com.google.gson.internal.bind.TypeAdapters,1,1,target_benchmark/Gson_2b/source/com/google/gson/internal/bind/TypeAdapters.java,OK,0986068e6dffbd0cdc02fd8365a6a0c923ee8e3d629330d838e12e6fd27c7ebc,target_benchmark/Gson_2b/metadata.json,target_benchmark/Gson_2b/defects4j_info.txt
Gson,3,Gson_3b,3b,com.google.gson.internal.ConstructorConstructor,1,1,target_benchmark/Gson_3b/source/com/google/gson/internal/ConstructorConstructor.java,OK,d3087e07b4f13cec7bba2c658c520105eb7c7ba814fa2ce665a87c2becfd0b7e,target_benchmark/Gson_3b/metadata.json,target_benchmark/Gson_3b/defects4j_info.txt
Gson,4,Gson_4b,4b,com.google.gson.stream.JsonReader,1,2,target_benchmark/Gson_4b/source/com/google/gson/stream/JsonReader.java,OK,57e35b8661c4c95db052be62d85f8219c59c819d9682505bc9e049339b3273a6,target_benchmark/Gson_4b/metadata.json,target_benchmark/Gson_4b/defects4j_info.txt
Gson,4,Gson_4b,4b,com.google.gson.stream.JsonWriter,2,2,target_benchmark/Gson_4b/source/com/google/gson/stream/JsonWriter.java,OK,3ae119f04d161b3d089cb73469691e8bed14fd9463a1cd0c7cfbf7a6bc78c28c,target_benchmark/Gson_4b/metadata.json,target_benchmark/Gson_4b/defects4j_info.txt
Gson,5,Gson_5b,5b,com.google.gson.internal.bind.util.ISO8601Utils,1,1,target_benchmark/Gson_5b/source/com/google/gson/internal/bind/util/ISO8601Utils.java,OK,68fb1652aa880d601469206ee275a46bfa17a48853c8a9880cbf8e1b07b4369e,target_benchmark/Gson_5b/metadata.json,target_benchmark/Gson_5b/defects4j_info.txt
Gson,6,Gson_6b,6b,com.google.gson.internal.bind.JsonAdapterAnnotationTypeAdapterFactory,1,1,target_benchmark/Gson_6b/source/com/google/gson/internal/bind/JsonAdapterAnnotationTypeAdapterFactory.java,OK,72055261f4745407a335b06d1c1e64bdc6b124218adbaa40c2a2fe1ec00c5d02,target_benchmark/Gson_6b/metadata.json,target_benchmark/Gson_6b/defects4j_info.txt
Gson,7,Gson_7b,7b,com.google.gson.stream.JsonReader,1,1,target_benchmark/Gson_7b/source/com/google/gson/stream/JsonReader.java,OK,64d15ca86b39debc3b78f505930dae243ee0c1e7951ee0fc45069eb894bea6e2,target_benchmark/Gson_7b/metadata.json,target_benchmark/Gson_7b/defects4j_info.txt
Gson,8,Gson_8b,8b,com.google.gson.internal.UnsafeAllocator,1,1,target_benchmark/Gson_8b/source/com/google/gson/internal/UnsafeAllocator.java,OK,e25cd67ebe602bc71bbc3a260cd487a2ff3edc3f87f41906554b0eb087de2674,target_benchmark/Gson_8b/metadata.json,target_benchmark/Gson_8b/defects4j_info.txt
Gson,9,Gson_9b,9b,com.google.gson.internal.bind.JsonTreeWriter,1,3,target_benchmark/Gson_9b/source/com/google/gson/internal/bind/JsonTreeWriter.java,OK,3f9a20c831ca6c7f2ac2b00da56bbfe90ff474a6daffb3e581555b07b56e14c0,target_benchmark/Gson_9b/metadata.json,target_benchmark/Gson_9b/defects4j_info.txt
Gson,9,Gson_9b,9b,com.google.gson.internal.bind.TypeAdapters,2,3,target_benchmark/Gson_9b/source/com/google/gson/internal/bind/TypeAdapters.java,OK,141c400af09fbb12b517b89c1d7a9e6857bd5e307587aab3a14391c600af5bcd,target_benchmark/Gson_9b/metadata.json,target_benchmark/Gson_9b/defects4j_info.txt
Gson,9,Gson_9b,9b,com.google.gson.stream.JsonWriter,3,3,target_benchmark/Gson_9b/source/com/google/gson/stream/JsonWriter.java,OK,f901f4f2198669c33e0039f0984eb2611faeb2e646e018f46310936dfb91ceab,target_benchmark/Gson_9b/metadata.json,target_benchmark/Gson_9b/defects4j_info.txt
JacksonCore,10,JacksonCore_10b,10b,com.fasterxml.jackson.core.sym.ByteQuadsCanonicalizer,1,1,target_benchmark/JacksonCore_10b/source/com/fasterxml/jackson/core/sym/ByteQuadsCanonicalizer.java,OK,9685ce8fc4e388063016496e42c552c14f9def32d537437bec343a88bb680137,target_benchmark/JacksonCore_10b/metadata.json,target_benchmark/JacksonCore_10b/defects4j_info.txt
JacksonCore,11,JacksonCore_11b,11b,com.fasterxml.jackson.core.sym.ByteQuadsCanonicalizer,1,1,target_benchmark/JacksonCore_11b/source/com/fasterxml/jackson/core/sym/ByteQuadsCanonicalizer.java,OK,b80af4a543d1b53934bf759debbefdd167529a64c9d40202c3ed532dad9b56d8,target_benchmark/JacksonCore_11b/metadata.json,target_benchmark/JacksonCore_11b/defects4j_info.txt
JacksonCore,12,JacksonCore_12b,12b,com.fasterxml.jackson.core.json.ReaderBasedJsonParser,1,2,target_benchmark/JacksonCore_12b/source/com/fasterxml/jackson/core/json/ReaderBasedJsonParser.java,OK,f4fcebcb660a7405ae68517de3a57b44a5f4be327f86f2b98b7d20a52f816d39,target_benchmark/JacksonCore_12b/metadata.json,target_benchmark/JacksonCore_12b/defects4j_info.txt
JacksonCore,12,JacksonCore_12b,12b,com.fasterxml.jackson.core.json.UTF8StreamJsonParser,2,2,target_benchmark/JacksonCore_12b/source/com/fasterxml/jackson/core/json/UTF8StreamJsonParser.java,OK,a64d43b93352febd47c0fc37dd84a57782f0a4d5371276cbac18872380c13125,target_benchmark/JacksonCore_12b/metadata.json,target_benchmark/JacksonCore_12b/defects4j_info.txt
JacksonCore,13,JacksonCore_13b,13b,com.fasterxml.jackson.core.json.JsonGeneratorImpl,1,1,target_benchmark/JacksonCore_13b/source/com/fasterxml/jackson/core/json/JsonGeneratorImpl.java,OK,74fd57df3b41fa6527d8e5f962cb1b8e0e75ed218a33029e7080717866323e83,target_benchmark/JacksonCore_13b/metadata.json,target_benchmark/JacksonCore_13b/defects4j_info.txt
JacksonCore,14,JacksonCore_14b,14b,com.fasterxml.jackson.core.io.IOContext,1,1,target_benchmark/JacksonCore_14b/source/com/fasterxml/jackson/core/io/IOContext.java,OK,5b058faea391fd8b69d309370276e5c68c56f03b099934d1a4934713bd7cc42b,target_benchmark/JacksonCore_14b/metadata.json,target_benchmark/JacksonCore_14b/defects4j_info.txt
JacksonCore,15,JacksonCore_15b,15b,com.fasterxml.jackson.core.filter.FilteringParserDelegate,1,1,target_benchmark/JacksonCore_15b/source/com/fasterxml/jackson/core/filter/FilteringParserDelegate.java,OK,ce5975dffa0e67b5176fa99bd5ea37c956923aa7ee58f66c712294c4ffb5d6ca,target_benchmark/JacksonCore_15b/metadata.json,target_benchmark/JacksonCore_15b/defects4j_info.txt
JacksonCore,16,JacksonCore_16b,16b,com.fasterxml.jackson.core.util.JsonParserSequence,1,1,target_benchmark/JacksonCore_16b/source/com/fasterxml/jackson/core/util/JsonParserSequence.java,OK,56d60c7c15c96c2a1dfb91bd49c1a0a6e288dd3089071da884180d1598d6de6c,target_benchmark/JacksonCore_16b/metadata.json,target_benchmark/JacksonCore_16b/defects4j_info.txt
JacksonCore,17,JacksonCore_17b,17b,com.fasterxml.jackson.core.json.UTF8JsonGenerator,1,1,target_benchmark/JacksonCore_17b/source/com/fasterxml/jackson/core/json/UTF8JsonGenerator.java,OK,1986c8eb9f5844b493f3a7c562050aa3b1d4bb1ed77e74af5f2774a6f5255e4e,target_benchmark/JacksonCore_17b/metadata.json,target_benchmark/JacksonCore_17b/defects4j_info.txt
JacksonCore,18,JacksonCore_18b,18b,com.fasterxml.jackson.core.base.GeneratorBase,1,3,target_benchmark/JacksonCore_18b/source/com/fasterxml/jackson/core/base/GeneratorBase.java,OK,2a5a258cf5e46b39dc805f1d558d0637f7affaec31e5185843da1d569fe66f27,target_benchmark/JacksonCore_18b/metadata.json,target_benchmark/JacksonCore_18b/defects4j_info.txt
JacksonCore,18,JacksonCore_18b,18b,com.fasterxml.jackson.core.json.UTF8JsonGenerator,2,3,target_benchmark/JacksonCore_18b/source/com/fasterxml/jackson/core/json/UTF8JsonGenerator.java,OK,d2021f35f14a390c4998ac58a92e638016eac1039f15a64e51856962555c4058,target_benchmark/JacksonCore_18b/metadata.json,target_benchmark/JacksonCore_18b/defects4j_info.txt
JacksonCore,18,JacksonCore_18b,18b,com.fasterxml.jackson.core.json.WriterBasedJsonGenerator,3,3,target_benchmark/JacksonCore_18b/source/com/fasterxml/jackson/core/json/WriterBasedJsonGenerator.java,OK,541c8ff600fcdae63149488fc90be5b484991e395131a39d2377aef0fca270f4,target_benchmark/JacksonCore_18b/metadata.json,target_benchmark/JacksonCore_18b/defects4j_info.txt
JacksonCore,19,JacksonCore_19b,19b,com.fasterxml.jackson.core.json.ReaderBasedJsonParser,1,2,target_benchmark/JacksonCore_19b/source/com/fasterxml/jackson/core/json/ReaderBasedJsonParser.java,OK,b3a6eac001c4e906ed5b87367ab7599f3334d6a3e520f0be23ccf0a8a37c8f51,target_benchmark/JacksonCore_19b/metadata.json,target_benchmark/JacksonCore_19b/defects4j_info.txt
JacksonCore,19,JacksonCore_19b,19b,com.fasterxml.jackson.core.json.UTF8StreamJsonParser,2,2,target_benchmark/JacksonCore_19b/source/com/fasterxml/jackson/core/json/UTF8StreamJsonParser.java,OK,f4b82d6ac3ca9b4612cf610f558fed5965119e9cad4f691051884bb075e17dc9,target_benchmark/JacksonCore_19b/metadata.json,target_benchmark/JacksonCore_19b/defects4j_info.txt
JacksonCore,1,JacksonCore_1b,1b,com.fasterxml.jackson.core.io.NumberInput,1,2,target_benchmark/JacksonCore_1b/source/com/fasterxml/jackson/core/io/NumberInput.java,OK,5539e918f57a29aef1b6806c4c2e6c559f0f2e99d06734b5d4143e312fac77b6,target_benchmark/JacksonCore_1b/metadata.json,target_benchmark/JacksonCore_1b/defects4j_info.txt
JacksonCore,1,JacksonCore_1b,1b,com.fasterxml.jackson.core.util.TextBuffer,2,2,target_benchmark/JacksonCore_1b/source/com/fasterxml/jackson/core/util/TextBuffer.java,OK,f03612aab41f51e645a9507742fec9167504c6ae6cde84f7b785f8f48fa11324,target_benchmark/JacksonCore_1b/metadata.json,target_benchmark/JacksonCore_1b/defects4j_info.txt
JacksonCore,20,JacksonCore_20b,20b,com.fasterxml.jackson.core.JsonGenerator,1,1,target_benchmark/JacksonCore_20b/source/com/fasterxml/jackson/core/JsonGenerator.java,OK,fb4e8c6afe2604c82db9e6a28f65db695b4011e1b7dc4a86106b7734d9c49bcf,target_benchmark/JacksonCore_20b/metadata.json,target_benchmark/JacksonCore_20b/defects4j_info.txt
JacksonCore,21,JacksonCore_21b,21b,com.fasterxml.jackson.core.filter.FilteringParserDelegate,1,1,target_benchmark/JacksonCore_21b/source/com/fasterxml/jackson/core/filter/FilteringParserDelegate.java,OK,55832b3797b2f3efda4e295eab8eb6b07760786e46eed46337616c2a7de75b5f,target_benchmark/JacksonCore_21b/metadata.json,target_benchmark/JacksonCore_21b/defects4j_info.txt
JacksonCore,22,JacksonCore_22b,22b,com.fasterxml.jackson.core.filter.FilteringParserDelegate,1,1,target_benchmark/JacksonCore_22b/source/com/fasterxml/jackson/core/filter/FilteringParserDelegate.java,OK,92729e39691739a6cda127a43ab18908b7b5b09101f0d1d1640b3a23e6d1c678,target_benchmark/JacksonCore_22b/metadata.json,target_benchmark/JacksonCore_22b/defects4j_info.txt
JacksonCore,23,JacksonCore_23b,23b,com.fasterxml.jackson.core.util.DefaultPrettyPrinter,1,1,target_benchmark/JacksonCore_23b/source/com/fasterxml/jackson/core/util/DefaultPrettyPrinter.java,OK,270bddcd3a77b38fac9aa1f504c9bec2d32a55260ddbad92b0db345bd0d337f4,target_benchmark/JacksonCore_23b/metadata.json,target_benchmark/JacksonCore_23b/defects4j_info.txt
JacksonCore,24,JacksonCore_24b,24b,com.fasterxml.jackson.core.base.ParserBase,1,2,target_benchmark/JacksonCore_24b/source/com/fasterxml/jackson/core/base/ParserBase.java,OK,178f42bb671807f6f5a284a992d1b8bc33d01c2e197a2bb6073aa7c5943e3547,target_benchmark/JacksonCore_24b/metadata.json,target_benchmark/JacksonCore_24b/defects4j_info.txt
JacksonCore,24,JacksonCore_24b,24b,com.fasterxml.jackson.core.base.ParserMinimalBase,2,2,target_benchmark/JacksonCore_24b/source/com/fasterxml/jackson/core/base/ParserMinimalBase.java,OK,83228d69be20c1e2849c4bbd7db277332f256aff1f0eabd8b99154265bfa0b65,target_benchmark/JacksonCore_24b/metadata.json,target_benchmark/JacksonCore_24b/defects4j_info.txt
JacksonCore,25,JacksonCore_25b,25b,com.fasterxml.jackson.core.json.ReaderBasedJsonParser,1,1,target_benchmark/JacksonCore_25b/source/com/fasterxml/jackson/core/json/ReaderBasedJsonParser.java,OK,dc61fc35f74363a550a3fcb81efc1e21726016c4ea91779790344c53885d9db5,target_benchmark/JacksonCore_25b/metadata.json,target_benchmark/JacksonCore_25b/defects4j_info.txt
JacksonCore,26,JacksonCore_26b,26b,com.fasterxml.jackson.core.json.async.NonBlockingJsonParser,1,1,target_benchmark/JacksonCore_26b/source/com/fasterxml/jackson/core/json/async/NonBlockingJsonParser.java,OK,aa8c6b5072085739b961ca1a80283b88d392ae4a0e9a3cca6b11bbf876d475bd,target_benchmark/JacksonCore_26b/metadata.json,target_benchmark/JacksonCore_26b/defects4j_info.txt
JacksonCore,2,JacksonCore_2b,2b,com.fasterxml.jackson.core.json.ReaderBasedJsonParser,1,2,target_benchmark/JacksonCore_2b/source/com/fasterxml/jackson/core/json/ReaderBasedJsonParser.java,OK,b43a29b65824da73fd65ff0783048fdfbf1451f73995e207b3e81b5b0600021e,target_benchmark/JacksonCore_2b/metadata.json,target_benchmark/JacksonCore_2b/defects4j_info.txt
JacksonCore,2,JacksonCore_2b,2b,com.fasterxml.jackson.core.json.UTF8StreamJsonParser,2,2,target_benchmark/JacksonCore_2b/source/com/fasterxml/jackson/core/json/UTF8StreamJsonParser.java,OK,54c850e706011a4c7e1ed9848f5c9b1034ced21d4fbe1c22a2bff41fab860be7,target_benchmark/JacksonCore_2b/metadata.json,target_benchmark/JacksonCore_2b/defects4j_info.txt
JacksonCore,3,JacksonCore_3b,3b,com.fasterxml.jackson.core.json.UTF8StreamJsonParser,1,1,target_benchmark/JacksonCore_3b/source/com/fasterxml/jackson/core/json/UTF8StreamJsonParser.java,OK,5a8cb399d817374cfc43f5f6e7aaa4128c77d74d49893bf1f937b3b72831a4f6,target_benchmark/JacksonCore_3b/metadata.json,target_benchmark/JacksonCore_3b/defects4j_info.txt
JacksonCore,4,JacksonCore_4b,4b,com.fasterxml.jackson.core.util.TextBuffer,1,1,target_benchmark/JacksonCore_4b/source/com/fasterxml/jackson/core/util/TextBuffer.java,OK,c210e816897c39b0a529bda505a3af4d92816dec6580b721c3d70f26fb891335,target_benchmark/JacksonCore_4b/metadata.json,target_benchmark/JacksonCore_4b/defects4j_info.txt
JacksonCore,5,JacksonCore_5b,5b,com.fasterxml.jackson.core.JsonPointer,1,1,target_benchmark/JacksonCore_5b/source/com/fasterxml/jackson/core/JsonPointer.java,OK,9c8ee0ca0453ab7d263a7d94f408103e7fef89a26b9b86ac3b45767ca1fb832d,target_benchmark/JacksonCore_5b/metadata.json,target_benchmark/JacksonCore_5b/defects4j_info.txt
JacksonCore,6,JacksonCore_6b,6b,com.fasterxml.jackson.core.JsonPointer,1,1,target_benchmark/JacksonCore_6b/source/com/fasterxml/jackson/core/JsonPointer.java,OK,d0361de69554e9a9326f8929a0c412a98136f18126ac37ffe4ebbc4fa484ac01,target_benchmark/JacksonCore_6b/metadata.json,target_benchmark/JacksonCore_6b/defects4j_info.txt
JacksonCore,7,JacksonCore_7b,7b,com.fasterxml.jackson.core.json.JsonWriteContext,1,1,target_benchmark/JacksonCore_7b/source/com/fasterxml/jackson/core/json/JsonWriteContext.java,OK,a52a6a0de77849fd188e9afc59369ef570fe302e6fdda28cf0d3bd32a76aa11f,target_benchmark/JacksonCore_7b/metadata.json,target_benchmark/JacksonCore_7b/defects4j_info.txt
JacksonCore,8,JacksonCore_8b,8b,com.fasterxml.jackson.core.util.TextBuffer,1,1,target_benchmark/JacksonCore_8b/source/com/fasterxml/jackson/core/util/TextBuffer.java,OK,00d38228db8d18ea6be91e8f727e9d7bdd43068c4edda58bb5363d8a9c4b10c5,target_benchmark/JacksonCore_8b/metadata.json,target_benchmark/JacksonCore_8b/defects4j_info.txt
JacksonCore,9,JacksonCore_9b,9b,com.fasterxml.jackson.core.base.ParserMinimalBase,1,3,target_benchmark/JacksonCore_9b/source/com/fasterxml/jackson/core/base/ParserMinimalBase.java,OK,47ad2cf896aa659696bb78f192619c3b54a075dbe611373dcef580d32b2e0679,target_benchmark/JacksonCore_9b/metadata.json,target_benchmark/JacksonCore_9b/defects4j_info.txt
JacksonCore,9,JacksonCore_9b,9b,com.fasterxml.jackson.core.json.ReaderBasedJsonParser,2,3,target_benchmark/JacksonCore_9b/source/com/fasterxml/jackson/core/json/ReaderBasedJsonParser.java,OK,8ddbd73e753238b9ec262d05dbdc5314dbd2f2af68c16f7b8c30bea81883968c,target_benchmark/JacksonCore_9b/metadata.json,target_benchmark/JacksonCore_9b/defects4j_info.txt
JacksonCore,9,JacksonCore_9b,9b,com.fasterxml.jackson.core.json.UTF8StreamJsonParser,3,3,target_benchmark/JacksonCore_9b/source/com/fasterxml/jackson/core/json/UTF8StreamJsonParser.java,OK,7abe318cf0b0bdb5f205bbd976e1314112d194141487dd12602b612aa001a8a4,target_benchmark/JacksonCore_9b/metadata.json,target_benchmark/JacksonCore_9b/defects4j_info.txt
JacksonDatabind,100,JacksonDatabind_100b,100b,com.fasterxml.jackson.databind.node.TreeTraversingParser,1,1,target_benchmark/JacksonDatabind_100b/source/com/fasterxml/jackson/databind/node/TreeTraversingParser.java,OK,f64e237e3f6f073e5564db4907a5b68d60c03c860fcf7b0b342db1cccac727c7,target_benchmark/JacksonDatabind_100b/metadata.json,target_benchmark/JacksonDatabind_100b/defects4j_info.txt
JacksonDatabind,101,JacksonDatabind_101b,101b,com.fasterxml.jackson.databind.deser.BeanDeserializer,1,1,target_benchmark/JacksonDatabind_101b/source/com/fasterxml/jackson/databind/deser/BeanDeserializer.java,OK,b2c9c0c48136db9c4815bd553697ec2bd7a646f64232a6cf3602654c5b97b832,target_benchmark/JacksonDatabind_101b/metadata.json,target_benchmark/JacksonDatabind_101b/defects4j_info.txt
JacksonDatabind,102,JacksonDatabind_102b,102b,com.fasterxml.jackson.databind.ser.std.DateTimeSerializerBase,1,1,target_benchmark/JacksonDatabind_102b/source/com/fasterxml/jackson/databind/ser/std/DateTimeSerializerBase.java,OK,ff71bc2db313a652890f53ac4b4a1b090e84065539fa6840e162ec3692286e18,target_benchmark/JacksonDatabind_102b/metadata.json,target_benchmark/JacksonDatabind_102b/defects4j_info.txt
JacksonDatabind,103,JacksonDatabind_103b,103b,com.fasterxml.jackson.databind.DatabindContext,1,16,target_benchmark/JacksonDatabind_103b/source/com/fasterxml/jackson/databind/DatabindContext.java,OK,51a0601cc35f879d01c734760d090ec5a99ab60d1d90b9d7e21cec20209761e3,target_benchmark/JacksonDatabind_103b/metadata.json,target_benchmark/JacksonDatabind_103b/defects4j_info.txt
JacksonDatabind,103,JacksonDatabind_103b,103b,com.fasterxml.jackson.databind.DeserializationContext,2,16,target_benchmark/JacksonDatabind_103b/source/com/fasterxml/jackson/databind/DeserializationContext.java,OK,9f7aa818fff52ac3e7100da1006f77c68363bd0353f989a6483f0b78cc246a59,target_benchmark/JacksonDatabind_103b/metadata.json,target_benchmark/JacksonDatabind_103b/defects4j_info.txt
JacksonDatabind,103,JacksonDatabind_103b,103b,com.fasterxml.jackson.databind.JsonMappingException,3,16,target_benchmark/JacksonDatabind_103b/source/com/fasterxml/jackson/databind/JsonMappingException.java,OK,720a6c52990076c9be7bd1ee0dd74093ef220f9f00b35e33d86f859b97b1c1e7,target_benchmark/JacksonDatabind_103b/metadata.json,target_benchmark/JacksonDatabind_103b/defects4j_info.txt
JacksonDatabind,103,JacksonDatabind_103b,103b,com.fasterxml.jackson.databind.SerializerProvider,4,16,target_benchmark/JacksonDatabind_103b/source/com/fasterxml/jackson/databind/SerializerProvider.java,OK,be004a7880d56129e0e8a26e647ce9ef8589159fdee0a805a6cae9d79ba7fd3e,target_benchmark/JacksonDatabind_103b/metadata.json,target_benchmark/JacksonDatabind_103b/defects4j_info.txt
JacksonDatabind,103,JacksonDatabind_103b,103b,com.fasterxml.jackson.databind.deser.BasicDeserializerFactory,5,16,target_benchmark/JacksonDatabind_103b/source/com/fasterxml/jackson/databind/deser/BasicDeserializerFactory.java,OK,a7d15ec24a008a6dfd1ae19ad381f1073c70c1284bf8361bbde4b6f992a697dd,target_benchmark/JacksonDatabind_103b/metadata.json,target_benchmark/JacksonDatabind_103b/defects4j_info.txt
JacksonDatabind,103,JacksonDatabind_103b,103b,com.fasterxml.jackson.databind.deser.BeanDeserializerFactory,6,16,target_benchmark/JacksonDatabind_103b/source/com/fasterxml/jackson/databind/deser/BeanDeserializerFactory.java,OK,d68e8c1e89748733e1c935462ecc2570886900eb184efd347b0e22462026d373,target_benchmark/JacksonDatabind_103b/metadata.json,target_benchmark/JacksonDatabind_103b/defects4j_info.txt
JacksonDatabind,103,JacksonDatabind_103b,103b,com.fasterxml.jackson.databind.deser.DeserializerCache,7,16,target_benchmark/JacksonDatabind_103b/source/com/fasterxml/jackson/databind/deser/DeserializerCache.java,OK,af906c54832411261a3aad6e41abe7d64c923908a4ca93a7f5622ecfb45c0356,target_benchmark/JacksonDatabind_103b/metadata.json,target_benchmark/JacksonDatabind_103b/defects4j_info.txt
JacksonDatabind,103,JacksonDatabind_103b,103b,com.fasterxml.jackson.databind.deser.SettableAnyProperty,8,16,target_benchmark/JacksonDatabind_103b/source/com/fasterxml/jackson/databind/deser/SettableAnyProperty.java,OK,fdd36e1178053eb8efb50a5debd813a3abc632999cf069a8e054da6dfdb69833,target_benchmark/JacksonDatabind_103b/metadata.json,target_benchmark/JacksonDatabind_103b/defects4j_info.txt
JacksonDatabind,103,JacksonDatabind_103b,103b,com.fasterxml.jackson.databind.deser.SettableBeanProperty,9,16,target_benchmark/JacksonDatabind_103b/source/com/fasterxml/jackson/databind/deser/SettableBeanProperty.java,OK,25de31830800c8f62a8cd07e7a09597899e1aea4e8e75029a5ebc2f6ff0f5396,target_benchmark/JacksonDatabind_103b/metadata.json,target_benchmark/JacksonDatabind_103b/defects4j_info.txt
JacksonDatabind,103,JacksonDatabind_103b,103b,com.fasterxml.jackson.databind.deser.std.StdDeserializer,10,16,target_benchmark/JacksonDatabind_103b/source/com/fasterxml/jackson/databind/deser/std/StdDeserializer.java,OK,5351214d304854615ec6f7f37d80168192f7ac00db175456a8c7203908dca510,target_benchmark/JacksonDatabind_103b/metadata.json,target_benchmark/JacksonDatabind_103b/defects4j_info.txt
JacksonDatabind,103,JacksonDatabind_103b,103b,com.fasterxml.jackson.databind.deser.std.StdKeyDeserializer,11,16,target_benchmark/JacksonDatabind_103b/source/com/fasterxml/jackson/databind/deser/std/StdKeyDeserializer.java,OK,029f6219f74d69860af91abe027e6eabb78aff4df55dfdd0e2ff5642042a0c53,target_benchmark/JacksonDatabind_103b/metadata.json,target_benchmark/JacksonDatabind_103b/defects4j_info.txt
JacksonDatabind,103,JacksonDatabind_103b,103b,com.fasterxml.jackson.databind.deser.std.StdValueInstantiator,12,16,target_benchmark/JacksonDatabind_103b/source/com/fasterxml/jackson/databind/deser/std/StdValueInstantiator.java,OK,669adbf920f39eb30fd8be4f72335300b419247d3da5644b5cf56fba7e810690,target_benchmark/JacksonDatabind_103b/metadata.json,target_benchmark/JacksonDatabind_103b/defects4j_info.txt
JacksonDatabind,103,JacksonDatabind_103b,103b,com.fasterxml.jackson.databind.introspect.BasicBeanDescription,13,16,target_benchmark/JacksonDatabind_103b/source/com/fasterxml/jackson/databind/introspect/BasicBeanDescription.java,OK,bf520b3126157469f66925131dba30053e276adfe0f6f045cc696510c267d9e6,target_benchmark/JacksonDatabind_103b/metadata.json,target_benchmark/JacksonDatabind_103b/defects4j_info.txt
JacksonDatabind,103,JacksonDatabind_103b,103b,com.fasterxml.jackson.databind.ser.DefaultSerializerProvider,14,16,target_benchmark/JacksonDatabind_103b/source/com/fasterxml/jackson/databind/ser/DefaultSerializerProvider.java,OK,a06f400e1767abe14f0115faef95c0bcfae21feda07d3a51b80aa7300c0d92b5,target_benchmark/JacksonDatabind_103b/metadata.json,target_benchmark/JacksonDatabind_103b/defects4j_info.txt
JacksonDatabind,103,JacksonDatabind_103b,103b,com.fasterxml.jackson.databind.ser.PropertyBuilder,15,16,target_benchmark/JacksonDatabind_103b/source/com/fasterxml/jackson/databind/ser/PropertyBuilder.java,OK,6bae815adc345c37af79a782981230660b06b6e230c821e06b9737a6796e3c3f,target_benchmark/JacksonDatabind_103b/metadata.json,target_benchmark/JacksonDatabind_103b/defects4j_info.txt
JacksonDatabind,103,JacksonDatabind_103b,103b,com.fasterxml.jackson.databind.util.ClassUtil,16,16,target_benchmark/JacksonDatabind_103b/source/com/fasterxml/jackson/databind/util/ClassUtil.java,OK,dcaadca1b3cfecff7039e7692185a5e923cd4dbf47b4c0e1d54093b1a397689f,target_benchmark/JacksonDatabind_103b/metadata.json,target_benchmark/JacksonDatabind_103b/defects4j_info.txt
JacksonDatabind,104,JacksonDatabind_104b,104b,com.fasterxml.jackson.databind.util.StdDateFormat,1,1,target_benchmark/JacksonDatabind_104b/source/com/fasterxml/jackson/databind/util/StdDateFormat.java,OK,9365ae82bf008fecf9654faa31705b41ab16986ddcf584e73c8defa95c98897d,target_benchmark/JacksonDatabind_104b/metadata.json,target_benchmark/JacksonDatabind_104b/defects4j_info.txt
JacksonDatabind,105,JacksonDatabind_105b,105b,com.fasterxml.jackson.databind.deser.std.JdkDeserializers,1,1,target_benchmark/JacksonDatabind_105b/source/com/fasterxml/jackson/databind/deser/std/JdkDeserializers.java,OK,b2edcae321bf8c114dffb0dd061278f4b6e59629e48855d630771cd5a32e190c,target_benchmark/JacksonDatabind_105b/metadata.json,target_benchmark/JacksonDatabind_105b/defects4j_info.txt
JacksonDatabind,106,JacksonDatabind_106b,106b,com.fasterxml.jackson.databind.node.TreeTraversingParser,1,1,target_benchmark/JacksonDatabind_106b/source/com/fasterxml/jackson/databind/node/TreeTraversingParser.java,OK,739c8c513497fda0f4732125002967a6f74d7d1e7028b407ed5703605c0acdd9,target_benchmark/JacksonDatabind_106b/metadata.json,target_benchmark/JacksonDatabind_106b/defects4j_info.txt
JacksonDatabind,107,JacksonDatabind_107b,107b,com.fasterxml.jackson.databind.jsontype.impl.TypeDeserializerBase,1,1,target_benchmark/JacksonDatabind_107b/source/com/fasterxml/jackson/databind/jsontype/impl/TypeDeserializerBase.java,OK,d0a8769fddba206ee2bb2a372bd8a2f7a3892e6dbb381f18e4703be486d5dde3,target_benchmark/JacksonDatabind_107b/metadata.json,target_benchmark/JacksonDatabind_107b/defects4j_info.txt
JacksonDatabind,108,JacksonDatabind_108b,108b,com.fasterxml.jackson.databind.ObjectReader,1,1,target_benchmark/JacksonDatabind_108b/source/com/fasterxml/jackson/databind/ObjectReader.java,OK,e4a991f7f2e889fa3afe32fd223389dddb94a43e619032b9d4db8e87681d99f9,target_benchmark/JacksonDatabind_108b/metadata.json,target_benchmark/JacksonDatabind_108b/defects4j_info.txt
JacksonDatabind,109,JacksonDatabind_109b,109b,com.fasterxml.jackson.databind.ser.std.NumberSerializer,1,2,target_benchmark/JacksonDatabind_109b/source/com/fasterxml/jackson/databind/ser/std/NumberSerializer.java,OK,53abf1d0f1544978eb43f081c40227d16b4814328ed116e72b3d8fc03a0ace56,target_benchmark/JacksonDatabind_109b/metadata.json,target_benchmark/JacksonDatabind_109b/defects4j_info.txt
JacksonDatabind,109,JacksonDatabind_109b,109b,com.fasterxml.jackson.databind.ser.std.NumberSerializers,2,2,target_benchmark/JacksonDatabind_109b/source/com/fasterxml/jackson/databind/ser/std/NumberSerializers.java,OK,471baee305bb141d37d230027596bbc590732f68a7d3890cf26fcf7889dd6d2c,target_benchmark/JacksonDatabind_109b/metadata.json,target_benchmark/JacksonDatabind_109b/defects4j_info.txt
JacksonDatabind,10,JacksonDatabind_10b,10b,com.fasterxml.jackson.databind.ser.AnyGetterWriter,1,2,target_benchmark/JacksonDatabind_10b/source/com/fasterxml/jackson/databind/ser/AnyGetterWriter.java,OK,534c9d85184ad6ba299422cca143a5fef415481d05f48250af7aae7e8b6781ce,target_benchmark/JacksonDatabind_10b/metadata.json,target_benchmark/JacksonDatabind_10b/defects4j_info.txt
JacksonDatabind,10,JacksonDatabind_10b,10b,com.fasterxml.jackson.databind.ser.BeanSerializerFactory,2,2,target_benchmark/JacksonDatabind_10b/source/com/fasterxml/jackson/databind/ser/BeanSerializerFactory.java,OK,20e11a837cde1bd0b61ebe77ba325ae14c7ea505884713678aae88369e2226b6,target_benchmark/JacksonDatabind_10b/metadata.json,target_benchmark/JacksonDatabind_10b/defects4j_info.txt
JacksonDatabind,110,JacksonDatabind_110b,110b,com.fasterxml.jackson.databind.deser.impl.JavaUtilCollectionsDeserializers,1,1,target_benchmark/JacksonDatabind_110b/source/com/fasterxml/jackson/databind/deser/impl/JavaUtilCollectionsDeserializers.java,OK,6e8407d90d673443e989c4e5b9950eb116e51425434c49ec33d8200c4c6d7c5f,target_benchmark/JacksonDatabind_110b/metadata.json,target_benchmark/JacksonDatabind_110b/defects4j_info.txt
JacksonDatabind,111,JacksonDatabind_111b,111b,com.fasterxml.jackson.databind.deser.CreatorProperty,1,7,target_benchmark/JacksonDatabind_111b/source/com/fasterxml/jackson/databind/deser/CreatorProperty.java,OK,32a6dc95d774b109f538b945148e54d89a00f2e6a5f39e0b7558791d63f3986b,target_benchmark/JacksonDatabind_111b/metadata.json,target_benchmark/JacksonDatabind_111b/defects4j_info.txt
JacksonDatabind,111,JacksonDatabind_111b,111b,com.fasterxml.jackson.databind.deser.impl.FieldProperty,2,7,target_benchmark/JacksonDatabind_111b/source/com/fasterxml/jackson/databind/deser/impl/FieldProperty.java,OK,d2ea587c20c3296dd0a36745a4ce063da9453002d5104b90ee915252e6ebfd51,target_benchmark/JacksonDatabind_111b/metadata.json,target_benchmark/JacksonDatabind_111b/defects4j_info.txt
JacksonDatabind,111,JacksonDatabind_111b,111b,com.fasterxml.jackson.databind.deser.impl.MethodProperty,3,7,target_benchmark/JacksonDatabind_111b/source/com/fasterxml/jackson/databind/deser/impl/MethodProperty.java,OK,3c3d9db5aacc39c6671e5081e9d5a047cbc5bf225d7526def6474ace801df6aa,target_benchmark/JacksonDatabind_111b/metadata.json,target_benchmark/JacksonDatabind_111b/defects4j_info.txt
JacksonDatabind,111,JacksonDatabind_111b,111b,com.fasterxml.jackson.databind.deser.impl.ObjectIdReferenceProperty,4,7,target_benchmark/JacksonDatabind_111b/source/com/fasterxml/jackson/databind/deser/impl/ObjectIdReferenceProperty.java,OK,aae1dd3f2663460524a340938710ff0001590b700da9ac624ca41a4212e9fcb8,target_benchmark/JacksonDatabind_111b/metadata.json,target_benchmark/JacksonDatabind_111b/defects4j_info.txt
JacksonDatabind,111,JacksonDatabind_111b,111b,com.fasterxml.jackson.databind.deser.impl.ObjectIdValueProperty,5,7,target_benchmark/JacksonDatabind_111b/source/com/fasterxml/jackson/databind/deser/impl/ObjectIdValueProperty.java,OK,3bd076a6c32c8dc1856176ab77fcc0345aab01e37610f40993e7f941c57a67b4,target_benchmark/JacksonDatabind_111b/metadata.json,target_benchmark/JacksonDatabind_111b/defects4j_info.txt
JacksonDatabind,111,JacksonDatabind_111b,111b,com.fasterxml.jackson.databind.deser.impl.SetterlessProperty,6,7,target_benchmark/JacksonDatabind_111b/source/com/fasterxml/jackson/databind/deser/impl/SetterlessProperty.java,OK,7f617904d09f685a33f439e51eca9ddbb17193f1985195ba9434b878239f46d3,target_benchmark/JacksonDatabind_111b/metadata.json,target_benchmark/JacksonDatabind_111b/defects4j_info.txt
JacksonDatabind,111,JacksonDatabind_111b,111b,com.fasterxml.jackson.databind.deser.std.AtomicReferenceDeserializer,7,7,target_benchmark/JacksonDatabind_111b/source/com/fasterxml/jackson/databind/deser/std/AtomicReferenceDeserializer.java,OK,871adeb064d4c6bd3e5b118254b1eb85a1122f84d33fb56e7d7ef21f7c681225,target_benchmark/JacksonDatabind_111b/metadata.json,target_benchmark/JacksonDatabind_111b/defects4j_info.txt
JacksonDatabind,112,JacksonDatabind_112b,112b,com.fasterxml.jackson.databind.deser.std.StringCollectionDeserializer,1,1,target_benchmark/JacksonDatabind_112b/source/com/fasterxml/jackson/databind/deser/std/StringCollectionDeserializer.java,OK,cf946c7fad79f432fb197391905a866e81a9147b742bd95dbd4ebd73fc5ca06f,target_benchmark/JacksonDatabind_112b/metadata.json,target_benchmark/JacksonDatabind_112b/defects4j_info.txt
JacksonDatabind,11,JacksonDatabind_11b,11b,com.fasterxml.jackson.databind.type.TypeFactory,1,1,target_benchmark/JacksonDatabind_11b/source/com/fasterxml/jackson/databind/type/TypeFactory.java,OK,8b9e242ddf00ba6336d94e9259784a3bb8f7bd58689e84324df03d95149d9e77,target_benchmark/JacksonDatabind_11b/metadata.json,target_benchmark/JacksonDatabind_11b/defects4j_info.txt
JacksonDatabind,12,JacksonDatabind_12b,12b,com.fasterxml.jackson.databind.deser.std.MapDeserializer,1,1,target_benchmark/JacksonDatabind_12b/source/com/fasterxml/jackson/databind/deser/std/MapDeserializer.java,OK,1650470a3b5dee5a3b61789b8cc99cd1987d8ce91d959a7c4961570d433c754c,target_benchmark/JacksonDatabind_12b/metadata.json,target_benchmark/JacksonDatabind_12b/defects4j_info.txt
JacksonDatabind,13,JacksonDatabind_13b,13b,com.fasterxml.jackson.databind.deser.DefaultDeserializationContext,1,2,target_benchmark/JacksonDatabind_13b/source/com/fasterxml/jackson/databind/deser/DefaultDeserializationContext.java,OK,545c8cec89d8e2ddcdfe11e815927201728c0d4a44a3566c23e370353eb4875b,target_benchmark/JacksonDatabind_13b/metadata.json,target_benchmark/JacksonDatabind_13b/defects4j_info.txt
JacksonDatabind,13,JacksonDatabind_13b,13b,com.fasterxml.jackson.databind.deser.impl.ObjectIdValueProperty,2,2,target_benchmark/JacksonDatabind_13b/source/com/fasterxml/jackson/databind/deser/impl/ObjectIdValueProperty.java,OK,2ee26effef07218f344c6268342c555815666852eafa166847b15d55fd011dd8,target_benchmark/JacksonDatabind_13b/metadata.json,target_benchmark/JacksonDatabind_13b/defects4j_info.txt
JacksonDatabind,14,JacksonDatabind_14b,14b,com.fasterxml.jackson.databind.ObjectReader,1,1,target_benchmark/JacksonDatabind_14b/source/com/fasterxml/jackson/databind/ObjectReader.java,OK,380a92445c0a56aebcee6e4f3f78a49d2eb473f715d9a9de87fbf0dabaf91110,target_benchmark/JacksonDatabind_14b/metadata.json,target_benchmark/JacksonDatabind_14b/defects4j_info.txt
JacksonDatabind,15,JacksonDatabind_15b,15b,com.fasterxml.jackson.databind.JavaType,1,5,target_benchmark/JacksonDatabind_15b/source/com/fasterxml/jackson/databind/JavaType.java,OK,4b4495cad95f838a1af8772ff64ae97c04d4f2dec50c1678477101b3e32b5973,target_benchmark/JacksonDatabind_15b/metadata.json,target_benchmark/JacksonDatabind_15b/defects4j_info.txt
JacksonDatabind,15,JacksonDatabind_15b,15b,com.fasterxml.jackson.databind.ser.BeanSerializerFactory,2,5,target_benchmark/JacksonDatabind_15b/source/com/fasterxml/jackson/databind/ser/BeanSerializerFactory.java,OK,c1eabfeb04c5830ffd7d6507096318a66434162ac4b0d08607ad03fc935aa4e2,target_benchmark/JacksonDatabind_15b/metadata.json,target_benchmark/JacksonDatabind_15b/defects4j_info.txt
JacksonDatabind,15,JacksonDatabind_15b,15b,com.fasterxml.jackson.databind.ser.std.BeanSerializerBase,3,5,target_benchmark/JacksonDatabind_15b/source/com/fasterxml/jackson/databind/ser/std/BeanSerializerBase.java,OK,a259c742ac6eaa5adf643f79f4f36b97ded20b7e702b7b2f6f084b7d22a9b8f9,target_benchmark/JacksonDatabind_15b/metadata.json,target_benchmark/JacksonDatabind_15b/defects4j_info.txt
JacksonDatabind,15,JacksonDatabind_15b,15b,com.fasterxml.jackson.databind.ser.std.StdDelegatingSerializer,4,5,target_benchmark/JacksonDatabind_15b/source/com/fasterxml/jackson/databind/ser/std/StdDelegatingSerializer.java,OK,8300e534b05fa5cb73b860f216b1ca23f716fdcec94303d2182e4ca534adb941,target_benchmark/JacksonDatabind_15b/metadata.json,target_benchmark/JacksonDatabind_15b/defects4j_info.txt
JacksonDatabind,15,JacksonDatabind_15b,15b,com.fasterxml.jackson.databind.ser.std.StdSerializer,5,5,target_benchmark/JacksonDatabind_15b/source/com/fasterxml/jackson/databind/ser/std/StdSerializer.java,OK,3cc3e908ad09c43f80ccd2f7206cb10fc3fa41a312a56df4917dba2414c7b3b2,target_benchmark/JacksonDatabind_15b/metadata.json,target_benchmark/JacksonDatabind_15b/defects4j_info.txt
JacksonDatabind,16,JacksonDatabind_16b,16b,com.fasterxml.jackson.databind.introspect.AnnotationMap,1,1,target_benchmark/JacksonDatabind_16b/source/com/fasterxml/jackson/databind/introspect/AnnotationMap.java,OK,9622a991660f6742504dc6d8a96c867fb442b7b40d1e4ac7598c2fbc2df0c622,target_benchmark/JacksonDatabind_16b/metadata.json,target_benchmark/JacksonDatabind_16b/defects4j_info.txt
JacksonDatabind,17,JacksonDatabind_17b,17b,com.fasterxml.jackson.databind.ObjectMapper,1,1,target_benchmark/JacksonDatabind_17b/source/com/fasterxml/jackson/databind/ObjectMapper.java,OK,1373ed42ab2ec27ead3ca1c1aefe9c64c6abd1ca1f8a27ac45a3c1a8b6eb7e40,target_benchmark/JacksonDatabind_17b/metadata.json,target_benchmark/JacksonDatabind_17b/defects4j_info.txt
JacksonDatabind,18,JacksonDatabind_18b,18b,com.fasterxml.jackson.databind.MappingIterator,1,1,target_benchmark/JacksonDatabind_18b/source/com/fasterxml/jackson/databind/MappingIterator.java,OK,46ca137c6a5584334f7aa80dfeb7250ac4d3c41b32ee1ed318a011681010f269,target_benchmark/JacksonDatabind_18b/metadata.json,target_benchmark/JacksonDatabind_18b/defects4j_info.txt
JacksonDatabind,19,JacksonDatabind_19b,19b,com.fasterxml.jackson.databind.type.TypeFactory,1,1,target_benchmark/JacksonDatabind_19b/source/com/fasterxml/jackson/databind/type/TypeFactory.java,OK,9fa46423e79ae7ebeffa23d2afcf70d64816c946a396c4cdcae791ae5dc90c33,target_benchmark/JacksonDatabind_19b/metadata.json,target_benchmark/JacksonDatabind_19b/defects4j_info.txt
JacksonDatabind,1,JacksonDatabind_1b,1b,com.fasterxml.jackson.databind.ser.BeanPropertyWriter,1,1,target_benchmark/JacksonDatabind_1b/source/com/fasterxml/jackson/databind/ser/BeanPropertyWriter.java,OK,3746ec019bac7b26aca48630bbf44f7d324dde497d256b6b76b7287df47b716b,target_benchmark/JacksonDatabind_1b/metadata.json,target_benchmark/JacksonDatabind_1b/defects4j_info.txt
JacksonDatabind,20,JacksonDatabind_20b,20b,com.fasterxml.jackson.databind.node.ObjectNode,1,1,target_benchmark/JacksonDatabind_20b/source/com/fasterxml/jackson/databind/node/ObjectNode.java,OK,5858c6efc5289a44d81318aab85412ee1569d4f48115dd9840160b80e3b12f69,target_benchmark/JacksonDatabind_20b/metadata.json,target_benchmark/JacksonDatabind_20b/defects4j_info.txt
JacksonDatabind,21,JacksonDatabind_21b,21b,com.fasterxml.jackson.databind.introspect.JacksonAnnotationIntrospector,1,1,target_benchmark/JacksonDatabind_21b/source/com/fasterxml/jackson/databind/introspect/JacksonAnnotationIntrospector.java,OK,91ed3e05396310b9a1b8af93751373d825b120eb6838fd782b50c3d81fa1f556,target_benchmark/JacksonDatabind_21b/metadata.json,target_benchmark/JacksonDatabind_21b/defects4j_info.txt
JacksonDatabind,22,JacksonDatabind_22b,22b,com.fasterxml.jackson.databind.ser.BasicSerializerFactory,1,2,target_benchmark/JacksonDatabind_22b/source/com/fasterxml/jackson/databind/ser/BasicSerializerFactory.java,OK,3691611ace73dd9b44c37ac87e29faabce97b35e9a676893a4b18cdb65e8c785,target_benchmark/JacksonDatabind_22b/metadata.json,target_benchmark/JacksonDatabind_22b/defects4j_info.txt
JacksonDatabind,22,JacksonDatabind_22b,22b,com.fasterxml.jackson.databind.ser.BeanSerializerFactory,2,2,target_benchmark/JacksonDatabind_22b/source/com/fasterxml/jackson/databind/ser/BeanSerializerFactory.java,OK,32fa3f18e5db2725f26b9b5f967119882005866e122a711005f2215390c6e7ca,target_benchmark/JacksonDatabind_22b/metadata.json,target_benchmark/JacksonDatabind_22b/defects4j_info.txt
JacksonDatabind,23,JacksonDatabind_23b,23b,com.fasterxml.jackson.databind.ser.std.NumberSerializers,1,1,target_benchmark/JacksonDatabind_23b/source/com/fasterxml/jackson/databind/ser/std/NumberSerializers.java,OK,88b49988242c28183a2d921f090bfae9355d95e3c6a0897569868bb74fb19e48,target_benchmark/JacksonDatabind_23b/metadata.json,target_benchmark/JacksonDatabind_23b/defects4j_info.txt
JacksonDatabind,24,JacksonDatabind_24b,24b,com.fasterxml.jackson.databind.cfg.BaseSettings,1,1,target_benchmark/JacksonDatabind_24b/source/com/fasterxml/jackson/databind/cfg/BaseSettings.java,OK,e25dea659a0fe3eca8e39c89226227f7730563f4de634f89c0ac821767947aec,target_benchmark/JacksonDatabind_24b/metadata.json,target_benchmark/JacksonDatabind_24b/defects4j_info.txt
JacksonDatabind,25,JacksonDatabind_25b,25b,com.fasterxml.jackson.databind.deser.BasicDeserializerFactory,1,4,target_benchmark/JacksonDatabind_25b/source/com/fasterxml/jackson/databind/deser/BasicDeserializerFactory.java,OK,8e51be77ec62e05080713dd12236c782230152bc2935fb75d191184f8d5e72aa,target_benchmark/JacksonDatabind_25b/metadata.json,target_benchmark/JacksonDatabind_25b/defects4j_info.txt
JacksonDatabind,25,JacksonDatabind_25b,25b,com.fasterxml.jackson.databind.deser.DeserializerCache,2,4,target_benchmark/JacksonDatabind_25b/source/com/fasterxml/jackson/databind/deser/DeserializerCache.java,OK,0eab33e2f37d6b9bf21a64f66a38ae0882334c2de525c52fa5e165f419246723,target_benchmark/JacksonDatabind_25b/metadata.json,target_benchmark/JacksonDatabind_25b/defects4j_info.txt
JacksonDatabind,25,JacksonDatabind_25b,25b,com.fasterxml.jackson.databind.jsontype.impl.TypeDeserializerBase,3,4,target_benchmark/JacksonDatabind_25b/source/com/fasterxml/jackson/databind/jsontype/impl/TypeDeserializerBase.java,OK,c38d896d90a71e51a52b0758afe6e934d0ce5813fcb5de0e01eb19448ec212f2,target_benchmark/JacksonDatabind_25b/metadata.json,target_benchmark/JacksonDatabind_25b/defects4j_info.txt
JacksonDatabind,25,JacksonDatabind_25b,25b,com.fasterxml.jackson.databind.module.SimpleAbstractTypeResolver,4,4,target_benchmark/JacksonDatabind_25b/source/com/fasterxml/jackson/databind/module/SimpleAbstractTypeResolver.java,OK,3ab718594854a1650c4eabcbcac2f1f7ebd0444912b1dbd2c287c6b39f350959,target_benchmark/JacksonDatabind_25b/metadata.json,target_benchmark/JacksonDatabind_25b/defects4j_info.txt
JacksonDatabind,26,JacksonDatabind_26b,26b,com.fasterxml.jackson.databind.ser.BeanPropertyWriter,1,1,target_benchmark/JacksonDatabind_26b/source/com/fasterxml/jackson/databind/ser/BeanPropertyWriter.java,OK,82b8d979691726db21c70e4f763d57b3e3407954872e2da2f5eb8ef84a8030a1,target_benchmark/JacksonDatabind_26b/metadata.json,target_benchmark/JacksonDatabind_26b/defects4j_info.txt
JacksonDatabind,27,JacksonDatabind_27b,27b,com.fasterxml.jackson.databind.deser.BeanDeserializer,1,1,target_benchmark/JacksonDatabind_27b/source/com/fasterxml/jackson/databind/deser/BeanDeserializer.java,OK,2441070c4a0dc4a68830fc44e8b855caff0d3f086542a6e6df866c2dc3a75045,target_benchmark/JacksonDatabind_27b/metadata.json,target_benchmark/JacksonDatabind_27b/defects4j_info.txt
JacksonDatabind,28,JacksonDatabind_28b,28b,com.fasterxml.jackson.databind.deser.std.JsonNodeDeserializer,1,1,target_benchmark/JacksonDatabind_28b/source/com/fasterxml/jackson/databind/deser/std/JsonNodeDeserializer.java,OK,b4c461a95b20ea77cc3a8cf23adea6b4c3deeabc976a7e97318dfc657c75daf3,target_benchmark/JacksonDatabind_28b/metadata.json,target_benchmark/JacksonDatabind_28b/defects4j_info.txt
JacksonDatabind,29,JacksonDatabind_29b,29b,com.fasterxml.jackson.databind.deser.impl.ExternalTypeHandler,1,1,target_benchmark/JacksonDatabind_29b/source/com/fasterxml/jackson/databind/deser/impl/ExternalTypeHandler.java,OK,63e1de9854dbfbff450e4accce2bdeeff4ab3ee4cba299f9f2f0a0097373bbd5,target_benchmark/JacksonDatabind_29b/metadata.json,target_benchmark/JacksonDatabind_29b/defects4j_info.txt
JacksonDatabind,2,JacksonDatabind_2b,2b,com.fasterxml.jackson.databind.util.TokenBuffer,1,1,target_benchmark/JacksonDatabind_2b/source/com/fasterxml/jackson/databind/util/TokenBuffer.java,OK,bc92f9a7a206324d20d4604e46597ea1ca24e1d2314dba81fcbb5ae67bbf5db6,target_benchmark/JacksonDatabind_2b/metadata.json,target_benchmark/JacksonDatabind_2b/defects4j_info.txt
JacksonDatabind,30,JacksonDatabind_30b,30b,com.fasterxml.jackson.databind.ObjectMapper,1,2,target_benchmark/JacksonDatabind_30b/source/com/fasterxml/jackson/databind/ObjectMapper.java,OK,f579b64abaace104650070ab8fa7330728acad8067953d967af614b724b1278a,target_benchmark/JacksonDatabind_30b/metadata.json,target_benchmark/JacksonDatabind_30b/defects4j_info.txt
JacksonDatabind,30,JacksonDatabind_30b,30b,com.fasterxml.jackson.databind.util.TokenBuffer,2,2,target_benchmark/JacksonDatabind_30b/source/com/fasterxml/jackson/databind/util/TokenBuffer.java,OK,a1d34c241e3195f4eb445dc125f74071fc790a8643764ff9b13657cdcb01175f,target_benchmark/JacksonDatabind_30b/metadata.json,target_benchmark/JacksonDatabind_30b/defects4j_info.txt
JacksonDatabind,31,JacksonDatabind_31b,31b,com.fasterxml.jackson.databind.util.TokenBuffer,1,1,target_benchmark/JacksonDatabind_31b/source/com/fasterxml/jackson/databind/util/TokenBuffer.java,OK,3f5781ccfb6c76de91b5e1e76669b8214041da4ef14fb163d0bcc6408a2d74fb,target_benchmark/JacksonDatabind_31b/metadata.json,target_benchmark/JacksonDatabind_31b/defects4j_info.txt
JacksonDatabind,32,JacksonDatabind_32b,32b,com.fasterxml.jackson.databind.deser.std.UntypedObjectDeserializer,1,1,target_benchmark/JacksonDatabind_32b/source/com/fasterxml/jackson/databind/deser/std/UntypedObjectDeserializer.java,OK,b415a3120dee14c0821b369eedeefda020c40f923435fedbea33c6b493723969,target_benchmark/JacksonDatabind_32b/metadata.json,target_benchmark/JacksonDatabind_32b/defects4j_info.txt
JacksonDatabind,33,JacksonDatabind_33b,33b,com.fasterxml.jackson.databind.introspect.JacksonAnnotationIntrospector,1,1,target_benchmark/JacksonDatabind_33b/source/com/fasterxml/jackson/databind/introspect/JacksonAnnotationIntrospector.java,OK,4d01bd85b5b0e4c086e52bd8aca651d933a7dba564fbc663a1a63eae17597f4b,target_benchmark/JacksonDatabind_33b/metadata.json,target_benchmark/JacksonDatabind_33b/defects4j_info.txt
JacksonDatabind,34,JacksonDatabind_34b,34b,com.fasterxml.jackson.databind.ser.std.NumberSerializer,1,1,target_benchmark/JacksonDatabind_34b/source/com/fasterxml/jackson/databind/ser/std/NumberSerializer.java,OK,c3066a678e2b3532f86552fe5b6573559cb5316ecffedfa79c8c54db3afe9037,target_benchmark/JacksonDatabind_34b/metadata.json,target_benchmark/JacksonDatabind_34b/defects4j_info.txt
JacksonDatabind,35,JacksonDatabind_35b,35b,com.fasterxml.jackson.databind.jsontype.impl.AsWrapperTypeDeserializer,1,1,target_benchmark/JacksonDatabind_35b/source/com/fasterxml/jackson/databind/jsontype/impl/AsWrapperTypeDeserializer.java,OK,4d3abc214278d00e78171e76359286d28e2fdfc578629d4f044447a70cda1fdb,target_benchmark/JacksonDatabind_35b/metadata.json,target_benchmark/JacksonDatabind_35b/defects4j_info.txt
JacksonDatabind,36,JacksonDatabind_36b,36b,com.fasterxml.jackson.databind.util.StdDateFormat,1,1,target_benchmark/JacksonDatabind_36b/source/com/fasterxml/jackson/databind/util/StdDateFormat.java,OK,42befc06351623984ab9d81cf59c5f1209962a70e1fb7c0cee1ed4a7c164e932,target_benchmark/JacksonDatabind_36b/metadata.json,target_benchmark/JacksonDatabind_36b/defects4j_info.txt
JacksonDatabind,37,JacksonDatabind_37b,37b,com.fasterxml.jackson.databind.type.SimpleType,1,1,target_benchmark/JacksonDatabind_37b/source/com/fasterxml/jackson/databind/type/SimpleType.java,OK,5890d7ee06bcb1e7afdfbcca8c03d778e4bd20f879dd3bc46ff1a6fb8bd519fa,target_benchmark/JacksonDatabind_37b/metadata.json,target_benchmark/JacksonDatabind_37b/defects4j_info.txt
JacksonDatabind,38,JacksonDatabind_38b,38b,com.fasterxml.jackson.databind.type.CollectionType,1,3,target_benchmark/JacksonDatabind_38b/source/com/fasterxml/jackson/databind/type/CollectionType.java,OK,7a8eccabf299d93c6fe0ed606d7aee0b1aea0530c38959c216a48d927b64dfe9,target_benchmark/JacksonDatabind_38b/metadata.json,target_benchmark/JacksonDatabind_38b/defects4j_info.txt
JacksonDatabind,38,JacksonDatabind_38b,38b,com.fasterxml.jackson.databind.type.MapType,2,3,target_benchmark/JacksonDatabind_38b/source/com/fasterxml/jackson/databind/type/MapType.java,OK,ef856967761caf5ea3f8f75b27f1a1cc34d67bed474d5d5dc8978a1d50650a9d,target_benchmark/JacksonDatabind_38b/metadata.json,target_benchmark/JacksonDatabind_38b/defects4j_info.txt
JacksonDatabind,38,JacksonDatabind_38b,38b,com.fasterxml.jackson.databind.type.SimpleType,3,3,target_benchmark/JacksonDatabind_38b/source/com/fasterxml/jackson/databind/type/SimpleType.java,OK,44a8df217a3667500f0746a09ffedea7f23ff01a56e3c1b68a165662845e2ea9,target_benchmark/JacksonDatabind_38b/metadata.json,target_benchmark/JacksonDatabind_38b/defects4j_info.txt
JacksonDatabind,39,JacksonDatabind_39b,39b,com.fasterxml.jackson.databind.deser.std.NullifyingDeserializer,1,1,target_benchmark/JacksonDatabind_39b/source/com/fasterxml/jackson/databind/deser/std/NullifyingDeserializer.java,OK,13508fe2475675824c5f08f6c6b9a9b0d28460dcc612ef9c50b958a3e7200086,target_benchmark/JacksonDatabind_39b/metadata.json,target_benchmark/JacksonDatabind_39b/defects4j_info.txt
JacksonDatabind,3,JacksonDatabind_3b,3b,com.fasterxml.jackson.databind.deser.std.StringArrayDeserializer,1,1,target_benchmark/JacksonDatabind_3b/source/com/fasterxml/jackson/databind/deser/std/StringArrayDeserializer.java,OK,02c6a878c79055075c6500751f5342bf3eb6943db302ef22fe62499b469ec6f1,target_benchmark/JacksonDatabind_3b/metadata.json,target_benchmark/JacksonDatabind_3b/defects4j_info.txt
JacksonDatabind,40,JacksonDatabind_40b,40b,com.fasterxml.jackson.databind.deser.std.NumberDeserializers,1,1,target_benchmark/JacksonDatabind_40b/source/com/fasterxml/jackson/databind/deser/std/NumberDeserializers.java,OK,3cfdad3f51d0241e8722e28c841dacecc83c877d56c0b66ad0750577231f56d2,target_benchmark/JacksonDatabind_40b/metadata.json,target_benchmark/JacksonDatabind_40b/defects4j_info.txt
JacksonDatabind,41,JacksonDatabind_41b,41b,com.fasterxml.jackson.databind.type.TypeFactory,1,1,target_benchmark/JacksonDatabind_41b/source/com/fasterxml/jackson/databind/type/TypeFactory.java,OK,3d75e6f9a57b84393b7688d94a806ae54ae4a1b00fb81bd14b3c10327317f14d,target_benchmark/JacksonDatabind_41b/metadata.json,target_benchmark/JacksonDatabind_41b/defects4j_info.txt
JacksonDatabind,42,JacksonDatabind_42b,42b,com.fasterxml.jackson.databind.deser.std.FromStringDeserializer,1,1,target_benchmark/JacksonDatabind_42b/source/com/fasterxml/jackson/databind/deser/std/FromStringDeserializer.java,OK,51d9a32edd5d08e895f7975c12f6a9caa8ec74db559ae91745da060d16b58402,target_benchmark/JacksonDatabind_42b/metadata.json,target_benchmark/JacksonDatabind_42b/defects4j_info.txt
JacksonDatabind,43,JacksonDatabind_43b,43b,com.fasterxml.jackson.databind.deser.impl.ObjectIdValueProperty,1,1,target_benchmark/JacksonDatabind_43b/source/com/fasterxml/jackson/databind/deser/impl/ObjectIdValueProperty.java,OK,a29aabe86bc3ee1238412293363de824eacefd1c5e0a6ba8ee81ab1f99ac9411,target_benchmark/JacksonDatabind_43b/metadata.json,target_benchmark/JacksonDatabind_43b/defects4j_info.txt
JacksonDatabind,44,JacksonDatabind_44b,44b,com.fasterxml.jackson.databind.type.SimpleType,1,1,target_benchmark/JacksonDatabind_44b/source/com/fasterxml/jackson/databind/type/SimpleType.java,OK,240bc2206bc45c8b14e30c89630b23439d4abf744155752cf94ac81456c49a10,target_benchmark/JacksonDatabind_44b/metadata.json,target_benchmark/JacksonDatabind_44b/defects4j_info.txt
JacksonDatabind,45,JacksonDatabind_45b,45b,com.fasterxml.jackson.databind.ser.std.DateTimeSerializerBase,1,1,target_benchmark/JacksonDatabind_45b/source/com/fasterxml/jackson/databind/ser/std/DateTimeSerializerBase.java,OK,b5bc8c8a8f078323390a5eb995810c99a8c6c337cef7298b8a730a41a7cea8f6,target_benchmark/JacksonDatabind_45b/metadata.json,target_benchmark/JacksonDatabind_45b/defects4j_info.txt
JacksonDatabind,46,JacksonDatabind_46b,46b,com.fasterxml.jackson.databind.type.ReferenceType,1,1,target_benchmark/JacksonDatabind_46b/source/com/fasterxml/jackson/databind/type/ReferenceType.java,OK,4897b80ab54e1456d7ea40bc961ac03f63fedb98887e94e825a7df8ad96bf24e,target_benchmark/JacksonDatabind_46b/metadata.json,target_benchmark/JacksonDatabind_46b/defects4j_info.txt
JacksonDatabind,47,JacksonDatabind_47b,47b,com.fasterxml.jackson.databind.AnnotationIntrospector,1,1,target_benchmark/JacksonDatabind_47b/source/com/fasterxml/jackson/databind/AnnotationIntrospector.java,OK,4f3b0c4f126d17d70562b2f110e02a76be3664203703ef48ee4a3af78f28c4ae,target_benchmark/JacksonDatabind_47b/metadata.json,target_benchmark/JacksonDatabind_47b/defects4j_info.txt
JacksonDatabind,48,JacksonDatabind_48b,48b,com.fasterxml.jackson.databind.DeserializationConfig,1,2,target_benchmark/JacksonDatabind_48b/source/com/fasterxml/jackson/databind/DeserializationConfig.java,OK,48baa7f60c69527ce5f6dcc75adecd7d457f868300493f097821964bcddc13e4,target_benchmark/JacksonDatabind_48b/metadata.json,target_benchmark/JacksonDatabind_48b/defects4j_info.txt
JacksonDatabind,48,JacksonDatabind_48b,48b,com.fasterxml.jackson.databind.SerializationConfig,2,2,target_benchmark/JacksonDatabind_48b/source/com/fasterxml/jackson/databind/SerializationConfig.java,OK,331fd81a19c649ce18500dd55416cb47e987a2cc3c6db4592c0d57b0d2b597c9,target_benchmark/JacksonDatabind_48b/metadata.json,target_benchmark/JacksonDatabind_48b/defects4j_info.txt
JacksonDatabind,49,JacksonDatabind_49b,49b,com.fasterxml.jackson.databind.ser.impl.WritableObjectId,1,1,target_benchmark/JacksonDatabind_49b/source/com/fasterxml/jackson/databind/ser/impl/WritableObjectId.java,OK,d20f67db967cb769b863f475b396378380004ffa4dabe78da2998b2d6db5102c,target_benchmark/JacksonDatabind_49b/metadata.json,target_benchmark/JacksonDatabind_49b/defects4j_info.txt
JacksonDatabind,4,JacksonDatabind_4b,4b,com.fasterxml.jackson.databind.deser.std.StringArrayDeserializer,1,1,target_benchmark/JacksonDatabind_4b/source/com/fasterxml/jackson/databind/deser/std/StringArrayDeserializer.java,OK,1cc94c99edd9df488e85819c5613fdfe20aebdfff307b2352e1a0ac8bf2e0604,target_benchmark/JacksonDatabind_4b/metadata.json,target_benchmark/JacksonDatabind_4b/defects4j_info.txt
JacksonDatabind,50,JacksonDatabind_50b,50b,com.fasterxml.jackson.databind.deser.BeanDeserializer,1,1,target_benchmark/JacksonDatabind_50b/source/com/fasterxml/jackson/databind/deser/BeanDeserializer.java,OK,d02b20c28ae9a0ba3a25846864581c2eb4b0ea8a88ea5af7e6e84d1861b9c592,target_benchmark/JacksonDatabind_50b/metadata.json,target_benchmark/JacksonDatabind_50b/defects4j_info.txt
JacksonDatabind,51,JacksonDatabind_51b,51b,com.fasterxml.jackson.databind.jsontype.impl.TypeDeserializerBase,1,1,target_benchmark/JacksonDatabind_51b/source/com/fasterxml/jackson/databind/jsontype/impl/TypeDeserializerBase.java,OK,86d6e506fde55165bf1812f1693c2f21d63f3a256bdff42404a77f8d576c2375,target_benchmark/JacksonDatabind_51b/metadata.json,target_benchmark/JacksonDatabind_51b/defects4j_info.txt
JacksonDatabind,52,JacksonDatabind_52b,52b,com.fasterxml.jackson.databind.deser.BeanDeserializerBase,1,2,target_benchmark/JacksonDatabind_52b/source/com/fasterxml/jackson/databind/deser/BeanDeserializerBase.java,OK,f2685c6254c3098b85e920aab6127a0d2d82a56694a9eb02ba9586c5771278ab,target_benchmark/JacksonDatabind_52b/metadata.json,target_benchmark/JacksonDatabind_52b/defects4j_info.txt
JacksonDatabind,52,JacksonDatabind_52b,52b,com.fasterxml.jackson.databind.deser.impl.ExternalTypeHandler,2,2,target_benchmark/JacksonDatabind_52b/source/com/fasterxml/jackson/databind/deser/impl/ExternalTypeHandler.java,OK,12ff6430ae0fb5d9d04cda28c48e54d89ef1c99c1573774bee40aa03820f82b8,target_benchmark/JacksonDatabind_52b/metadata.json,target_benchmark/JacksonDatabind_52b/defects4j_info.txt
JacksonDatabind,53,JacksonDatabind_53b,53b,com.fasterxml.jackson.databind.type.TypeBindings,1,2,target_benchmark/JacksonDatabind_53b/source/com/fasterxml/jackson/databind/type/TypeBindings.java,OK,dd26e814d313a8f463a53424cb9885b85ee37b521671e5e86a982bb8acf0b2dc,target_benchmark/JacksonDatabind_53b/metadata.json,target_benchmark/JacksonDatabind_53b/defects4j_info.txt
JacksonDatabind,53,JacksonDatabind_53b,53b,com.fasterxml.jackson.databind.type.TypeFactory,2,2,target_benchmark/JacksonDatabind_53b/source/com/fasterxml/jackson/databind/type/TypeFactory.java,OK,348ec7d881e049efe450b5e86c441c8fa207d92fcfc38434f62f3fa978d56af8,target_benchmark/JacksonDatabind_53b/metadata.json,target_benchmark/JacksonDatabind_53b/defects4j_info.txt
JacksonDatabind,54,JacksonDatabind_54b,54b,com.fasterxml.jackson.databind.ser.PropertyBuilder,1,1,target_benchmark/JacksonDatabind_54b/source/com/fasterxml/jackson/databind/ser/PropertyBuilder.java,OK,9148b1c5e5cdd78f91c0242dc328f31f1a3ad24bbc5608420b61855033f7833e,target_benchmark/JacksonDatabind_54b/metadata.json,target_benchmark/JacksonDatabind_54b/defects4j_info.txt
JacksonDatabind,55,JacksonDatabind_55b,55b,com.fasterxml.jackson.databind.ser.std.StdKeySerializers,1,1,target_benchmark/JacksonDatabind_55b/source/com/fasterxml/jackson/databind/ser/std/StdKeySerializers.java,OK,64ac0b433f107378494e3811acb8ae1937e028141aa9988461a0e135c401b436,target_benchmark/JacksonDatabind_55b/metadata.json,target_benchmark/JacksonDatabind_55b/defects4j_info.txt
JacksonDatabind,56,JacksonDatabind_56b,56b,com.fasterxml.jackson.databind.deser.std.FromStringDeserializer,1,1,target_benchmark/JacksonDatabind_56b/source/com/fasterxml/jackson/databind/deser/std/FromStringDeserializer.java,OK,633222895cf34a9220d3fdda7248821fb098f93de88a7ad824b7545469891346,target_benchmark/JacksonDatabind_56b/metadata.json,target_benchmark/JacksonDatabind_56b/defects4j_info.txt
JacksonDatabind,57,JacksonDatabind_57b,57b,com.fasterxml.jackson.databind.ObjectReader,1,1,target_benchmark/JacksonDatabind_57b/source/com/fasterxml/jackson/databind/ObjectReader.java,OK,97b694a39893885953e9421bc0b50cd0de2d0db66381b51b64d8504aeebf957c,target_benchmark/JacksonDatabind_57b/metadata.json,target_benchmark/JacksonDatabind_57b/defects4j_info.txt
JacksonDatabind,58,JacksonDatabind_58b,58b,com.fasterxml.jackson.databind.deser.BeanDeserializerFactory,1,1,target_benchmark/JacksonDatabind_58b/source/com/fasterxml/jackson/databind/deser/BeanDeserializerFactory.java,OK,cf7c90245bf32fda02ba8dc3ab15b17f70472e5c26ad4311be67ce6c3afd1440,target_benchmark/JacksonDatabind_58b/metadata.json,target_benchmark/JacksonDatabind_58b/defects4j_info.txt
JacksonDatabind,59,JacksonDatabind_59b,59b,com.fasterxml.jackson.databind.JavaType,1,4,target_benchmark/JacksonDatabind_59b/source/com/fasterxml/jackson/databind/JavaType.java,OK,e280f57135cc68f69acc35031862db06cded13703f59529970463d363f798f60,target_benchmark/JacksonDatabind_59b/metadata.json,target_benchmark/JacksonDatabind_59b/defects4j_info.txt
JacksonDatabind,59,JacksonDatabind_59b,59b,com.fasterxml.jackson.databind.type.CollectionLikeType,2,4,target_benchmark/JacksonDatabind_59b/source/com/fasterxml/jackson/databind/type/CollectionLikeType.java,OK,cd9b341947f3192d64acfc803c32410b9986e2933a3b1da1bc9e6e9c098ef84c,target_benchmark/JacksonDatabind_59b/metadata.json,target_benchmark/JacksonDatabind_59b/defects4j_info.txt
JacksonDatabind,59,JacksonDatabind_59b,59b,com.fasterxml.jackson.databind.type.MapLikeType,3,4,target_benchmark/JacksonDatabind_59b/source/com/fasterxml/jackson/databind/type/MapLikeType.java,OK,a4b5f6eba8a17b704ef6843360c1a8f9bd24b0fffe96d96ec6132d00382d79d5,target_benchmark/JacksonDatabind_59b/metadata.json,target_benchmark/JacksonDatabind_59b/defects4j_info.txt
JacksonDatabind,59,JacksonDatabind_59b,59b,com.fasterxml.jackson.databind.type.TypeFactory,4,4,target_benchmark/JacksonDatabind_59b/source/com/fasterxml/jackson/databind/type/TypeFactory.java,OK,cd0d274bc79e863e1e62ff5d4a595128bb416098fdb1d6728823d58bde3ea72a,target_benchmark/JacksonDatabind_59b/metadata.json,target_benchmark/JacksonDatabind_59b/defects4j_info.txt
JacksonDatabind,5,JacksonDatabind_5b,5b,com.fasterxml.jackson.databind.introspect.AnnotatedClass,1,1,target_benchmark/JacksonDatabind_5b/source/com/fasterxml/jackson/databind/introspect/AnnotatedClass.java,OK,968d427b51265746e6639013cd97b57f7ffe4d7ab31ffcc3bbf46f032fb476eb,target_benchmark/JacksonDatabind_5b/metadata.json,target_benchmark/JacksonDatabind_5b/defects4j_info.txt
JacksonDatabind,60,JacksonDatabind_60b,60b,com.fasterxml.jackson.databind.ser.std.JsonValueSerializer,1,1,target_benchmark/JacksonDatabind_60b/source/com/fasterxml/jackson/databind/ser/std/JsonValueSerializer.java,OK,359ac162613604a30166142edbaf1cc52ea057865d07d42627c844ec532f5907,target_benchmark/JacksonDatabind_60b/metadata.json,target_benchmark/JacksonDatabind_60b/defects4j_info.txt
JacksonDatabind,61,JacksonDatabind_61b,61b,com.fasterxml.jackson.databind.ObjectMapper,1,2,target_benchmark/JacksonDatabind_61b/source/com/fasterxml/jackson/databind/ObjectMapper.java,OK,881a7c101416683977f731ab0b8a9aa0c50efcd2ad31f08d26e135c854948c6d,target_benchmark/JacksonDatabind_61b/metadata.json,target_benchmark/JacksonDatabind_61b/defects4j_info.txt
JacksonDatabind,61,JacksonDatabind_61b,61b,com.fasterxml.jackson.databind.jsontype.impl.StdTypeResolverBuilder,2,2,target_benchmark/JacksonDatabind_61b/source/com/fasterxml/jackson/databind/jsontype/impl/StdTypeResolverBuilder.java,OK,38f314456426d1f0d3efb20630dc9913d0cfe9b55ecbfee8124f444e785f3001,target_benchmark/JacksonDatabind_61b/metadata.json,target_benchmark/JacksonDatabind_61b/defects4j_info.txt
JacksonDatabind,62,JacksonDatabind_62b,62b,com.fasterxml.jackson.databind.deser.std.CollectionDeserializer,1,1,target_benchmark/JacksonDatabind_62b/source/com/fasterxml/jackson/databind/deser/std/CollectionDeserializer.java,OK,b8a12a3f7397207f069f1580d977ddad8121c91424928adb03ea1b182897fc94,target_benchmark/JacksonDatabind_62b/metadata.json,target_benchmark/JacksonDatabind_62b/defects4j_info.txt
JacksonDatabind,63,JacksonDatabind_63b,63b,com.fasterxml.jackson.databind.JsonMappingException,1,1,target_benchmark/JacksonDatabind_63b/source/com/fasterxml/jackson/databind/JsonMappingException.java,OK,f11104b6f30152763e99a2fc472e45c7a868ab001fa0a70dcdbf7fbc5cc742b8,target_benchmark/JacksonDatabind_63b/metadata.json,target_benchmark/JacksonDatabind_63b/defects4j_info.txt
JacksonDatabind,64,JacksonDatabind_64b,64b,com.fasterxml.jackson.databind.ser.PropertyBuilder,1,1,target_benchmark/JacksonDatabind_64b/source/com/fasterxml/jackson/databind/ser/PropertyBuilder.java,OK,2a6a4f3536520257d67018eb9031d1f652eaa7a882ca0050fddfdb91cf4cf783,target_benchmark/JacksonDatabind_64b/metadata.json,target_benchmark/JacksonDatabind_64b/defects4j_info.txt
JacksonDatabind,66,JacksonDatabind_66b,66b,com.fasterxml.jackson.databind.deser.std.StdKeyDeserializer,1,1,target_benchmark/JacksonDatabind_66b/source/com/fasterxml/jackson/databind/deser/std/StdKeyDeserializer.java,OK,8385fbf1eeacb5954b0cd4e54cb5c46d935c4728aaa73a15fcd4d06c7a09c1f9,target_benchmark/JacksonDatabind_66b/metadata.json,target_benchmark/JacksonDatabind_66b/defects4j_info.txt
JacksonDatabind,67,JacksonDatabind_67b,67b,com.fasterxml.jackson.databind.deser.BasicDeserializerFactory,1,1,target_benchmark/JacksonDatabind_67b/source/com/fasterxml/jackson/databind/deser/BasicDeserializerFactory.java,OK,b245e5c9401bb5cb8971db887211780bd83e3a3ee86aa22f0005a5ac1a9d0e20,target_benchmark/JacksonDatabind_67b/metadata.json,target_benchmark/JacksonDatabind_67b/defects4j_info.txt
JacksonDatabind,68,JacksonDatabind_68b,68b,com.fasterxml.jackson.databind.deser.BeanDeserializerBase,1,1,target_benchmark/JacksonDatabind_68b/source/com/fasterxml/jackson/databind/deser/BeanDeserializerBase.java,OK,83e64052edfa928e4681506565395993efc7f5bc4776d0f88cf53c8c8a0d28a0,target_benchmark/JacksonDatabind_68b/metadata.json,target_benchmark/JacksonDatabind_68b/defects4j_info.txt
JacksonDatabind,69,JacksonDatabind_69b,69b,com.fasterxml.jackson.databind.deser.impl.CreatorCollector,1,1,target_benchmark/JacksonDatabind_69b/source/com/fasterxml/jackson/databind/deser/impl/CreatorCollector.java,OK,e8e063b0d13423a65097c3d228640be8ecbe6466fa842112aa5f9fcc14f4b540,target_benchmark/JacksonDatabind_69b/metadata.json,target_benchmark/JacksonDatabind_69b/defects4j_info.txt
JacksonDatabind,6,JacksonDatabind_6b,6b,com.fasterxml.jackson.databind.util.StdDateFormat,1,1,target_benchmark/JacksonDatabind_6b/source/com/fasterxml/jackson/databind/util/StdDateFormat.java,OK,90f62aa9116a7d200cf9025b2281da7b67d4516ded8420d785d0afb146c9f6ab,target_benchmark/JacksonDatabind_6b/metadata.json,target_benchmark/JacksonDatabind_6b/defects4j_info.txt
JacksonDatabind,70,JacksonDatabind_70b,70b,com.fasterxml.jackson.databind.deser.impl.BeanPropertyMap,1,1,target_benchmark/JacksonDatabind_70b/source/com/fasterxml/jackson/databind/deser/impl/BeanPropertyMap.java,OK,0201a5d305222c8a1403e4de954c76222f07dc0f622a1689965498cc203f8c2f,target_benchmark/JacksonDatabind_70b/metadata.json,target_benchmark/JacksonDatabind_70b/defects4j_info.txt
JacksonDatabind,71,JacksonDatabind_71b,71b,com.fasterxml.jackson.databind.deser.std.StdKeyDeserializer,1,1,target_benchmark/JacksonDatabind_71b/source/com/fasterxml/jackson/databind/deser/std/StdKeyDeserializer.java,OK,a1d073b82b09a3ef53dd47892e132df4cc930566028d63b16dc778584a7ffd78,target_benchmark/JacksonDatabind_71b/metadata.json,target_benchmark/JacksonDatabind_71b/defects4j_info.txt
JacksonDatabind,72,JacksonDatabind_72b,72b,com.fasterxml.jackson.databind.deser.impl.InnerClassProperty,1,1,target_benchmark/JacksonDatabind_72b/source/com/fasterxml/jackson/databind/deser/impl/InnerClassProperty.java,OK,421c00f50e0a3835f8105cab4a19ddce3fb0a675a7cb18cd3d77b2712aa064b0,target_benchmark/JacksonDatabind_72b/metadata.json,target_benchmark/JacksonDatabind_72b/defects4j_info.txt
JacksonDatabind,73,JacksonDatabind_73b,73b,com.fasterxml.jackson.databind.introspect.POJOPropertiesCollector,1,2,target_benchmark/JacksonDatabind_73b/source/com/fasterxml/jackson/databind/introspect/POJOPropertiesCollector.java,OK,6ea6a8c910705ba37e0554cdc9510aec5fc79b50ad2ea2b0113e5f86bc7a9293,target_benchmark/JacksonDatabind_73b/metadata.json,target_benchmark/JacksonDatabind_73b/defects4j_info.txt
JacksonDatabind,73,JacksonDatabind_73b,73b,com.fasterxml.jackson.databind.introspect.POJOPropertyBuilder,2,2,target_benchmark/JacksonDatabind_73b/source/com/fasterxml/jackson/databind/introspect/POJOPropertyBuilder.java,OK,de77e4838839f35d0090ed6702aade46bb7529f245015400307c20229b28f68a,target_benchmark/JacksonDatabind_73b/metadata.json,target_benchmark/JacksonDatabind_73b/defects4j_info.txt
JacksonDatabind,74,JacksonDatabind_74b,74b,com.fasterxml.jackson.databind.jsontype.impl.AsPropertyTypeDeserializer,1,1,target_benchmark/JacksonDatabind_74b/source/com/fasterxml/jackson/databind/jsontype/impl/AsPropertyTypeDeserializer.java,OK,0a3008a0ed3c5792a168f78d4b9dfd81e20dfcea6b83d6806fcfd1b37cf35996,target_benchmark/JacksonDatabind_74b/metadata.json,target_benchmark/JacksonDatabind_74b/defects4j_info.txt
JacksonDatabind,75,JacksonDatabind_75b,75b,com.fasterxml.jackson.databind.ser.std.EnumSerializer,1,1,target_benchmark/JacksonDatabind_75b/source/com/fasterxml/jackson/databind/ser/std/EnumSerializer.java,OK,47b63dcea3c956390bae9f091fe006b3a03c6af967875acc9e93746c73093d73,target_benchmark/JacksonDatabind_75b/metadata.json,target_benchmark/JacksonDatabind_75b/defects4j_info.txt
JacksonDatabind,76,JacksonDatabind_76b,76b,com.fasterxml.jackson.databind.deser.BuilderBasedDeserializer,1,1,target_benchmark/JacksonDatabind_76b/source/com/fasterxml/jackson/databind/deser/BuilderBasedDeserializer.java,OK,57a6721e7fb69258025573edbaefaae23c165b3b4b35595bfba83f2dafb68105,target_benchmark/JacksonDatabind_76b/metadata.json,target_benchmark/JacksonDatabind_76b/defects4j_info.txt
JacksonDatabind,77,JacksonDatabind_77b,77b,com.fasterxml.jackson.databind.deser.BeanDeserializerFactory,1,1,target_benchmark/JacksonDatabind_77b/source/com/fasterxml/jackson/databind/deser/BeanDeserializerFactory.java,OK,c8a0ba692d235561940d1b7e6a882884b533f15ad3d4f7365b387e76a15fbb9d,target_benchmark/JacksonDatabind_77b/metadata.json,target_benchmark/JacksonDatabind_77b/defects4j_info.txt
JacksonDatabind,78,JacksonDatabind_78b,78b,com.fasterxml.jackson.databind.deser.BeanDeserializerFactory,1,1,target_benchmark/JacksonDatabind_78b/source/com/fasterxml/jackson/databind/deser/BeanDeserializerFactory.java,OK,8ed74a7dbdef3aedefe0495a931558282a6b06466e6071b0e4dbc7e5fa081594,target_benchmark/JacksonDatabind_78b/metadata.json,target_benchmark/JacksonDatabind_78b/defects4j_info.txt
JacksonDatabind,79,JacksonDatabind_79b,79b,com.fasterxml.jackson.databind.introspect.JacksonAnnotationIntrospector,1,3,target_benchmark/JacksonDatabind_79b/source/com/fasterxml/jackson/databind/introspect/JacksonAnnotationIntrospector.java,OK,709be63dd0aa0c89cb169b9c5abc60dd8994891416e6b4efc25ed7780793ca61,target_benchmark/JacksonDatabind_79b/metadata.json,target_benchmark/JacksonDatabind_79b/defects4j_info.txt
JacksonDatabind,79,JacksonDatabind_79b,79b,com.fasterxml.jackson.databind.introspect.ObjectIdInfo,2,3,target_benchmark/JacksonDatabind_79b/source/com/fasterxml/jackson/databind/introspect/ObjectIdInfo.java,OK,43b4b101c74202c0c8695ee4c0cf8b46a7c7445569c3cd00f28fbeed36ce7734,target_benchmark/JacksonDatabind_79b/metadata.json,target_benchmark/JacksonDatabind_79b/defects4j_info.txt
JacksonDatabind,79,JacksonDatabind_79b,79b,com.fasterxml.jackson.databind.ser.std.BeanSerializerBase,3,3,target_benchmark/JacksonDatabind_79b/source/com/fasterxml/jackson/databind/ser/std/BeanSerializerBase.java,OK,11ee6a836416134ec8df7efa51a41239548e8525435c0a6c557ed2ac4f7a07de,target_benchmark/JacksonDatabind_79b/metadata.json,target_benchmark/JacksonDatabind_79b/defects4j_info.txt
JacksonDatabind,7,JacksonDatabind_7b,7b,com.fasterxml.jackson.databind.util.TokenBuffer,1,1,target_benchmark/JacksonDatabind_7b/source/com/fasterxml/jackson/databind/util/TokenBuffer.java,OK,294e37a9919b6cf5a374529c5dad97c12fe692a3121cd564f5bd9fa26d28760a,target_benchmark/JacksonDatabind_7b/metadata.json,target_benchmark/JacksonDatabind_7b/defects4j_info.txt
JacksonDatabind,80,JacksonDatabind_80b,80b,com.fasterxml.jackson.databind.jsontype.impl.StdSubtypeResolver,1,1,target_benchmark/JacksonDatabind_80b/source/com/fasterxml/jackson/databind/jsontype/impl/StdSubtypeResolver.java,OK,c4437c148fa235233b8cb0584086b6c54061c04fab9df33833ec891d3a4e77ce,target_benchmark/JacksonDatabind_80b/metadata.json,target_benchmark/JacksonDatabind_80b/defects4j_info.txt
JacksonDatabind,81,JacksonDatabind_81b,81b,com.fasterxml.jackson.databind.introspect.JacksonAnnotationIntrospector,1,1,target_benchmark/JacksonDatabind_81b/source/com/fasterxml/jackson/databind/introspect/JacksonAnnotationIntrospector.java,OK,82a08c10d1de3bdb7bc2aec00d895c7bc7a97d46d7e6b0c9249855f17ccb782e,target_benchmark/JacksonDatabind_81b/metadata.json,target_benchmark/JacksonDatabind_81b/defects4j_info.txt
JacksonDatabind,82,JacksonDatabind_82b,82b,com.fasterxml.jackson.databind.deser.BeanDeserializerFactory,1,1,target_benchmark/JacksonDatabind_82b/source/com/fasterxml/jackson/databind/deser/BeanDeserializerFactory.java,OK,310b68c7638283db8972c317ca10c5536df7e474bb09521ea2deeb8d9e54eb89,target_benchmark/JacksonDatabind_82b/metadata.json,target_benchmark/JacksonDatabind_82b/defects4j_info.txt
JacksonDatabind,83,JacksonDatabind_83b,83b,com.fasterxml.jackson.databind.deser.std.FromStringDeserializer,1,1,target_benchmark/JacksonDatabind_83b/source/com/fasterxml/jackson/databind/deser/std/FromStringDeserializer.java,OK,6f81c3451264296fe8027f1c990f0d60a3f0f61efda15fa5bf21d85bbd0f49af,target_benchmark/JacksonDatabind_83b/metadata.json,target_benchmark/JacksonDatabind_83b/defects4j_info.txt
JacksonDatabind,84,JacksonDatabind_84b,84b,com.fasterxml.jackson.databind.type.ResolvedRecursiveType,1,1,target_benchmark/JacksonDatabind_84b/source/com/fasterxml/jackson/databind/type/ResolvedRecursiveType.java,OK,eec939b4c911840c3d99fcd2389d9a61b43f226e35c8166df9d9cc7f01276ecc,target_benchmark/JacksonDatabind_84b/metadata.json,target_benchmark/JacksonDatabind_84b/defects4j_info.txt
JacksonDatabind,85,JacksonDatabind_85b,85b,com.fasterxml.jackson.databind.ser.std.DateTimeSerializerBase,1,1,target_benchmark/JacksonDatabind_85b/source/com/fasterxml/jackson/databind/ser/std/DateTimeSerializerBase.java,OK,7993d4687830aab04897a16a3d6f4e29112f144de9d607de5cf86ea2f0b70e8b,target_benchmark/JacksonDatabind_85b/metadata.json,target_benchmark/JacksonDatabind_85b/defects4j_info.txt
JacksonDatabind,86,JacksonDatabind_86b,86b,com.fasterxml.jackson.databind.type.ResolvedRecursiveType,1,1,target_benchmark/JacksonDatabind_86b/source/com/fasterxml/jackson/databind/type/ResolvedRecursiveType.java,OK,eec939b4c911840c3d99fcd2389d9a61b43f226e35c8166df9d9cc7f01276ecc,target_benchmark/JacksonDatabind_86b/metadata.json,target_benchmark/JacksonDatabind_86b/defects4j_info.txt
JacksonDatabind,87,JacksonDatabind_87b,87b,com.fasterxml.jackson.databind.util.StdDateFormat,1,1,target_benchmark/JacksonDatabind_87b/source/com/fasterxml/jackson/databind/util/StdDateFormat.java,OK,24bb1c87b8b011e90203863eaa3bfc99e81cdf7fb05647fba0fe1dc909bd6888,target_benchmark/JacksonDatabind_87b/metadata.json,target_benchmark/JacksonDatabind_87b/defects4j_info.txt
JacksonDatabind,88,JacksonDatabind_88b,88b,com.fasterxml.jackson.databind.jsontype.impl.ClassNameIdResolver,1,1,target_benchmark/JacksonDatabind_88b/source/com/fasterxml/jackson/databind/jsontype/impl/ClassNameIdResolver.java,OK,58a9fdf9974595956321e601644cecd915859c2486666cf43613b2894eefae81,target_benchmark/JacksonDatabind_88b/metadata.json,target_benchmark/JacksonDatabind_88b/defects4j_info.txt
JacksonDatabind,8,JacksonDatabind_8b,8b,com.fasterxml.jackson.databind.deser.impl.CreatorCollector,1,1,target_benchmark/JacksonDatabind_8b/source/com/fasterxml/jackson/databind/deser/impl/CreatorCollector.java,OK,c20a7088ed279452385a9418cefb69dcea833804213664588cbb05e427dbaa48,target_benchmark/JacksonDatabind_8b/metadata.json,target_benchmark/JacksonDatabind_8b/defects4j_info.txt
JacksonDatabind,90,JacksonDatabind_90b,90b,com.fasterxml.jackson.databind.deser.ValueInstantiator,1,2,target_benchmark/JacksonDatabind_90b/source/com/fasterxml/jackson/databind/deser/ValueInstantiator.java,OK,216b424e389f790bda1ca4ae374e207ed6c30c633d3733f6a157bd1246029b68,target_benchmark/JacksonDatabind_90b/metadata.json,target_benchmark/JacksonDatabind_90b/defects4j_info.txt
JacksonDatabind,90,JacksonDatabind_90b,90b,com.fasterxml.jackson.databind.deser.std.StdValueInstantiator,2,2,target_benchmark/JacksonDatabind_90b/source/com/fasterxml/jackson/databind/deser/std/StdValueInstantiator.java,OK,f8b099bd208d7bf97b6050fa91f256680e84339ac0518b9df33ccf68ca1120d4,target_benchmark/JacksonDatabind_90b/metadata.json,target_benchmark/JacksonDatabind_90b/defects4j_info.txt
JacksonDatabind,91,JacksonDatabind_91b,91b,com.fasterxml.jackson.databind.deser.DeserializerCache,1,1,target_benchmark/JacksonDatabind_91b/source/com/fasterxml/jackson/databind/deser/DeserializerCache.java,OK,689d0fbcf8d8c3091e7023c27f817cdf8d1407fb202bd79f2e49be1ff564b750,target_benchmark/JacksonDatabind_91b/metadata.json,target_benchmark/JacksonDatabind_91b/defects4j_info.txt
JacksonDatabind,92,JacksonDatabind_92b,92b,com.fasterxml.jackson.databind.deser.BeanDeserializerFactory,1,1,target_benchmark/JacksonDatabind_92b/source/com/fasterxml/jackson/databind/deser/BeanDeserializerFactory.java,OK,68182dc04a2b66851e126fd6a9b227b941a2a5d666f2574c39a8e4d27db7d2fe,target_benchmark/JacksonDatabind_92b/metadata.json,target_benchmark/JacksonDatabind_92b/defects4j_info.txt
JacksonDatabind,93,JacksonDatabind_93b,93b,com.fasterxml.jackson.databind.jsontype.impl.SubTypeValidator,1,1,target_benchmark/JacksonDatabind_93b/source/com/fasterxml/jackson/databind/jsontype/impl/SubTypeValidator.java,OK,c95ecd6290af947a20345ff9fc1bbf7ce5def3eb6716463a6929149a8bc57ca8,target_benchmark/JacksonDatabind_93b/metadata.json,target_benchmark/JacksonDatabind_93b/defects4j_info.txt
JacksonDatabind,94,JacksonDatabind_94b,94b,com.fasterxml.jackson.databind.jsontype.impl.SubTypeValidator,1,1,target_benchmark/JacksonDatabind_94b/source/com/fasterxml/jackson/databind/jsontype/impl/SubTypeValidator.java,OK,cb2135dd84a47bb4a26f113ec9013c620029e7470dbde9399fed6857fba4fe50,target_benchmark/JacksonDatabind_94b/metadata.json,target_benchmark/JacksonDatabind_94b/defects4j_info.txt
JacksonDatabind,95,JacksonDatabind_95b,95b,com.fasterxml.jackson.databind.type.TypeFactory,1,2,target_benchmark/JacksonDatabind_95b/source/com/fasterxml/jackson/databind/type/TypeFactory.java,OK,bb5169b25e913031f6ce3bef81cb9d97d2b5a3ea89fe402b67ef7f3084e0b45d,target_benchmark/JacksonDatabind_95b/metadata.json,target_benchmark/JacksonDatabind_95b/defects4j_info.txt
JacksonDatabind,95,JacksonDatabind_95b,95b,com.fasterxml.jackson.databind.type.TypeParser,2,2,target_benchmark/JacksonDatabind_95b/source/com/fasterxml/jackson/databind/type/TypeParser.java,OK,7f3ab4c4ee4427cccd1e432e3cbb365cf1b56fddb98f2fb4e4a6bfe0b46926ba,target_benchmark/JacksonDatabind_95b/metadata.json,target_benchmark/JacksonDatabind_95b/defects4j_info.txt
JacksonDatabind,96,JacksonDatabind_96b,96b,com.fasterxml.jackson.databind.deser.BasicDeserializerFactory,1,1,target_benchmark/JacksonDatabind_96b/source/com/fasterxml/jackson/databind/deser/BasicDeserializerFactory.java,OK,756b29787152af080e14f7b93e9156d5819a38700533728000023bd2333933fc,target_benchmark/JacksonDatabind_96b/metadata.json,target_benchmark/JacksonDatabind_96b/defects4j_info.txt
JacksonDatabind,97,JacksonDatabind_97b,97b,com.fasterxml.jackson.databind.node.POJONode,1,1,target_benchmark/JacksonDatabind_97b/source/com/fasterxml/jackson/databind/node/POJONode.java,OK,e8afb515ce0321be857ddaf96e3f2ec3f783bab79b0046e1fa4e4a83244f69ec,target_benchmark/JacksonDatabind_97b/metadata.json,target_benchmark/JacksonDatabind_97b/defects4j_info.txt
JacksonDatabind,98,JacksonDatabind_98b,98b,com.fasterxml.jackson.databind.deser.impl.ExternalTypeHandler,1,1,target_benchmark/JacksonDatabind_98b/source/com/fasterxml/jackson/databind/deser/impl/ExternalTypeHandler.java,OK,b325dfd8a7d43c2bbd4d1481d9b21f513b62f7c4ade4e038f22eeb08467611df,target_benchmark/JacksonDatabind_98b/metadata.json,target_benchmark/JacksonDatabind_98b/defects4j_info.txt
JacksonDatabind,99,JacksonDatabind_99b,99b,com.fasterxml.jackson.databind.type.ReferenceType,1,1,target_benchmark/JacksonDatabind_99b/source/com/fasterxml/jackson/databind/type/ReferenceType.java,OK,ebc62caa3058878790e9625a8f83a9c521af9d0ba2c6a0c51282908aaf8e4c2b,target_benchmark/JacksonDatabind_99b/metadata.json,target_benchmark/JacksonDatabind_99b/defects4j_info.txt
JacksonDatabind,9,JacksonDatabind_9b,9b,com.fasterxml.jackson.databind.ser.std.StdKeySerializer,1,1,target_benchmark/JacksonDatabind_9b/source/com/fasterxml/jackson/databind/ser/std/StdKeySerializer.java,OK,b3ba3ed170669ee244b2690f044f843c2c29e0d70d9a4cc9628941f5fc6d0a68,target_benchmark/JacksonDatabind_9b/metadata.json,target_benchmark/JacksonDatabind_9b/defects4j_info.txt
JacksonXml,1,JacksonXml_1b,1b,com.fasterxml.jackson.dataformat.xml.deser.FromXmlParser,1,1,target_benchmark/JacksonXml_1b/source/com/fasterxml/jackson/dataformat/xml/deser/FromXmlParser.java,OK,3eef913b2d3be9de50dd20302bebc7d22bd3a8f485e30e9a9ab4354c443e86fc,target_benchmark/JacksonXml_1b/metadata.json,target_benchmark/JacksonXml_1b/defects4j_info.txt
JacksonXml,2,JacksonXml_2b,2b,com.fasterxml.jackson.dataformat.xml.deser.XmlTokenStream,1,1,target_benchmark/JacksonXml_2b/source/com/fasterxml/jackson/dataformat/xml/deser/XmlTokenStream.java,OK,28fdfc937b13be1cf786a2f52a77a13d723f6242ba250924937a4d025e7f5953,target_benchmark/JacksonXml_2b/metadata.json,target_benchmark/JacksonXml_2b/defects4j_info.txt
JacksonXml,3,JacksonXml_3b,3b,com.fasterxml.jackson.dataformat.xml.deser.FromXmlParser,1,1,target_benchmark/JacksonXml_3b/source/com/fasterxml/jackson/dataformat/xml/deser/FromXmlParser.java,OK,2ebe087c6ce6d593b34c842f68e6e8156a5b4ff815fc07ef4d2a0582230dde15,target_benchmark/JacksonXml_3b/metadata.json,target_benchmark/JacksonXml_3b/defects4j_info.txt
JacksonXml,4,JacksonXml_4b,4b,com.fasterxml.jackson.dataformat.xml.ser.XmlSerializerProvider,1,1,target_benchmark/JacksonXml_4b/source/com/fasterxml/jackson/dataformat/xml/ser/XmlSerializerProvider.java,OK,e5534ebdea8ed9c259b0834c804baf984105d001ba8754eada755fd1acb1ce87,target_benchmark/JacksonXml_4b/metadata.json,target_benchmark/JacksonXml_4b/defects4j_info.txt
JacksonXml,5,JacksonXml_5b,5b,com.fasterxml.jackson.dataformat.xml.ser.XmlSerializerProvider,1,1,target_benchmark/JacksonXml_5b/source/com/fasterxml/jackson/dataformat/xml/ser/XmlSerializerProvider.java,OK,4e6195fceef2f01cc46cd72069078cc1c4f16d0eda9077da9b88e7529565e40b,target_benchmark/JacksonXml_5b/metadata.json,target_benchmark/JacksonXml_5b/defects4j_info.txt
JacksonXml,6,JacksonXml_6b,6b,com.fasterxml.jackson.dataformat.xml.ser.ToXmlGenerator,1,1,target_benchmark/JacksonXml_6b/source/com/fasterxml/jackson/dataformat/xml/ser/ToXmlGenerator.java,OK,fc47f0de1a4f72d8d9375266e3c0b8152f8f09be0baf9030114d2c19b3c51467,target_benchmark/JacksonXml_6b/metadata.json,target_benchmark/JacksonXml_6b/defects4j_info.txt
Jsoup,10,Jsoup_10b,10b,org.jsoup.nodes.Node,1,1,target_benchmark/Jsoup_10b/source/org/jsoup/nodes/Node.java,OK,9d9faf5d7f74ab4489a1605d337e7751bee309bf2720585aa983449df784eadf,target_benchmark/Jsoup_10b/metadata.json,target_benchmark/Jsoup_10b/defects4j_info.txt
Jsoup,11,Jsoup_11b,11b,org.jsoup.select.Selector,1,1,target_benchmark/Jsoup_11b/source/org/jsoup/select/Selector.java,OK,8d6de9d4035f3e78b497c11f4ca396bec52aeab1937abb499776edaf16c96b3e,target_benchmark/Jsoup_11b/metadata.json,target_benchmark/Jsoup_11b/defects4j_info.txt
Jsoup,12,Jsoup_12b,12b,org.jsoup.select.Selector,1,1,target_benchmark/Jsoup_12b/source/org/jsoup/select/Selector.java,OK,98461c5e8cfd1d1fda18a351834a4dfc0ccd52e32d38ad53eb27850d4740407e,target_benchmark/Jsoup_12b/metadata.json,target_benchmark/Jsoup_12b/defects4j_info.txt
Jsoup,13,Jsoup_13b,13b,org.jsoup.nodes.Node,1,1,target_benchmark/Jsoup_13b/source/org/jsoup/nodes/Node.java,OK,8d2b42e81b3d887d002d834ded858f811929ac2e4de0542af8fb21bd5896e45d,target_benchmark/Jsoup_13b/metadata.json,target_benchmark/Jsoup_13b/defects4j_info.txt
Jsoup,14,Jsoup_14b,14b,org.jsoup.parser.Tokeniser,1,2,target_benchmark/Jsoup_14b/source/org/jsoup/parser/Tokeniser.java,OK,d286533305e8fd90bce9ce370bcc7adda1efa6313bdc1a7ba2a5eb225235f28a,target_benchmark/Jsoup_14b/metadata.json,target_benchmark/Jsoup_14b/defects4j_info.txt
Jsoup,14,Jsoup_14b,14b,org.jsoup.parser.TokeniserState,2,2,target_benchmark/Jsoup_14b/source/org/jsoup/parser/TokeniserState.java,OK,3f63bdce481959946182ba7b83aeb0e61b6e33459311f9dd449b4c88df73572a,target_benchmark/Jsoup_14b/metadata.json,target_benchmark/Jsoup_14b/defects4j_info.txt
Jsoup,15,Jsoup_15b,15b,org.jsoup.parser.TreeBuilderState,1,1,target_benchmark/Jsoup_15b/source/org/jsoup/parser/TreeBuilderState.java,OK,5ec2998c609a5627716cf37929c41598acd05c699fb5a64005bb4e003955b64e,target_benchmark/Jsoup_15b/metadata.json,target_benchmark/Jsoup_15b/defects4j_info.txt
Jsoup,16,Jsoup_16b,16b,org.jsoup.nodes.DocumentType,1,1,target_benchmark/Jsoup_16b/source/org/jsoup/nodes/DocumentType.java,OK,8db9dee0c626c222048d5200143e1b790d42da90e2a830da8e80427b6d483f02,target_benchmark/Jsoup_16b/metadata.json,target_benchmark/Jsoup_16b/defects4j_info.txt
Jsoup,17,Jsoup_17b,17b,org.jsoup.parser.TreeBuilderState,1,1,target_benchmark/Jsoup_17b/source/org/jsoup/parser/TreeBuilderState.java,OK,aab08c39e3fd9e584e667a5e6d0139ef9a3725474c2c74a0b764ebfc0ad6debb,target_benchmark/Jsoup_17b/metadata.json,target_benchmark/Jsoup_17b/defects4j_info.txt
Jsoup,18,Jsoup_18b,18b,org.jsoup.parser.CharacterReader,1,1,target_benchmark/Jsoup_18b/source/org/jsoup/parser/CharacterReader.java,OK,ab74edbbb656a9af927059757339f84b6e9943931f7f86e2984c32dccd3c17c9,target_benchmark/Jsoup_18b/metadata.json,target_benchmark/Jsoup_18b/defects4j_info.txt
Jsoup,19,Jsoup_19b,19b,org.jsoup.safety.Whitelist,1,1,target_benchmark/Jsoup_19b/source/org/jsoup/safety/Whitelist.java,OK,fa48afb864902ab819d059a7c875e585f165b3d5da729dc3cab8f3190c6c4cf8,target_benchmark/Jsoup_19b/metadata.json,target_benchmark/Jsoup_19b/defects4j_info.txt
Jsoup,1,Jsoup_1b,1b,org.jsoup.nodes.Document,1,1,target_benchmark/Jsoup_1b/source/org/jsoup/nodes/Document.java,OK,d6a5a1e5043587dda57e8e31c455e7495555a553ecda1f0f92b64d541a513f0e,target_benchmark/Jsoup_1b/metadata.json,target_benchmark/Jsoup_1b/defects4j_info.txt
Jsoup,20,Jsoup_20b,20b,org.jsoup.helper.DataUtil,1,1,target_benchmark/Jsoup_20b/source/org/jsoup/helper/DataUtil.java,OK,906142d931edac34eda8f1883b2b96c08d02547ca008caf9d1092bb22e650cb7,target_benchmark/Jsoup_20b/metadata.json,target_benchmark/Jsoup_20b/defects4j_info.txt
Jsoup,21,Jsoup_21b,21b,org.jsoup.select.CombiningEvaluator,1,2,target_benchmark/Jsoup_21b/source/org/jsoup/select/CombiningEvaluator.java,OK,59ecfb977155eb24c35c5a542458949fcd3e5349808371eeba870c406e9a0e3c,target_benchmark/Jsoup_21b/metadata.json,target_benchmark/Jsoup_21b/defects4j_info.txt
Jsoup,21,Jsoup_21b,21b,org.jsoup.select.QueryParser,2,2,target_benchmark/Jsoup_21b/source/org/jsoup/select/QueryParser.java,OK,165b753dab1031ca600298e467fdeeccd5a4d4b798f46420afd6b64f04a1ac30,target_benchmark/Jsoup_21b/metadata.json,target_benchmark/Jsoup_21b/defects4j_info.txt
Jsoup,22,Jsoup_22b,22b,org.jsoup.nodes.Element,1,3,target_benchmark/Jsoup_22b/source/org/jsoup/nodes/Element.java,OK,5dd5e1e98baa91acf15cf5cfbfb2325e3b72bdefa5049070ea17af822f34b100,target_benchmark/Jsoup_22b/metadata.json,target_benchmark/Jsoup_22b/defects4j_info.txt
Jsoup,22,Jsoup_22b,22b,org.jsoup.nodes.Node,2,3,target_benchmark/Jsoup_22b/source/org/jsoup/nodes/Node.java,OK,7b3e42563b755c60f530ba7e36a5bfc20769b803c4b70105b376636a8763f83c,target_benchmark/Jsoup_22b/metadata.json,target_benchmark/Jsoup_22b/defects4j_info.txt
Jsoup,22,Jsoup_22b,22b,org.jsoup.select.Elements,3,3,target_benchmark/Jsoup_22b/source/org/jsoup/select/Elements.java,OK,7812521794d44cbda37c85dc4a4e5a0ab4852c493dde0437f6b1a1fce4e09ad9,target_benchmark/Jsoup_22b/metadata.json,target_benchmark/Jsoup_22b/defects4j_info.txt
Jsoup,23,Jsoup_23b,23b,org.jsoup.parser.CharacterReader,1,2,target_benchmark/Jsoup_23b/source/org/jsoup/parser/CharacterReader.java,OK,bc64e0856e6e35567f252c6140f03e0d9c1efe8040c59a7714fd7f21327fdd67,target_benchmark/Jsoup_23b/metadata.json,target_benchmark/Jsoup_23b/defects4j_info.txt
Jsoup,23,Jsoup_23b,23b,org.jsoup.parser.Tokeniser,2,2,target_benchmark/Jsoup_23b/source/org/jsoup/parser/Tokeniser.java,OK,a7b3e3708e69b92558a9478cb99560ba10bb603f2c2dc6875cbedb68b922bc81,target_benchmark/Jsoup_23b/metadata.json,target_benchmark/Jsoup_23b/defects4j_info.txt
Jsoup,24,Jsoup_24b,24b,org.jsoup.parser.TokeniserState,1,1,target_benchmark/Jsoup_24b/source/org/jsoup/parser/TokeniserState.java,OK,830102c7ada5fff0343bab0209d1f77b2a3243a91c7aa18e58351e2e0c099d60,target_benchmark/Jsoup_24b/metadata.json,target_benchmark/Jsoup_24b/defects4j_info.txt
Jsoup,25,Jsoup_25b,25b,org.jsoup.parser.Tag,1,1,target_benchmark/Jsoup_25b/source/org/jsoup/parser/Tag.java,OK,f57e2a0f913542ac7633d6c3a5b06ae5ae8793079dcf6c4c4f9705c0e375c99e,target_benchmark/Jsoup_25b/metadata.json,target_benchmark/Jsoup_25b/defects4j_info.txt
Jsoup,26,Jsoup_26b,26b,org.jsoup.safety.Cleaner,1,1,target_benchmark/Jsoup_26b/source/org/jsoup/safety/Cleaner.java,OK,5ed2ce201452d49b343938adb773243dc07e4d58031a85527e6545fc89e732e0,target_benchmark/Jsoup_26b/metadata.json,target_benchmark/Jsoup_26b/defects4j_info.txt
Jsoup,27,Jsoup_27b,27b,org.jsoup.helper.DataUtil,1,1,target_benchmark/Jsoup_27b/source/org/jsoup/helper/DataUtil.java,OK,b9e0982c9e90006827105abad53ed9c79e7ab9a84c33f84605cee22a31091302,target_benchmark/Jsoup_27b/metadata.json,target_benchmark/Jsoup_27b/defects4j_info.txt
Jsoup,28,Jsoup_28b,28b,org.jsoup.nodes.Entities,1,3,target_benchmark/Jsoup_28b/source/org/jsoup/nodes/Entities.java,OK,9a1bcd6ed574a67487cb15cc6eccaec38d8edc49dc40592e6ddcbacb69282f23,target_benchmark/Jsoup_28b/metadata.json,target_benchmark/Jsoup_28b/defects4j_info.txt
Jsoup,28,Jsoup_28b,28b,org.jsoup.parser.Parser,2,3,target_benchmark/Jsoup_28b/source/org/jsoup/parser/Parser.java,OK,a53e5c5ba979277e07716810528b5d877a55ecaf1f043697f52b64cf50fc8bc1,target_benchmark/Jsoup_28b/metadata.json,target_benchmark/Jsoup_28b/defects4j_info.txt
Jsoup,28,Jsoup_28b,28b,org.jsoup.parser.Tokeniser,3,3,target_benchmark/Jsoup_28b/source/org/jsoup/parser/Tokeniser.java,OK,a8e3fdc5db66b3959dfe6ca4a11359a3f3a5ced1fb8f5f5cf730c4fd9f8389c0,target_benchmark/Jsoup_28b/metadata.json,target_benchmark/Jsoup_28b/defects4j_info.txt
Jsoup,29,Jsoup_29b,29b,org.jsoup.nodes.Document,1,1,target_benchmark/Jsoup_29b/source/org/jsoup/nodes/Document.java,OK,c792901fe66682d0fd51775b1c223e9661be676cc841f9719a35dc5bdde161d2,target_benchmark/Jsoup_29b/metadata.json,target_benchmark/Jsoup_29b/defects4j_info.txt
Jsoup,2,Jsoup_2b,2b,org.jsoup.parser.Parser,1,1,target_benchmark/Jsoup_2b/source/org/jsoup/parser/Parser.java,OK,fc9b600ee2976f5905066805f8f680dad4bb440951e038c614a185ee8dca563f,target_benchmark/Jsoup_2b/metadata.json,target_benchmark/Jsoup_2b/defects4j_info.txt
Jsoup,30,Jsoup_30b,30b,org.jsoup.safety.Cleaner,1,1,target_benchmark/Jsoup_30b/source/org/jsoup/safety/Cleaner.java,OK,f5aa640faac9bc7161f883e96f45b673103cd81cd489824b9e630a306ad07725,target_benchmark/Jsoup_30b/metadata.json,target_benchmark/Jsoup_30b/defects4j_info.txt
Jsoup,31,Jsoup_31b,31b,org.jsoup.parser.Token,1,3,target_benchmark/Jsoup_31b/source/org/jsoup/parser/Token.java,OK,ffd2cda906096acb8eec480c5fa563ce1bfa38d57e9e555392e0727e27d5810f,target_benchmark/Jsoup_31b/metadata.json,target_benchmark/Jsoup_31b/defects4j_info.txt
Jsoup,31,Jsoup_31b,31b,org.jsoup.parser.TokeniserState,2,3,target_benchmark/Jsoup_31b/source/org/jsoup/parser/TokeniserState.java,OK,82c5d136fecfb15684e058430fabeb474edfab11dd623a6a791923d778715077,target_benchmark/Jsoup_31b/metadata.json,target_benchmark/Jsoup_31b/defects4j_info.txt
Jsoup,31,Jsoup_31b,31b,org.jsoup.parser.XmlTreeBuilder,3,3,target_benchmark/Jsoup_31b/source/org/jsoup/parser/XmlTreeBuilder.java,OK,d2f0292743ffee7cd7ebb06b37f1ffc43e4f38d032954add4ac9842599fbc550,target_benchmark/Jsoup_31b/metadata.json,target_benchmark/Jsoup_31b/defects4j_info.txt
Jsoup,32,Jsoup_32b,32b,org.jsoup.nodes.Element,1,1,target_benchmark/Jsoup_32b/source/org/jsoup/nodes/Element.java,OK,be2d44ad0eab0907f51d954bd33a5c3cc419fca732e66386ca7c9bb29aed532a,target_benchmark/Jsoup_32b/metadata.json,target_benchmark/Jsoup_32b/defects4j_info.txt
Jsoup,33,Jsoup_33b,33b,org.jsoup.parser.HtmlTreeBuilder,1,1,target_benchmark/Jsoup_33b/source/org/jsoup/parser/HtmlTreeBuilder.java,OK,df3fb98f45b8a3bb532a823988c799095f140289d5a58bb416a27b977bec573b,target_benchmark/Jsoup_33b/metadata.json,target_benchmark/Jsoup_33b/defects4j_info.txt
Jsoup,34,Jsoup_34b,34b,org.jsoup.parser.CharacterReader,1,1,target_benchmark/Jsoup_34b/source/org/jsoup/parser/CharacterReader.java,OK,520305b4cb00ce6b495fcd4b1eed0c63c5df13ca45c6367c8a58359aed0facdf,target_benchmark/Jsoup_34b/metadata.json,target_benchmark/Jsoup_34b/defects4j_info.txt
Jsoup,35,Jsoup_35b,35b,org.jsoup.parser.HtmlTreeBuilderState,1,1,target_benchmark/Jsoup_35b/source/org/jsoup/parser/HtmlTreeBuilderState.java,OK,ceda4af7c812174e608978d5c6a1115ac3db0816b9020e77b6b27daadf811c13,target_benchmark/Jsoup_35b/metadata.json,target_benchmark/Jsoup_35b/defects4j_info.txt
Jsoup,36,Jsoup_36b,36b,org.jsoup.helper.DataUtil,1,1,target_benchmark/Jsoup_36b/source/org/jsoup/helper/DataUtil.java,OK,ac4e4f06006df28f47ace2cee177880c9ba25c672ba0f96f65236d500c38e5cf,target_benchmark/Jsoup_36b/metadata.json,target_benchmark/Jsoup_36b/defects4j_info.txt
Jsoup,37,Jsoup_37b,37b,org.jsoup.nodes.Element,1,1,target_benchmark/Jsoup_37b/source/org/jsoup/nodes/Element.java,OK,41337841b9fb248b6b04fbf46a64cde5db254c6d72e3ca5ce61c8116461f096d,target_benchmark/Jsoup_37b/metadata.json,target_benchmark/Jsoup_37b/defects4j_info.txt
Jsoup,38,Jsoup_38b,38b,org.jsoup.parser.HtmlTreeBuilderState,1,1,target_benchmark/Jsoup_38b/source/org/jsoup/parser/HtmlTreeBuilderState.java,OK,14f18175a2d15b5bbb4e8d2329ddbe5ee9ff55fa24e8ede91c21805688f059c5,target_benchmark/Jsoup_38b/metadata.json,target_benchmark/Jsoup_38b/defects4j_info.txt
Jsoup,39,Jsoup_39b,39b,org.jsoup.helper.DataUtil,1,1,target_benchmark/Jsoup_39b/source/org/jsoup/helper/DataUtil.java,OK,c1a4c085b936b0a6661b54e81de8c55edb34e9c3dc09ace7f9c3bc7cfd204006,target_benchmark/Jsoup_39b/metadata.json,target_benchmark/Jsoup_39b/defects4j_info.txt
Jsoup,3,Jsoup_3b,3b,org.jsoup.nodes.Element,1,3,target_benchmark/Jsoup_3b/source/org/jsoup/nodes/Element.java,OK,1d8a9c2ec6af823090523179021c15ce450de60a659984c1fc9cdd8c8185e51e,target_benchmark/Jsoup_3b/metadata.json,target_benchmark/Jsoup_3b/defects4j_info.txt
Jsoup,3,Jsoup_3b,3b,org.jsoup.parser.Parser,2,3,target_benchmark/Jsoup_3b/source/org/jsoup/parser/Parser.java,OK,dfecdad79bf58a4b3f216124606a787e45634d61efcd94cc52de4edf8fec6f70,target_benchmark/Jsoup_3b/metadata.json,target_benchmark/Jsoup_3b/defects4j_info.txt
Jsoup,3,Jsoup_3b,3b,org.jsoup.parser.Tag,3,3,target_benchmark/Jsoup_3b/source/org/jsoup/parser/Tag.java,OK,62a85f7481e8fb043c1f06df806feb04fca31796fb42a8951cf8f1b07d8620b0,target_benchmark/Jsoup_3b/metadata.json,target_benchmark/Jsoup_3b/defects4j_info.txt
Jsoup,40,Jsoup_40b,40b,org.jsoup.nodes.DocumentType,1,1,target_benchmark/Jsoup_40b/source/org/jsoup/nodes/DocumentType.java,OK,5b93012939a612ea8acde90c52197cd4b0baee4c8f3b527b0bc543dd1977f7fe,target_benchmark/Jsoup_40b/metadata.json,target_benchmark/Jsoup_40b/defects4j_info.txt
Jsoup,41,Jsoup_41b,41b,org.jsoup.nodes.Element,1,1,target_benchmark/Jsoup_41b/source/org/jsoup/nodes/Element.java,OK,a328e16c35835a0b0b7d72f22c133ebdbd39dd883448fb94d372071fe1f6201f,target_benchmark/Jsoup_41b/metadata.json,target_benchmark/Jsoup_41b/defects4j_info.txt
Jsoup,42,Jsoup_42b,42b,org.jsoup.nodes.FormElement,1,1,target_benchmark/Jsoup_42b/source/org/jsoup/nodes/FormElement.java,OK,5af883faa12c97b2d3eaec23ded2ddb94ae8baf68d7943992107e4f1c8ff9f3e,target_benchmark/Jsoup_42b/metadata.json,target_benchmark/Jsoup_42b/defects4j_info.txt
Jsoup,43,Jsoup_43b,43b,org.jsoup.nodes.Element,1,1,target_benchmark/Jsoup_43b/source/org/jsoup/nodes/Element.java,OK,1677438adbe1c2500d094504f430ed4d14aeac0600875f775be1f114e57d8a31,target_benchmark/Jsoup_43b/metadata.json,target_benchmark/Jsoup_43b/defects4j_info.txt
Jsoup,44,Jsoup_44b,44b,org.jsoup.parser.TreeBuilder,1,1,target_benchmark/Jsoup_44b/source/org/jsoup/parser/TreeBuilder.java,OK,4a183fe0f0ba940760e54f5b3d3350a6e74a85a4e9553d68e01df6fb562c5b97,target_benchmark/Jsoup_44b/metadata.json,target_benchmark/Jsoup_44b/defects4j_info.txt
Jsoup,45,Jsoup_45b,45b,org.jsoup.parser.HtmlTreeBuilder,1,1,target_benchmark/Jsoup_45b/source/org/jsoup/parser/HtmlTreeBuilder.java,OK,b6d70d1e672fe3dc818ac1801fa0684fc253ad103958ecef96a1ae4d746a06f3,target_benchmark/Jsoup_45b/metadata.json,target_benchmark/Jsoup_45b/defects4j_info.txt
Jsoup,46,Jsoup_46b,46b,org.jsoup.nodes.Entities,1,1,target_benchmark/Jsoup_46b/source/org/jsoup/nodes/Entities.java,OK,4025700e98812df7a02c9a9c0ef927efe0ed494efb619f933340f4ad795e0616,target_benchmark/Jsoup_46b/metadata.json,target_benchmark/Jsoup_46b/defects4j_info.txt
Jsoup,47,Jsoup_47b,47b,org.jsoup.nodes.Entities,1,1,target_benchmark/Jsoup_47b/source/org/jsoup/nodes/Entities.java,OK,22829d3458b291e8c7670b9ed1b8756c170e8cb34816069403f611dd62646d3c,target_benchmark/Jsoup_47b/metadata.json,target_benchmark/Jsoup_47b/defects4j_info.txt
Jsoup,48,Jsoup_48b,48b,org.jsoup.helper.HttpConnection,1,1,target_benchmark/Jsoup_48b/source/org/jsoup/helper/HttpConnection.java,OK,dae320d32b8959d69d2142c7e60441238c64e0831d3d9fe26da3bd8ff3f6a2b5,target_benchmark/Jsoup_48b/metadata.json,target_benchmark/Jsoup_48b/defects4j_info.txt
Jsoup,49,Jsoup_49b,49b,org.jsoup.nodes.Node,1,1,target_benchmark/Jsoup_49b/source/org/jsoup/nodes/Node.java,OK,5eb30d3673c1a93cfa791615bede07e1a1424cb7c1437b18c8c17c30474b72a4,target_benchmark/Jsoup_49b/metadata.json,target_benchmark/Jsoup_49b/defects4j_info.txt
Jsoup,4,Jsoup_4b,4b,org.jsoup.nodes.Entities,1,1,target_benchmark/Jsoup_4b/source/org/jsoup/nodes/Entities.java,OK,b4b4f5fbbda14efe21a12f0b665b09d2c43997f4de862c74c3e8624340ab9cda,target_benchmark/Jsoup_4b/metadata.json,target_benchmark/Jsoup_4b/defects4j_info.txt
Jsoup,50,Jsoup_50b,50b,org.jsoup.helper.DataUtil,1,1,target_benchmark/Jsoup_50b/source/org/jsoup/helper/DataUtil.java,OK,fe1afe55331e3a9d97d329ebd82a2c64a39e9683f5e65a5fe5a16ed75fd5fd13,target_benchmark/Jsoup_50b/metadata.json,target_benchmark/Jsoup_50b/defects4j_info.txt
Jsoup,51,Jsoup_51b,51b,org.jsoup.parser.CharacterReader,1,1,target_benchmark/Jsoup_51b/source/org/jsoup/parser/CharacterReader.java,OK,df744f1c14b824721a172cbcb95a24d44aac6036524a7b367e2b954c888a3162,target_benchmark/Jsoup_51b/metadata.json,target_benchmark/Jsoup_51b/defects4j_info.txt
Jsoup,52,Jsoup_52b,52b,org.jsoup.helper.DataUtil,1,3,target_benchmark/Jsoup_52b/source/org/jsoup/helper/DataUtil.java,OK,0dcbc6e8fb3413a09a9f4189ef824f7d990fe42fc53a12f04aaa32cfcd7b3d9c,target_benchmark/Jsoup_52b/metadata.json,target_benchmark/Jsoup_52b/defects4j_info.txt
Jsoup,52,Jsoup_52b,52b,org.jsoup.nodes.XmlDeclaration,2,3,target_benchmark/Jsoup_52b/source/org/jsoup/nodes/XmlDeclaration.java,OK,f055c912abc639c88faed9cd7e45203a7416ebb61371d240f8dab1353348e7ee,target_benchmark/Jsoup_52b/metadata.json,target_benchmark/Jsoup_52b/defects4j_info.txt
Jsoup,52,Jsoup_52b,52b,org.jsoup.parser.XmlTreeBuilder,3,3,target_benchmark/Jsoup_52b/source/org/jsoup/parser/XmlTreeBuilder.java,OK,e2488dc5f894f82435621fa907bcc82e5f71cf9a54308fd1489cc680f973da70,target_benchmark/Jsoup_52b/metadata.json,target_benchmark/Jsoup_52b/defects4j_info.txt
Jsoup,53,Jsoup_53b,53b,org.jsoup.parser.TokenQueue,1,1,target_benchmark/Jsoup_53b/source/org/jsoup/parser/TokenQueue.java,OK,71bfab1d6ad474ac87d3d0126449709e8296920bc3dac7549fe7e788a83842ee,target_benchmark/Jsoup_53b/metadata.json,target_benchmark/Jsoup_53b/defects4j_info.txt
Jsoup,54,Jsoup_54b,54b,org.jsoup.helper.W3CDom,1,1,target_benchmark/Jsoup_54b/source/org/jsoup/helper/W3CDom.java,OK,9b932949a19ed6590c75aa91d5679d7f92c59c2b4b598057e65398397a06a4e5,target_benchmark/Jsoup_54b/metadata.json,target_benchmark/Jsoup_54b/defects4j_info.txt
Jsoup,55,Jsoup_55b,55b,org.jsoup.parser.TokeniserState,1,1,target_benchmark/Jsoup_55b/source/org/jsoup/parser/TokeniserState.java,OK,466adbd68dc8655eb98cd2f5e62ac099eb476daa9df0eb670526d365ecdc7e21,target_benchmark/Jsoup_55b/metadata.json,target_benchmark/Jsoup_55b/defects4j_info.txt
Jsoup,56,Jsoup_56b,56b,org.jsoup.nodes.DocumentType,1,5,target_benchmark/Jsoup_56b/source/org/jsoup/nodes/DocumentType.java,OK,4ec25f13b25836e2fc0ce40869301171db22a2efa42fd79ffdf2b1169c7af53c,target_benchmark/Jsoup_56b/metadata.json,target_benchmark/Jsoup_56b/defects4j_info.txt
Jsoup,56,Jsoup_56b,56b,org.jsoup.parser.HtmlTreeBuilderState,2,5,target_benchmark/Jsoup_56b/source/org/jsoup/parser/HtmlTreeBuilderState.java,OK,2c73b6ce8bcb5a859c7ba83a72192b417350e9af699a09d6ec4bfb11c75b34d0,target_benchmark/Jsoup_56b/metadata.json,target_benchmark/Jsoup_56b/defects4j_info.txt
Jsoup,56,Jsoup_56b,56b,org.jsoup.parser.Token,3,5,target_benchmark/Jsoup_56b/source/org/jsoup/parser/Token.java,OK,a4e3fe3b734cad42a193b3f7985708ed07df8caf176806d5a67b58238feec597,target_benchmark/Jsoup_56b/metadata.json,target_benchmark/Jsoup_56b/defects4j_info.txt
Jsoup,56,Jsoup_56b,56b,org.jsoup.parser.TokeniserState,4,5,target_benchmark/Jsoup_56b/source/org/jsoup/parser/TokeniserState.java,OK,2fa44f215ec8817e4810a54210277bfc7b34d0fa802b48714f66182c9fbcbb24,target_benchmark/Jsoup_56b/metadata.json,target_benchmark/Jsoup_56b/defects4j_info.txt
Jsoup,56,Jsoup_56b,56b,org.jsoup.parser.XmlTreeBuilder,5,5,target_benchmark/Jsoup_56b/source/org/jsoup/parser/XmlTreeBuilder.java,OK,fccce0a263cb39a0ad051518a0cb33ca0414f9b1b3d4499459e367ab525f2b69,target_benchmark/Jsoup_56b/metadata.json,target_benchmark/Jsoup_56b/defects4j_info.txt
Jsoup,57,Jsoup_57b,57b,org.jsoup.nodes.Attributes,1,1,target_benchmark/Jsoup_57b/source/org/jsoup/nodes/Attributes.java,OK,c3fc8106b0e8955896b1807ab4957e80d8859c50fd18b8d2b590e5975ab7dd9c,target_benchmark/Jsoup_57b/metadata.json,target_benchmark/Jsoup_57b/defects4j_info.txt
Jsoup,58,Jsoup_58b,58b,org.jsoup.Jsoup,1,3,target_benchmark/Jsoup_58b/source/org/jsoup/Jsoup.java,OK,7096b01fb726ae4233e4ff8c2b6136c558da3078ce299f121a5196afc666fdcf,target_benchmark/Jsoup_58b/metadata.json,target_benchmark/Jsoup_58b/defects4j_info.txt
Jsoup,58,Jsoup_58b,58b,org.jsoup.parser.Parser,2,3,target_benchmark/Jsoup_58b/source/org/jsoup/parser/Parser.java,OK,49139c27705ce629ee845c8fd1c6b6481ca49b1868983b6c03b20b4fcd2ea847,target_benchmark/Jsoup_58b/metadata.json,target_benchmark/Jsoup_58b/defects4j_info.txt
Jsoup,58,Jsoup_58b,58b,org.jsoup.safety.Cleaner,3,3,target_benchmark/Jsoup_58b/source/org/jsoup/safety/Cleaner.java,OK,4bcedd0c2699182af3cf5243b5d8bdd7e893a3b75a8c69e989629d747b35ec6d,target_benchmark/Jsoup_58b/metadata.json,target_benchmark/Jsoup_58b/defects4j_info.txt
Jsoup,59,Jsoup_59b,59b,org.jsoup.parser.Token,1,1,target_benchmark/Jsoup_59b/source/org/jsoup/parser/Token.java,OK,8254d566d9e7e5856f8d9482f759be6232078bbcae0b72d4ba1d15ef4b2de2e9,target_benchmark/Jsoup_59b/metadata.json,target_benchmark/Jsoup_59b/defects4j_info.txt
Jsoup,5,Jsoup_5b,5b,org.jsoup.parser.Parser,1,1,target_benchmark/Jsoup_5b/source/org/jsoup/parser/Parser.java,OK,c15743fd078548890d24513dd0bbda5030700f6be2213c7ba8b1b99526ee4a34,target_benchmark/Jsoup_5b/metadata.json,target_benchmark/Jsoup_5b/defects4j_info.txt
Jsoup,60,Jsoup_60b,60b,org.jsoup.parser.TokenQueue,1,2,target_benchmark/Jsoup_60b/source/org/jsoup/parser/TokenQueue.java,OK,767a04cd6af4592e8dee7e215e030f2ef6705425049c3184c714f48eeef68996,target_benchmark/Jsoup_60b/metadata.json,target_benchmark/Jsoup_60b/defects4j_info.txt
Jsoup,60,Jsoup_60b,60b,org.jsoup.select.QueryParser,2,2,target_benchmark/Jsoup_60b/source/org/jsoup/select/QueryParser.java,OK,9abfe6eed9206b80de40c352b3030c9db5264cefd197a20221aac4c746a0dfb9,target_benchmark/Jsoup_60b/metadata.json,target_benchmark/Jsoup_60b/defects4j_info.txt
Jsoup,61,Jsoup_61b,61b,org.jsoup.nodes.Element,1,1,target_benchmark/Jsoup_61b/source/org/jsoup/nodes/Element.java,OK,80761dfb10f1964b48f7bc99b64267a1fc8d4a2ef39f5592e796de76f74f202f,target_benchmark/Jsoup_61b/metadata.json,target_benchmark/Jsoup_61b/defects4j_info.txt
Jsoup,62,Jsoup_62b,62b,org.jsoup.parser.HtmlTreeBuilderState,1,1,target_benchmark/Jsoup_62b/source/org/jsoup/parser/HtmlTreeBuilderState.java,OK,92412714041f2ad6dafce30dc8ebeccdf33b3c4232b02a0722d7fb92ea6f9c35,target_benchmark/Jsoup_62b/metadata.json,target_benchmark/Jsoup_62b/defects4j_info.txt
Jsoup,63,Jsoup_63b,63b,org.jsoup.parser.HtmlTreeBuilder,1,2,target_benchmark/Jsoup_63b/source/org/jsoup/parser/HtmlTreeBuilder.java,OK,35bc034ba58305476eb9f38ec1d66a9514b8a5b1d57c88f4b0ff0d4f8432cd7a,target_benchmark/Jsoup_63b/metadata.json,target_benchmark/Jsoup_63b/defects4j_info.txt
Jsoup,63,Jsoup_63b,63b,org.jsoup.parser.Tokeniser,2,2,target_benchmark/Jsoup_63b/source/org/jsoup/parser/Tokeniser.java,OK,ce223121617231dea48339bac3860b826b4bcd62f3f7818ca0663e287ffd283d,target_benchmark/Jsoup_63b/metadata.json,target_benchmark/Jsoup_63b/defects4j_info.txt
Jsoup,64,Jsoup_64b,64b,org.jsoup.parser.HtmlTreeBuilderState,1,1,target_benchmark/Jsoup_64b/source/org/jsoup/parser/HtmlTreeBuilderState.java,OK,d0dd781e889c1b182123a7e3be456ebef1a46d191e30804c0eb3d10b64944431,target_benchmark/Jsoup_64b/metadata.json,target_benchmark/Jsoup_64b/defects4j_info.txt
Jsoup,65,Jsoup_65b,65b,org.jsoup.parser.HtmlTreeBuilder,1,2,target_benchmark/Jsoup_65b/source/org/jsoup/parser/HtmlTreeBuilder.java,OK,2f0400d5ab4bb21fc84fbe3003e348fb742dd84b9b149949c1888640555b2a83,target_benchmark/Jsoup_65b/metadata.json,target_benchmark/Jsoup_65b/defects4j_info.txt
Jsoup,65,Jsoup_65b,65b,org.jsoup.parser.HtmlTreeBuilderState,2,2,target_benchmark/Jsoup_65b/source/org/jsoup/parser/HtmlTreeBuilderState.java,OK,07fbc0c028909d1f6457aa9909003da52662dd4a38eedb1f4462edac2ff598d8,target_benchmark/Jsoup_65b/metadata.json,target_benchmark/Jsoup_65b/defects4j_info.txt
Jsoup,66,Jsoup_66b,66b,org.jsoup.nodes.Element,1,1,target_benchmark/Jsoup_66b/source/org/jsoup/nodes/Element.java,OK,c758a01da47dae4164d4caa36cbdbe09cc146ee4372dc7799cc809947dc63e02,target_benchmark/Jsoup_66b/metadata.json,target_benchmark/Jsoup_66b/defects4j_info.txt
Jsoup,67,Jsoup_67b,67b,org.jsoup.parser.HtmlTreeBuilder,1,1,target_benchmark/Jsoup_67b/source/org/jsoup/parser/HtmlTreeBuilder.java,OK,4921c0766bdaf19f1bbcd5a5cf3ecceba2d7f5a13520d106f7603b3ff7476dc8,target_benchmark/Jsoup_67b/metadata.json,target_benchmark/Jsoup_67b/defects4j_info.txt
Jsoup,68,Jsoup_68b,68b,org.jsoup.parser.HtmlTreeBuilder,1,1,target_benchmark/Jsoup_68b/source/org/jsoup/parser/HtmlTreeBuilder.java,OK,887184e320f8893fb30442efb4eb0ad85ebe6e8cfc995ca165a5026a528951f5,target_benchmark/Jsoup_68b/metadata.json,target_benchmark/Jsoup_68b/defects4j_info.txt
Jsoup,69,Jsoup_69b,69b,org.jsoup.nodes.FormElement,1,1,target_benchmark/Jsoup_69b/source/org/jsoup/nodes/FormElement.java,OK,6a31f5eef37fbed852651e2797971438e1f919b27d11978aacbb6fcc88faa502,target_benchmark/Jsoup_69b/metadata.json,target_benchmark/Jsoup_69b/defects4j_info.txt
Jsoup,6,Jsoup_6b,6b,org.jsoup.nodes.Entities,1,1,target_benchmark/Jsoup_6b/source/org/jsoup/nodes/Entities.java,OK,cb0ac106f8c5c78f48ccd0d94b81c251c06ed16b04df3da3552d846ed4932ab1,target_benchmark/Jsoup_6b/metadata.json,target_benchmark/Jsoup_6b/defects4j_info.txt
Jsoup,70,Jsoup_70b,70b,org.jsoup.nodes.Element,1,1,target_benchmark/Jsoup_70b/source/org/jsoup/nodes/Element.java,OK,fa48cd12eb441e3c86d375f0fb4e9ee97b6694a90958e0168d2af518a257689f,target_benchmark/Jsoup_70b/metadata.json,target_benchmark/Jsoup_70b/defects4j_info.txt
Jsoup,71,Jsoup_71b,71b,org.jsoup.nodes.PseudoTextElement,1,3,,SOURCE_NOT_FOUND,,target_benchmark/Jsoup_71b/metadata.json,target_benchmark/Jsoup_71b/defects4j_info.txt
Jsoup,71,Jsoup_71b,71b,org.jsoup.select.Evaluator,2,3,target_benchmark/Jsoup_71b/source/org/jsoup/select/Evaluator.java,OK,ac8edece300dcf962f96f922db2926ac4b61d74f4950160b6b4de45131198133,target_benchmark/Jsoup_71b/metadata.json,target_benchmark/Jsoup_71b/defects4j_info.txt
Jsoup,71,Jsoup_71b,71b,org.jsoup.select.QueryParser,3,3,target_benchmark/Jsoup_71b/source/org/jsoup/select/QueryParser.java,OK,c604ec964b88a947f494623e0b9303393c60a3f7ba0e58cc7ecf91960e725ee3,target_benchmark/Jsoup_71b/metadata.json,target_benchmark/Jsoup_71b/defects4j_info.txt
Jsoup,72,Jsoup_72b,72b,org.jsoup.parser.CharacterReader,1,1,target_benchmark/Jsoup_72b/source/org/jsoup/parser/CharacterReader.java,OK,730b4c4da9a9cab4e330684c379d61812c2c9f837d677b2f5904031ee23aac97,target_benchmark/Jsoup_72b/metadata.json,target_benchmark/Jsoup_72b/defects4j_info.txt
Jsoup,73,Jsoup_73b,73b,org.jsoup.helper.W3CDom,1,1,target_benchmark/Jsoup_73b/source/org/jsoup/helper/W3CDom.java,OK,f731853396b239c726ad4968bb28805430b343f1ff4d7cf6203fdfded179fd1d,target_benchmark/Jsoup_73b/metadata.json,target_benchmark/Jsoup_73b/defects4j_info.txt
Jsoup,74,Jsoup_74b,74b,org.jsoup.helper.StringUtil,1,1,target_benchmark/Jsoup_74b/source/org/jsoup/helper/StringUtil.java,OK,f681bc7b12b88deb4c8ba201260f61b82c6dbf6f7d4bc873b7860eca2b44cc9c,target_benchmark/Jsoup_74b/metadata.json,target_benchmark/Jsoup_74b/defects4j_info.txt
Jsoup,75,Jsoup_75b,75b,org.jsoup.nodes.Attributes,1,1,target_benchmark/Jsoup_75b/source/org/jsoup/nodes/Attributes.java,OK,7da0a61567a29859ee64764ba54bc0659edc6d00755f01116d36256274cedfda,target_benchmark/Jsoup_75b/metadata.json,target_benchmark/Jsoup_75b/defects4j_info.txt
Jsoup,76,Jsoup_76b,76b,org.jsoup.parser.HtmlTreeBuilderState,1,1,target_benchmark/Jsoup_76b/source/org/jsoup/parser/HtmlTreeBuilderState.java,OK,3cc9a47fbbbd1000070b52eaf6f3d573c42776199d7f8721c6a71f048a215e50,target_benchmark/Jsoup_76b/metadata.json,target_benchmark/Jsoup_76b/defects4j_info.txt
Jsoup,77,Jsoup_77b,77b,org.jsoup.parser.XmlTreeBuilder,1,1,target_benchmark/Jsoup_77b/source/org/jsoup/parser/XmlTreeBuilder.java,OK,29e705e19d75578ea19ce7504463583366662dbf65306b748a94146eecae24f0,target_benchmark/Jsoup_77b/metadata.json,target_benchmark/Jsoup_77b/defects4j_info.txt
Jsoup,78,Jsoup_78b,78b,org.jsoup.helper.DataUtil,1,1,target_benchmark/Jsoup_78b/source/org/jsoup/helper/DataUtil.java,OK,6a78b3597750af44dc8b3d71e2e0dc078ea018c4007e52694dcb40be217d3e6c,target_benchmark/Jsoup_78b/metadata.json,target_benchmark/Jsoup_78b/defects4j_info.txt
Jsoup,79,Jsoup_79b,79b,org.jsoup.nodes.LeafNode,1,1,target_benchmark/Jsoup_79b/source/org/jsoup/nodes/LeafNode.java,OK,1865e20c8d5e6b11db47b8554fbca6a63cdd645c7d3195f41b5cc13f01f23d01,target_benchmark/Jsoup_79b/metadata.json,target_benchmark/Jsoup_79b/defects4j_info.txt
Jsoup,7,Jsoup_7b,7b,org.jsoup.nodes.Document,1,1,target_benchmark/Jsoup_7b/source/org/jsoup/nodes/Document.java,OK,2f29f3b501547a30bf6486a3d665a5b91520ca6f7b6af8191aff79a9bc44663b,target_benchmark/Jsoup_7b/metadata.json,target_benchmark/Jsoup_7b/defects4j_info.txt
Jsoup,80,Jsoup_80b,80b,org.jsoup.parser.XmlTreeBuilder,1,1,target_benchmark/Jsoup_80b/source/org/jsoup/parser/XmlTreeBuilder.java,OK,41435cbc7612fda7f013d21859e248d07f1cbf0aa88397b2b6fd9ba478efec64,target_benchmark/Jsoup_80b/metadata.json,target_benchmark/Jsoup_80b/defects4j_info.txt
Jsoup,81,Jsoup_81b,81b,org.jsoup.helper.DataUtil,1,1,target_benchmark/Jsoup_81b/source/org/jsoup/helper/DataUtil.java,OK,c233982161e60c620b00fcae02b49438f9044506ce9eef24c941780bd8eb5572,target_benchmark/Jsoup_81b/metadata.json,target_benchmark/Jsoup_81b/defects4j_info.txt
Jsoup,82,Jsoup_82b,82b,org.jsoup.helper.DataUtil,1,1,target_benchmark/Jsoup_82b/source/org/jsoup/helper/DataUtil.java,OK,7c0facb46a07d55eba3e14e7e2f90c992c2b558038d27043da485a5a8cac6ee8,target_benchmark/Jsoup_82b/metadata.json,target_benchmark/Jsoup_82b/defects4j_info.txt
Jsoup,83,Jsoup_83b,83b,org.jsoup.parser.CharacterReader,1,2,target_benchmark/Jsoup_83b/source/org/jsoup/parser/CharacterReader.java,OK,e1f3af1ac5e3d0639625b6c19f54bad08d15acc4261c9f2658746ed8c6648602,target_benchmark/Jsoup_83b/metadata.json,target_benchmark/Jsoup_83b/defects4j_info.txt
Jsoup,83,Jsoup_83b,83b,org.jsoup.parser.TokeniserState,2,2,target_benchmark/Jsoup_83b/source/org/jsoup/parser/TokeniserState.java,OK,3ec791427cb5467501cd94fb836b93c6171df6b4468840e14ad2787090a953b7,target_benchmark/Jsoup_83b/metadata.json,target_benchmark/Jsoup_83b/defects4j_info.txt
Jsoup,84,Jsoup_84b,84b,org.jsoup.helper.W3CDom,1,1,target_benchmark/Jsoup_84b/source/org/jsoup/helper/W3CDom.java,OK,6b2c9216509b3d1ee94121634354d0e63ae8c37a4de42db0644dfb99e19c6cf9,target_benchmark/Jsoup_84b/metadata.json,target_benchmark/Jsoup_84b/defects4j_info.txt
Jsoup,85,Jsoup_85b,85b,org.jsoup.nodes.Attribute,1,1,target_benchmark/Jsoup_85b/source/org/jsoup/nodes/Attribute.java,OK,62e41bc0b2d0cbad91b760d34a5f9686a9bc894038bf3c52c23809aeb34fd9ac,target_benchmark/Jsoup_85b/metadata.json,target_benchmark/Jsoup_85b/defects4j_info.txt
Jsoup,86,Jsoup_86b,86b,org.jsoup.nodes.Comment,1,1,target_benchmark/Jsoup_86b/source/org/jsoup/nodes/Comment.java,OK,c4997150c5b5bc2316cd40bd2538d3dc9a6bc83cdea556af4edbcc76e6896e08,target_benchmark/Jsoup_86b/metadata.json,target_benchmark/Jsoup_86b/defects4j_info.txt
Jsoup,87,Jsoup_87b,87b,org.jsoup.nodes.Element,1,4,target_benchmark/Jsoup_87b/source/org/jsoup/nodes/Element.java,OK,516ed6c3010cc9bfe1484e657aa0c08d4ee0db97790eefc0a88851486fb72f00,target_benchmark/Jsoup_87b/metadata.json,target_benchmark/Jsoup_87b/defects4j_info.txt
Jsoup,87,Jsoup_87b,87b,org.jsoup.parser.HtmlTreeBuilder,2,4,target_benchmark/Jsoup_87b/source/org/jsoup/parser/HtmlTreeBuilder.java,OK,faccd39e3adc02ef8bd1895291309a219a959297808879c13496eaed21f7437e,target_benchmark/Jsoup_87b/metadata.json,target_benchmark/Jsoup_87b/defects4j_info.txt
Jsoup,87,Jsoup_87b,87b,org.jsoup.parser.HtmlTreeBuilderState,3,4,target_benchmark/Jsoup_87b/source/org/jsoup/parser/HtmlTreeBuilderState.java,OK,e2e80eb918167142f3c459fdac7d4568f35b6820fce28c1801aabe70bd82e20f,target_benchmark/Jsoup_87b/metadata.json,target_benchmark/Jsoup_87b/defects4j_info.txt
Jsoup,87,Jsoup_87b,87b,org.jsoup.parser.Tag,4,4,target_benchmark/Jsoup_87b/source/org/jsoup/parser/Tag.java,OK,012d3b27916ff969cec53c8a4fbf156e0c2418eb75717463154cf508a414b869,target_benchmark/Jsoup_87b/metadata.json,target_benchmark/Jsoup_87b/defects4j_info.txt
Jsoup,88,Jsoup_88b,88b,org.jsoup.nodes.Attribute,1,1,target_benchmark/Jsoup_88b/source/org/jsoup/nodes/Attribute.java,OK,b2fa7a7e9dab16545ad89df67fa912932ab7f581b70e38d03a34db8958357344,target_benchmark/Jsoup_88b/metadata.json,target_benchmark/Jsoup_88b/defects4j_info.txt
Jsoup,89,Jsoup_89b,89b,org.jsoup.nodes.Attribute,1,1,target_benchmark/Jsoup_89b/source/org/jsoup/nodes/Attribute.java,OK,aee21eb22870ecc4f4e4ab0dbd4df6b6e6dcf3091957700fef5b65ef6d364513,target_benchmark/Jsoup_89b/metadata.json,target_benchmark/Jsoup_89b/defects4j_info.txt
Jsoup,8,Jsoup_8b,8b,org.jsoup.nodes.Node,1,1,target_benchmark/Jsoup_8b/source/org/jsoup/nodes/Node.java,OK,b1bf57ceb5630dcb659427ce852636328a4879363f9439414124bffe6ff14394,target_benchmark/Jsoup_8b/metadata.json,target_benchmark/Jsoup_8b/defects4j_info.txt
Jsoup,90,Jsoup_90b,90b,org.jsoup.helper.HttpConnection,1,1,target_benchmark/Jsoup_90b/source/org/jsoup/helper/HttpConnection.java,OK,40934fbc54a37161fb542f107d183502e3b413a5c73edefee93fa7ea182d9e97,target_benchmark/Jsoup_90b/metadata.json,target_benchmark/Jsoup_90b/defects4j_info.txt
Jsoup,91,Jsoup_91b,91b,org.jsoup.UncheckedIOException,1,2,target_benchmark/Jsoup_91b/source/org/jsoup/UncheckedIOException.java,OK,c61502a981d9914d2708b7cc502aee8976b5a8e83bb3ecd96d5ba9e2f0b86040,target_benchmark/Jsoup_91b/metadata.json,target_benchmark/Jsoup_91b/defects4j_info.txt
Jsoup,91,Jsoup_91b,91b,org.jsoup.parser.CharacterReader,2,2,target_benchmark/Jsoup_91b/source/org/jsoup/parser/CharacterReader.java,OK,4ec3ae561d10877212129fcdd16b4a66127c0b4ae9619da75082f8fc9192427c,target_benchmark/Jsoup_91b/metadata.json,target_benchmark/Jsoup_91b/defects4j_info.txt
Jsoup,92,Jsoup_92b,92b,org.jsoup.nodes.Attributes,1,5,target_benchmark/Jsoup_92b/source/org/jsoup/nodes/Attributes.java,OK,a289be7e3bd0d3cc2ee28fc7d8f2c25ac3ec53238a95a236e55e706cbc216afb,target_benchmark/Jsoup_92b/metadata.json,target_benchmark/Jsoup_92b/defects4j_info.txt
Jsoup,92,Jsoup_92b,92b,org.jsoup.parser.HtmlTreeBuilder,2,5,target_benchmark/Jsoup_92b/source/org/jsoup/parser/HtmlTreeBuilder.java,OK,0623557e460830960ef4be8aa016b3cba825d2a43b624c7d9ccae30b492dd1c9,target_benchmark/Jsoup_92b/metadata.json,target_benchmark/Jsoup_92b/defects4j_info.txt
Jsoup,92,Jsoup_92b,92b,org.jsoup.parser.ParseSettings,3,5,target_benchmark/Jsoup_92b/source/org/jsoup/parser/ParseSettings.java,OK,231e2e1d76f2010c28bd8ec9c0f51f9c9206d4a915ff4d9d3fcc8a9881bc00a3,target_benchmark/Jsoup_92b/metadata.json,target_benchmark/Jsoup_92b/defects4j_info.txt
Jsoup,92,Jsoup_92b,92b,org.jsoup.parser.Token,4,5,target_benchmark/Jsoup_92b/source/org/jsoup/parser/Token.java,OK,9c7b08e175a5576dfa60c7a9d7920b6650cd08c51319c1cc5aa3c253a66660a9,target_benchmark/Jsoup_92b/metadata.json,target_benchmark/Jsoup_92b/defects4j_info.txt
Jsoup,92,Jsoup_92b,92b,org.jsoup.parser.XmlTreeBuilder,5,5,target_benchmark/Jsoup_92b/source/org/jsoup/parser/XmlTreeBuilder.java,OK,9c420467eefd1d4a352a6eaf2582c9ae25f88f57b71cfc7eb1996a1d8c59e6e2,target_benchmark/Jsoup_92b/metadata.json,target_benchmark/Jsoup_92b/defects4j_info.txt
Jsoup,93,Jsoup_93b,93b,org.jsoup.nodes.FormElement,1,1,target_benchmark/Jsoup_93b/source/org/jsoup/nodes/FormElement.java,OK,85e16b2f1a1219b2b6bfc53d52ca1c1f2da21941e8e32c0e18ed0ab5a871356f,target_benchmark/Jsoup_93b/metadata.json,target_benchmark/Jsoup_93b/defects4j_info.txt
Jsoup,9,Jsoup_9b,9b,org.jsoup.nodes.Entities,1,1,target_benchmark/Jsoup_9b/source/org/jsoup/nodes/Entities.java,OK,0e0c172ed0224e9852793d7e02386565213f0ee6c9bf116f2074449bb283a7c2,target_benchmark/Jsoup_9b/metadata.json,target_benchmark/Jsoup_9b/defects4j_info.txt
JxPath,10,JxPath_10b,10b,org.apache.commons.jxpath.ri.compiler.CoreOperationRelationalExpression,1,1,target_benchmark/JxPath_10b/source/org/apache/commons/jxpath/ri/compiler/CoreOperationRelationalExpression.java,OK,cc908614eaa08a642d6c951f68721cc8e43c940badc63755d6079ef243e7aa63,target_benchmark/JxPath_10b/metadata.json,target_benchmark/JxPath_10b/defects4j_info.txt
JxPath,11,JxPath_11b,11b,org.apache.commons.jxpath.ri.model.dom.DOMAttributeIterator,1,2,target_benchmark/JxPath_11b/source/org/apache/commons/jxpath/ri/model/dom/DOMAttributeIterator.java,OK,488bb78dfeab8f2b2abaaba12d0ae267c69bd3272fb687b0850c21fd5aaf0256,target_benchmark/JxPath_11b/metadata.json,target_benchmark/JxPath_11b/defects4j_info.txt
JxPath,11,JxPath_11b,11b,org.apache.commons.jxpath.ri.model.jdom.JDOMAttributeIterator,2,2,target_benchmark/JxPath_11b/source/org/apache/commons/jxpath/ri/model/jdom/JDOMAttributeIterator.java,OK,18671774c55a6e9715a7ae5f177a355cb0f451a936a294c858981ac33fff4de1,target_benchmark/JxPath_11b/metadata.json,target_benchmark/JxPath_11b/defects4j_info.txt
JxPath,12,JxPath_12b,12b,org.apache.commons.jxpath.ri.model.dom.DOMNodePointer,1,1,target_benchmark/JxPath_12b/source/org/apache/commons/jxpath/ri/model/dom/DOMNodePointer.java,OK,f550ed1a9a7616aaa73a62ead1ae932360406c22b9d30fb61ef0a3d8de0b6861,target_benchmark/JxPath_12b/metadata.json,target_benchmark/JxPath_12b/defects4j_info.txt
JxPath,13,JxPath_13b,13b,org.apache.commons.jxpath.ri.NamespaceResolver,1,2,target_benchmark/JxPath_13b/source/org/apache/commons/jxpath/ri/NamespaceResolver.java,OK,b7bde5d2a858c05c841f3ec5307b65528ab44313c88da80e5f3ff2874812ed7e,target_benchmark/JxPath_13b/metadata.json,target_benchmark/JxPath_13b/defects4j_info.txt
JxPath,13,JxPath_13b,13b,org.apache.commons.jxpath.ri.model.dom.DOMNodePointer,2,2,target_benchmark/JxPath_13b/source/org/apache/commons/jxpath/ri/model/dom/DOMNodePointer.java,OK,fc5da9b41ae01bb94404932287b02e443b20fc52eb46be7094b7a7a6aed9157a,target_benchmark/JxPath_13b/metadata.json,target_benchmark/JxPath_13b/defects4j_info.txt
JxPath,14,JxPath_14b,14b,org.apache.commons.jxpath.ri.compiler.CoreFunction,1,1,target_benchmark/JxPath_14b/source/org/apache/commons/jxpath/ri/compiler/CoreFunction.java,OK,493d53751f22d0d8fa5477c3e0eacb217390b13648e9509a0ad76c15ce1c6878,target_benchmark/JxPath_14b/metadata.json,target_benchmark/JxPath_14b/defects4j_info.txt
JxPath,15,JxPath_15b,15b,org.apache.commons.jxpath.ri.axes.UnionContext,1,1,target_benchmark/JxPath_15b/source/org/apache/commons/jxpath/ri/axes/UnionContext.java,OK,13e8215697fa127d586b258cb77609011158016f3dee7b867ccffac4c75e098d,target_benchmark/JxPath_15b/metadata.json,target_benchmark/JxPath_15b/defects4j_info.txt
JxPath,16,JxPath_16b,16b,org.apache.commons.jxpath.ri.model.dom.DOMNodePointer,1,2,target_benchmark/JxPath_16b/source/org/apache/commons/jxpath/ri/model/dom/DOMNodePointer.java,OK,a99d054e0f87356bb7dacab9e59776590915fba75f17002f4020906954f15d9c,target_benchmark/JxPath_16b/metadata.json,target_benchmark/JxPath_16b/defects4j_info.txt
JxPath,16,JxPath_16b,16b,org.apache.commons.jxpath.ri.model.jdom.JDOMNodePointer,2,2,target_benchmark/JxPath_16b/source/org/apache/commons/jxpath/ri/model/jdom/JDOMNodePointer.java,OK,818ce2d04fa2e71774ddae6e831dde896372e64fe0661808e1c16ba6d9b6d7dd,target_benchmark/JxPath_16b/metadata.json,target_benchmark/JxPath_16b/defects4j_info.txt
JxPath,17,JxPath_17b,17b,org.apache.commons.jxpath.ri.model.dom.DOMAttributeIterator,1,2,target_benchmark/JxPath_17b/source/org/apache/commons/jxpath/ri/model/dom/DOMAttributeIterator.java,OK,47b31f774796e9786217d8379c34e358335897ed949b5a0b621f8c2d52333cdf,target_benchmark/JxPath_17b/metadata.json,target_benchmark/JxPath_17b/defects4j_info.txt
JxPath,17,JxPath_17b,17b,org.apache.commons.jxpath.ri.model.jdom.JDOMAttributeIterator,2,2,target_benchmark/JxPath_17b/source/org/apache/commons/jxpath/ri/model/jdom/JDOMAttributeIterator.java,OK,152ccc51f4a98e64c6f9e9c61fc5911d2a90fcae9dc17ee91d55910f20bdb13a,target_benchmark/JxPath_17b/metadata.json,target_benchmark/JxPath_17b/defects4j_info.txt
JxPath,18,JxPath_18b,18b,org.apache.commons.jxpath.ri.axes.AttributeContext,1,1,target_benchmark/JxPath_18b/source/org/apache/commons/jxpath/ri/axes/AttributeContext.java,OK,5bfd41b7375ef655b6e9764ca301bce0833507d5ee5c0de7eb334d3f7e491647,target_benchmark/JxPath_18b/metadata.json,target_benchmark/JxPath_18b/defects4j_info.txt
JxPath,19,JxPath_19b,19b,org.apache.commons.jxpath.ri.model.dom.DOMNodePointer,1,2,target_benchmark/JxPath_19b/source/org/apache/commons/jxpath/ri/model/dom/DOMNodePointer.java,OK,74a14bca66ea9c2d6b10bc438ce9181fabb05c0b4058b2b97bd074e4c5a80bab,target_benchmark/JxPath_19b/metadata.json,target_benchmark/JxPath_19b/defects4j_info.txt
JxPath,19,JxPath_19b,19b,org.apache.commons.jxpath.ri.model.jdom.JDOMNodePointer,2,2,target_benchmark/JxPath_19b/source/org/apache/commons/jxpath/ri/model/jdom/JDOMNodePointer.java,OK,7b4e2f9ec1ff6fc933ca04d8efa852f3e4918e02dc284e5c16c3718bbba5b309,target_benchmark/JxPath_19b/metadata.json,target_benchmark/JxPath_19b/defects4j_info.txt
JxPath,1,JxPath_1b,1b,org.apache.commons.jxpath.ri.model.dom.DOMNodePointer,1,2,target_benchmark/JxPath_1b/source/org/apache/commons/jxpath/ri/model/dom/DOMNodePointer.java,OK,0710d8ad2740b6985ec7f153d3b2e8aa75ed0949c7a4af6be08051b086d92bfe,target_benchmark/JxPath_1b/metadata.json,target_benchmark/JxPath_1b/defects4j_info.txt
JxPath,1,JxPath_1b,1b,org.apache.commons.jxpath.ri.model.jdom.JDOMNodePointer,2,2,target_benchmark/JxPath_1b/source/org/apache/commons/jxpath/ri/model/jdom/JDOMNodePointer.java,OK,0e741f50836dcb7b641863a1509da3128b4961e18439dcfebc35adf784f7a3e1,target_benchmark/JxPath_1b/metadata.json,target_benchmark/JxPath_1b/defects4j_info.txt
JxPath,20,JxPath_20b,20b,org.apache.commons.jxpath.ri.compiler.CoreOperationRelationalExpression,1,1,target_benchmark/JxPath_20b/source/org/apache/commons/jxpath/ri/compiler/CoreOperationRelationalExpression.java,OK,011fc3a78f4829aa9d9c13292fdba7b9bd58cb3f6b1a427bc068e2057409c4eb,target_benchmark/JxPath_20b/metadata.json,target_benchmark/JxPath_20b/defects4j_info.txt
JxPath,21,JxPath_21b,21b,org.apache.commons.jxpath.ri.model.beans.PropertyPointer,1,1,target_benchmark/JxPath_21b/source/org/apache/commons/jxpath/ri/model/beans/PropertyPointer.java,OK,0be21b7e7d7167e19628361b65d0f1f4400b15952ca972326c0d180ba50c2f4b,target_benchmark/JxPath_21b/metadata.json,target_benchmark/JxPath_21b/defects4j_info.txt
JxPath,22,JxPath_22b,22b,org.apache.commons.jxpath.ri.model.dom.DOMNodePointer,1,1,target_benchmark/JxPath_22b/source/org/apache/commons/jxpath/ri/model/dom/DOMNodePointer.java,OK,839cdf62eb256b21f7d02d3c5905b0a12e6c2750717248e4f9286410f79e66c5,target_benchmark/JxPath_22b/metadata.json,target_benchmark/JxPath_22b/defects4j_info.txt
JxPath,2,JxPath_2b,2b,org.apache.commons.jxpath.ri.compiler.Expression,1,1,target_benchmark/JxPath_2b/source/org/apache/commons/jxpath/ri/compiler/Expression.java,OK,4f3feb4e67d002dccae97ae57c90265c3a87b5d70e450763df71e666f368164d,target_benchmark/JxPath_2b/metadata.json,target_benchmark/JxPath_2b/defects4j_info.txt
JxPath,3,JxPath_3b,3b,org.apache.commons.jxpath.ri.model.beans.NullPropertyPointer,1,1,target_benchmark/JxPath_3b/source/org/apache/commons/jxpath/ri/model/beans/NullPropertyPointer.java,OK,6aa4358cdbc08a35c6be6697e95d813f196d09b948491db901e860d356f57556,target_benchmark/JxPath_3b/metadata.json,target_benchmark/JxPath_3b/defects4j_info.txt
JxPath,4,JxPath_4b,4b,org.apache.commons.jxpath.ri.model.dom.DOMNodePointer,1,2,target_benchmark/JxPath_4b/source/org/apache/commons/jxpath/ri/model/dom/DOMNodePointer.java,OK,af1eba09ae29ea5bc748712a3fd7f97e4b0587c9d73aadc65af925d4661b0656,target_benchmark/JxPath_4b/metadata.json,target_benchmark/JxPath_4b/defects4j_info.txt
JxPath,4,JxPath_4b,4b,org.apache.commons.jxpath.ri.model.jdom.JDOMNodePointer,2,2,target_benchmark/JxPath_4b/source/org/apache/commons/jxpath/ri/model/jdom/JDOMNodePointer.java,OK,279ab036cf284d7e65e4fe7a2e7e3c34140945725d16168e78388ecb706323c2,target_benchmark/JxPath_4b/metadata.json,target_benchmark/JxPath_4b/defects4j_info.txt
JxPath,5,JxPath_5b,5b,org.apache.commons.jxpath.ri.model.NodePointer,1,1,target_benchmark/JxPath_5b/source/org/apache/commons/jxpath/ri/model/NodePointer.java,OK,4f5ff716bbd430596fd98ef408d741ccbeb5c4f728dedc6472aeb66566de9992,target_benchmark/JxPath_5b/metadata.json,target_benchmark/JxPath_5b/defects4j_info.txt
JxPath,6,JxPath_6b,6b,org.apache.commons.jxpath.ri.compiler.CoreOperationCompare,1,1,target_benchmark/JxPath_6b/source/org/apache/commons/jxpath/ri/compiler/CoreOperationCompare.java,OK,81bec45ddfc672c1aec4462ec10a5df9fc64e7c19eb53e289992c7011dd3458b,target_benchmark/JxPath_6b/metadata.json,target_benchmark/JxPath_6b/defects4j_info.txt
JxPath,7,JxPath_7b,7b,org.apache.commons.jxpath.ri.compiler.CoreOperationGreaterThan,1,5,target_benchmark/JxPath_7b/source/org/apache/commons/jxpath/ri/compiler/CoreOperationGreaterThan.java,OK,21639be6233cab728e9635d14ee0a6ae460095abc89babf7342c25acdcbc3076,target_benchmark/JxPath_7b/metadata.json,target_benchmark/JxPath_7b/defects4j_info.txt
JxPath,7,JxPath_7b,7b,org.apache.commons.jxpath.ri.compiler.CoreOperationGreaterThanOrEqual,2,5,target_benchmark/JxPath_7b/source/org/apache/commons/jxpath/ri/compiler/CoreOperationGreaterThanOrEqual.java,OK,efd77038989ce4ea13a2a19aca26baf17a3424536f6d7be80e298e3fffc6799c,target_benchmark/JxPath_7b/metadata.json,target_benchmark/JxPath_7b/defects4j_info.txt
JxPath,7,JxPath_7b,7b,org.apache.commons.jxpath.ri.compiler.CoreOperationLessThan,3,5,target_benchmark/JxPath_7b/source/org/apache/commons/jxpath/ri/compiler/CoreOperationLessThan.java,OK,c3b85d3e2f6bdd8048e907d356fae9125e8c061c3ce0f2c9822629fd36fd2857,target_benchmark/JxPath_7b/metadata.json,target_benchmark/JxPath_7b/defects4j_info.txt
JxPath,7,JxPath_7b,7b,org.apache.commons.jxpath.ri.compiler.CoreOperationLessThanOrEqual,4,5,target_benchmark/JxPath_7b/source/org/apache/commons/jxpath/ri/compiler/CoreOperationLessThanOrEqual.java,OK,d6dae4528bead033d1bde18a6f22e18edd3981f2769e3607be2df64898edc582,target_benchmark/JxPath_7b/metadata.json,target_benchmark/JxPath_7b/defects4j_info.txt
JxPath,7,JxPath_7b,7b,org.apache.commons.jxpath.ri.compiler.CoreOperationRelationalExpression,5,5,target_benchmark/JxPath_7b/source/org/apache/commons/jxpath/ri/compiler/CoreOperationRelationalExpression.java,OK,75311d1331dc9aad9021ba00835e234faf6dc468249e0186f756e8c3ea7ff232,target_benchmark/JxPath_7b/metadata.json,target_benchmark/JxPath_7b/defects4j_info.txt
JxPath,8,JxPath_8b,8b,org.apache.commons.jxpath.ri.compiler.CoreOperationRelationalExpression,1,1,target_benchmark/JxPath_8b/source/org/apache/commons/jxpath/ri/compiler/CoreOperationRelationalExpression.java,OK,b1e67726f11fff38b16fffad0d0618031d9a4a01ad33aad7b31fb9a0e0e34763,target_benchmark/JxPath_8b/metadata.json,target_benchmark/JxPath_8b/defects4j_info.txt
JxPath,9,JxPath_9b,9b,org.apache.commons.jxpath.ri.compiler.CoreOperationCompare,1,3,target_benchmark/JxPath_9b/source/org/apache/commons/jxpath/ri/compiler/CoreOperationCompare.java,OK,8b38da51f1586e7393a9e4478c931bcc6a13219fad8c3dfc04565fdc077e6d8b,target_benchmark/JxPath_9b/metadata.json,target_benchmark/JxPath_9b/defects4j_info.txt
JxPath,9,JxPath_9b,9b,org.apache.commons.jxpath.ri.compiler.CoreOperationEqual,2,3,target_benchmark/JxPath_9b/source/org/apache/commons/jxpath/ri/compiler/CoreOperationEqual.java,OK,b639095e4fc742de763a8990c54579e61ffdd16401e410b4d55e0a2159e2f697,target_benchmark/JxPath_9b/metadata.json,target_benchmark/JxPath_9b/defects4j_info.txt
JxPath,9,JxPath_9b,9b,org.apache.commons.jxpath.ri.compiler.CoreOperationNotEqual,3,3,target_benchmark/JxPath_9b/source/org/apache/commons/jxpath/ri/compiler/CoreOperationNotEqual.java,OK,e3e214d57ae72e682799223716be5d3477ea94d829846d81de7bb12022da7796,target_benchmark/JxPath_9b/metadata.json,target_benchmark/JxPath_9b/defects4j_info.txt
Lang,10,Lang_10b,10b,org.apache.commons.lang3.time.FastDateParser,1,1,target_benchmark/Lang_10b/source/org/apache/commons/lang3/time/FastDateParser.java,OK,11159a0e7ebeeabb399b3602d55b121dc6f083be7b518e9f0d34050a8267aa4d,target_benchmark/Lang_10b/metadata.json,target_benchmark/Lang_10b/defects4j_info.txt
Lang,11,Lang_11b,11b,org.apache.commons.lang3.RandomStringUtils,1,1,target_benchmark/Lang_11b/source/org/apache/commons/lang3/RandomStringUtils.java,OK,50033a86f5eef61c7b6e1c71a2d2073bf9e248f370fb73c77912a589949644a1,target_benchmark/Lang_11b/metadata.json,target_benchmark/Lang_11b/defects4j_info.txt
Lang,12,Lang_12b,12b,org.apache.commons.lang3.RandomStringUtils,1,1,target_benchmark/Lang_12b/source/org/apache/commons/lang3/RandomStringUtils.java,OK,29dd42d102e478a5979cc84df50fb9b93db5d69e0346c55f29f77563f8eca00d,target_benchmark/Lang_12b/metadata.json,target_benchmark/Lang_12b/defects4j_info.txt
Lang,13,Lang_13b,13b,org.apache.commons.lang3.SerializationUtils,1,1,target_benchmark/Lang_13b/source/org/apache/commons/lang3/SerializationUtils.java,OK,69e028be43541214ff2e987429d59a41f9fbf37238fe1d171badfe4ee6990cd8,target_benchmark/Lang_13b/metadata.json,target_benchmark/Lang_13b/defects4j_info.txt
Lang,14,Lang_14b,14b,org.apache.commons.lang3.StringUtils,1,1,target_benchmark/Lang_14b/source/org/apache/commons/lang3/StringUtils.java,OK,97bd599c2cde34e0ebad11a5a91c7a43bfa4524cdb1c05566e88c5840683e3d9,target_benchmark/Lang_14b/metadata.json,target_benchmark/Lang_14b/defects4j_info.txt
Lang,15,Lang_15b,15b,org.apache.commons.lang3.reflect.TypeUtils,1,1,target_benchmark/Lang_15b/source/org/apache/commons/lang3/reflect/TypeUtils.java,OK,467777d93b112fe7101d5d38dd233a38204c6821479958f1df7716bd28fc64ea,target_benchmark/Lang_15b/metadata.json,target_benchmark/Lang_15b/defects4j_info.txt
Lang,16,Lang_16b,16b,org.apache.commons.lang3.math.NumberUtils,1,1,target_benchmark/Lang_16b/source/org/apache/commons/lang3/math/NumberUtils.java,OK,0848971e09c2f8a6a3f7e9d26f8afaaeae53f768dc51d535bdf52f4adae32991,target_benchmark/Lang_16b/metadata.json,target_benchmark/Lang_16b/defects4j_info.txt
Lang,17,Lang_17b,17b,org.apache.commons.lang3.text.translate.CharSequenceTranslator,1,1,target_benchmark/Lang_17b/source/org/apache/commons/lang3/text/translate/CharSequenceTranslator.java,OK,163714198b544d4b83328148fbf828993f472d98963f474ab78abea53b9d2a5a,target_benchmark/Lang_17b/metadata.json,target_benchmark/Lang_17b/defects4j_info.txt
Lang,19,Lang_19b,19b,org.apache.commons.lang3.text.translate.NumericEntityUnescaper,1,1,target_benchmark/Lang_19b/source/org/apache/commons/lang3/text/translate/NumericEntityUnescaper.java,OK,292e22815948d1f729ec73020affd81b9ad11e0a101c70bbf4ec2c55ca6822b1,target_benchmark/Lang_19b/metadata.json,target_benchmark/Lang_19b/defects4j_info.txt
Lang,1,Lang_1b,1b,org.apache.commons.lang3.math.NumberUtils,1,1,target_benchmark/Lang_1b/source/org/apache/commons/lang3/math/NumberUtils.java,OK,14ebbdea51d9028d433e3605258f12ca2a2b658c0c3316017bc3031e4ac490d2,target_benchmark/Lang_1b/metadata.json,target_benchmark/Lang_1b/defects4j_info.txt
Lang,20,Lang_20b,20b,org.apache.commons.lang3.StringUtils,1,1,target_benchmark/Lang_20b/source/org/apache/commons/lang3/StringUtils.java,OK,6a338b9f8f61d2fcdfb71594c7c9c0e1f88197520423241f2c1cee867088b8a3,target_benchmark/Lang_20b/metadata.json,target_benchmark/Lang_20b/defects4j_info.txt
Lang,21,Lang_21b,21b,org.apache.commons.lang3.time.DateUtils,1,1,target_benchmark/Lang_21b/source/org/apache/commons/lang3/time/DateUtils.java,OK,161a74890481a592a64d41749e64db305881e8245be4d0c654082e0a35fcf0d6,target_benchmark/Lang_21b/metadata.json,target_benchmark/Lang_21b/defects4j_info.txt
Lang,22,Lang_22b,22b,org.apache.commons.lang3.math.Fraction,1,1,target_benchmark/Lang_22b/source/org/apache/commons/lang3/math/Fraction.java,OK,df9477d06c5ea7aab706509dfe2c540695fd73d1eff9598e0e9d7c58c54d46d2,target_benchmark/Lang_22b/metadata.json,target_benchmark/Lang_22b/defects4j_info.txt
Lang,23,Lang_23b,23b,org.apache.commons.lang3.text.ExtendedMessageFormat,1,1,target_benchmark/Lang_23b/source/org/apache/commons/lang3/text/ExtendedMessageFormat.java,OK,1a0cf5c817b77ccc2353239e5e62916118a974d7b71fedea1d270bd13bba78d3,target_benchmark/Lang_23b/metadata.json,target_benchmark/Lang_23b/defects4j_info.txt
Lang,24,Lang_24b,24b,org.apache.commons.lang3.math.NumberUtils,1,1,target_benchmark/Lang_24b/source/org/apache/commons/lang3/math/NumberUtils.java,OK,7e89f2ef6e11667c298d6d2ed6ed0288098241b53d5dc66ae1477b029fbd84e6,target_benchmark/Lang_24b/metadata.json,target_benchmark/Lang_24b/defects4j_info.txt
Lang,26,Lang_26b,26b,org.apache.commons.lang3.time.FastDateFormat,1,1,target_benchmark/Lang_26b/source/org/apache/commons/lang3/time/FastDateFormat.java,OK,e1125b7735c12260eccbfbb16b18723dabe01afe900a1ad2ed3729ea9fdc0642,target_benchmark/Lang_26b/metadata.json,target_benchmark/Lang_26b/defects4j_info.txt
Lang,27,Lang_27b,27b,org.apache.commons.lang3.math.NumberUtils,1,1,target_benchmark/Lang_27b/source/org/apache/commons/lang3/math/NumberUtils.java,OK,3faffe02bb7a26fb0a9ed94fb1d20b7f5d095c76ad36035cbde3edd5cd56510c,target_benchmark/Lang_27b/metadata.json,target_benchmark/Lang_27b/defects4j_info.txt
Lang,28,Lang_28b,28b,org.apache.commons.lang3.text.translate.NumericEntityUnescaper,1,1,target_benchmark/Lang_28b/source/org/apache/commons/lang3/text/translate/NumericEntityUnescaper.java,OK,1c7a76b8a54ee3a080c6ef0de18606c7b01ffaff23be30be13c05f0433e0d704,target_benchmark/Lang_28b/metadata.json,target_benchmark/Lang_28b/defects4j_info.txt
Lang,29,Lang_29b,29b,org.apache.commons.lang3.SystemUtils,1,1,target_benchmark/Lang_29b/source/org/apache/commons/lang3/SystemUtils.java,OK,0494e6702ee394bfb6fecb56db0642f00186a2c60dcd8c413b9692639dc31ec9,target_benchmark/Lang_29b/metadata.json,target_benchmark/Lang_29b/defects4j_info.txt
Lang,30,Lang_30b,30b,org.apache.commons.lang3.StringUtils,1,1,target_benchmark/Lang_30b/source/org/apache/commons/lang3/StringUtils.java,OK,45becbc86993a541f9f248d1e3713f710f6d1d3a962f388f934061a86cc2c694,target_benchmark/Lang_30b/metadata.json,target_benchmark/Lang_30b/defects4j_info.txt
Lang,31,Lang_31b,31b,org.apache.commons.lang3.StringUtils,1,1,target_benchmark/Lang_31b/source/org/apache/commons/lang3/StringUtils.java,OK,55d0d14980f3137b30bbffecd0fa9a24b1c83810d19c0a516fd6e9be4f3321cf,target_benchmark/Lang_31b/metadata.json,target_benchmark/Lang_31b/defects4j_info.txt
Lang,32,Lang_32b,32b,org.apache.commons.lang3.builder.HashCodeBuilder,1,1,target_benchmark/Lang_32b/source/org/apache/commons/lang3/builder/HashCodeBuilder.java,OK,6c97d52d66b1105cf3fc37731d766236c086dd2426e5d029e1e9c5e2c99635b8,target_benchmark/Lang_32b/metadata.json,target_benchmark/Lang_32b/defects4j_info.txt
Lang,33,Lang_33b,33b,org.apache.commons.lang3.ClassUtils,1,1,target_benchmark/Lang_33b/source/org/apache/commons/lang3/ClassUtils.java,OK,7fde73a9d617e394da039ebaafc2243a9f57b4e04114a878ecd6148c0545a6f2,target_benchmark/Lang_33b/metadata.json,target_benchmark/Lang_33b/defects4j_info.txt
Lang,34,Lang_34b,34b,org.apache.commons.lang3.builder.ToStringStyle,1,1,target_benchmark/Lang_34b/source/org/apache/commons/lang3/builder/ToStringStyle.java,OK,c3a36dcb0be6e649b331eda922b9262a3b16ac65b9db58f3b33f4c7eb6ad6f57,target_benchmark/Lang_34b/metadata.json,target_benchmark/Lang_34b/defects4j_info.txt
Lang,35,Lang_35b,35b,org.apache.commons.lang3.ArrayUtils,1,1,target_benchmark/Lang_35b/source/org/apache/commons/lang3/ArrayUtils.java,OK,76c5cc61bad71d9a714322e28b8c7bcc8122bc17780b5489599637a70e4bc24a,target_benchmark/Lang_35b/metadata.json,target_benchmark/Lang_35b/defects4j_info.txt
Lang,36,Lang_36b,36b,org.apache.commons.lang3.math.NumberUtils,1,1,target_benchmark/Lang_36b/source/org/apache/commons/lang3/math/NumberUtils.java,OK,45c6adbb718312643b62fa33eb53450c584fc945bb5482e7f3bde4641b97845a,target_benchmark/Lang_36b/metadata.json,target_benchmark/Lang_36b/defects4j_info.txt
Lang,37,Lang_37b,37b,org.apache.commons.lang3.ArrayUtils,1,1,target_benchmark/Lang_37b/source/org/apache/commons/lang3/ArrayUtils.java,OK,bdb508eccd38b5738568c4e4da84ce78cd00cfce547bd3e650cd625b29e87c6b,target_benchmark/Lang_37b/metadata.json,target_benchmark/Lang_37b/defects4j_info.txt
Lang,38,Lang_38b,38b,org.apache.commons.lang3.time.FastDateFormat,1,1,target_benchmark/Lang_38b/source/org/apache/commons/lang3/time/FastDateFormat.java,OK,edd04236f3a62ef7a5e3f9049693fb4e0b839100db6ebe911bda1c3b1d5d70d6,target_benchmark/Lang_38b/metadata.json,target_benchmark/Lang_38b/defects4j_info.txt
Lang,39,Lang_39b,39b,org.apache.commons.lang3.StringUtils,1,1,target_benchmark/Lang_39b/source/org/apache/commons/lang3/StringUtils.java,OK,e3ba4382d9266b04599229fe8a27c1f184065ba9d364ebaec62dcb5dbb741a35,target_benchmark/Lang_39b/metadata.json,target_benchmark/Lang_39b/defects4j_info.txt
Lang,3,Lang_3b,3b,org.apache.commons.lang3.math.NumberUtils,1,1,target_benchmark/Lang_3b/source/org/apache/commons/lang3/math/NumberUtils.java,OK,49d8579b8af8e086cf5c3e892a01e0d93148a948a49c06fa233417a44ec31d0f,target_benchmark/Lang_3b/metadata.json,target_benchmark/Lang_3b/defects4j_info.txt
Lang,40,Lang_40b,40b,org.apache.commons.lang.StringUtils,1,1,target_benchmark/Lang_40b/source/org/apache/commons/lang/StringUtils.java,OK,91d806a2069c610af2f83e45c485680263d5fd6f894ed9666f8a9010125b360c,target_benchmark/Lang_40b/metadata.json,target_benchmark/Lang_40b/defects4j_info.txt
Lang,41,Lang_41b,41b,org.apache.commons.lang.ClassUtils,1,1,target_benchmark/Lang_41b/source/org/apache/commons/lang/ClassUtils.java,OK,f9609934f53e71d935ab3b63bbfa3b4d37ba8a800e66cbdef97b1d072d80f869,target_benchmark/Lang_41b/metadata.json,target_benchmark/Lang_41b/defects4j_info.txt
Lang,42,Lang_42b,42b,org.apache.commons.lang.Entities,1,1,target_benchmark/Lang_42b/source/org/apache/commons/lang/Entities.java,OK,36ac6de8e38533f451fb629ec97c5299f0d658c0b49ae5a92551565e32e2cfa4,target_benchmark/Lang_42b/metadata.json,target_benchmark/Lang_42b/defects4j_info.txt
Lang,43,Lang_43b,43b,org.apache.commons.lang.text.ExtendedMessageFormat,1,1,target_benchmark/Lang_43b/source/org/apache/commons/lang/text/ExtendedMessageFormat.java,OK,b1ed7dac0875c5121824fe51e057a195c172103f76727ad66cc9589ef4e23578,target_benchmark/Lang_43b/metadata.json,target_benchmark/Lang_43b/defects4j_info.txt
Lang,44,Lang_44b,44b,org.apache.commons.lang.NumberUtils,1,1,target_benchmark/Lang_44b/source/org/apache/commons/lang/NumberUtils.java,OK,8914dcd8d4801e1910aa3901243acf554241e521583c17a449c8471303016a03,target_benchmark/Lang_44b/metadata.json,target_benchmark/Lang_44b/defects4j_info.txt
Lang,45,Lang_45b,45b,org.apache.commons.lang.WordUtils,1,1,target_benchmark/Lang_45b/source/org/apache/commons/lang/WordUtils.java,OK,b74fff556e9818d8e7f3f5e03931ee744e1bf2e0af21aa99a1a9b3a51b8e935b,target_benchmark/Lang_45b/metadata.json,target_benchmark/Lang_45b/defects4j_info.txt
Lang,46,Lang_46b,46b,org.apache.commons.lang.StringEscapeUtils,1,1,target_benchmark/Lang_46b/source/org/apache/commons/lang/StringEscapeUtils.java,OK,9bed635e4cea8e52cb510bc932ea2681138223e65e67f3481214b6092ce2ef7e,target_benchmark/Lang_46b/metadata.json,target_benchmark/Lang_46b/defects4j_info.txt
Lang,47,Lang_47b,47b,org.apache.commons.lang.text.StrBuilder,1,1,target_benchmark/Lang_47b/source/org/apache/commons/lang/text/StrBuilder.java,OK,c4741ba5b071698c5126495d03765e51e62a4d18e9dee91c70f1c1bf11470e42,target_benchmark/Lang_47b/metadata.json,target_benchmark/Lang_47b/defects4j_info.txt
Lang,49,Lang_49b,49b,org.apache.commons.lang.math.Fraction,1,1,target_benchmark/Lang_49b/source/org/apache/commons/lang/math/Fraction.java,OK,a6ab17d16d644acf39ab1d054a9de5b9e1ef9a17da223572b088e9d96fb53564,target_benchmark/Lang_49b/metadata.json,target_benchmark/Lang_49b/defects4j_info.txt
Lang,4,Lang_4b,4b,org.apache.commons.lang3.text.translate.LookupTranslator,1,1,target_benchmark/Lang_4b/source/org/apache/commons/lang3/text/translate/LookupTranslator.java,OK,2031256bc8e3a8e497a6a6166181ab33f1985a778bcca0911f91fd5978464465,target_benchmark/Lang_4b/metadata.json,target_benchmark/Lang_4b/defects4j_info.txt
Lang,50,Lang_50b,50b,org.apache.commons.lang.time.FastDateFormat,1,1,target_benchmark/Lang_50b/source/org/apache/commons/lang/time/FastDateFormat.java,OK,0d88652c50ae39e312c1be6ab400e6ebb804202ca44261ee108113530c568e97,target_benchmark/Lang_50b/metadata.json,target_benchmark/Lang_50b/defects4j_info.txt
Lang,51,Lang_51b,51b,org.apache.commons.lang.BooleanUtils,1,1,target_benchmark/Lang_51b/source/org/apache/commons/lang/BooleanUtils.java,OK,ee5fe4714d2666a99e039eef4f97a6ab84113e12fd755e6660ceaeaaa7e7bf9b,target_benchmark/Lang_51b/metadata.json,target_benchmark/Lang_51b/defects4j_info.txt
Lang,52,Lang_52b,52b,org.apache.commons.lang.StringEscapeUtils,1,1,target_benchmark/Lang_52b/source/org/apache/commons/lang/StringEscapeUtils.java,OK,e779b2761cbf6a4fe678709fdb65ff511f2a06507b4396249a627321085e3784,target_benchmark/Lang_52b/metadata.json,target_benchmark/Lang_52b/defects4j_info.txt
Lang,53,Lang_53b,53b,org.apache.commons.lang.time.DateUtils,1,1,target_benchmark/Lang_53b/source/org/apache/commons/lang/time/DateUtils.java,OK,b9ef169bf1fac7d5f44eaace9b8e2c380a68875ce847255f4e71c34de4b4881d,target_benchmark/Lang_53b/metadata.json,target_benchmark/Lang_53b/defects4j_info.txt
Lang,54,Lang_54b,54b,org.apache.commons.lang.LocaleUtils,1,1,target_benchmark/Lang_54b/source/org/apache/commons/lang/LocaleUtils.java,OK,421fe92d659330e526d9f1a9468123ff44a7d03c24ca8203a496214817c4047f,target_benchmark/Lang_54b/metadata.json,target_benchmark/Lang_54b/defects4j_info.txt
Lang,55,Lang_55b,55b,org.apache.commons.lang.time.StopWatch,1,1,target_benchmark/Lang_55b/source/org/apache/commons/lang/time/StopWatch.java,OK,1d1db1b184936a304ec46666d06d57383d021f89d8842b89a9594bccefb4ede6,target_benchmark/Lang_55b/metadata.json,target_benchmark/Lang_55b/defects4j_info.txt
Lang,56,Lang_56b,56b,org.apache.commons.lang.time.FastDateFormat,1,1,target_benchmark/Lang_56b/source/org/apache/commons/lang/time/FastDateFormat.java,OK,7dfa83d6c2ddc52fc544a09604b84dc69b250b227f9c38b3a78bc013ea158772,target_benchmark/Lang_56b/metadata.json,target_benchmark/Lang_56b/defects4j_info.txt
Lang,57,Lang_57b,57b,org.apache.commons.lang.LocaleUtils,1,1,target_benchmark/Lang_57b/source/org/apache/commons/lang/LocaleUtils.java,OK,e26b4844949fba4283c88c3f6977214b27910aae383792d2621fd12c4e28e90d,target_benchmark/Lang_57b/metadata.json,target_benchmark/Lang_57b/defects4j_info.txt
Lang,58,Lang_58b,58b,org.apache.commons.lang.math.NumberUtils,1,1,target_benchmark/Lang_58b/source/org/apache/commons/lang/math/NumberUtils.java,OK,d0eaf476fb556b202600d96c36102020b5bea102b9896ba636f910662ed06e1b,target_benchmark/Lang_58b/metadata.json,target_benchmark/Lang_58b/defects4j_info.txt
Lang,59,Lang_59b,59b,org.apache.commons.lang.text.StrBuilder,1,1,target_benchmark/Lang_59b/source/org/apache/commons/lang/text/StrBuilder.java,OK,2d8b0a8b04d0242f393e53c86a1d905cd164df20ef36338d54c4cea1575efcc7,target_benchmark/Lang_59b/metadata.json,target_benchmark/Lang_59b/defects4j_info.txt
Lang,5,Lang_5b,5b,org.apache.commons.lang3.LocaleUtils,1,1,target_benchmark/Lang_5b/source/org/apache/commons/lang3/LocaleUtils.java,OK,07105235863b4aa396faafee0468e728f6d5f0984d4f40821b1f6415ddb30847,target_benchmark/Lang_5b/metadata.json,target_benchmark/Lang_5b/defects4j_info.txt
Lang,60,Lang_60b,60b,org.apache.commons.lang.text.StrBuilder,1,1,target_benchmark/Lang_60b/source/org/apache/commons/lang/text/StrBuilder.java,OK,dc4f178374fa41815975285029dbe3ab82926e11e87d6cb1802ac04dc74eea87,target_benchmark/Lang_60b/metadata.json,target_benchmark/Lang_60b/defects4j_info.txt
Lang,61,Lang_61b,61b,org.apache.commons.lang.text.StrBuilder,1,1,target_benchmark/Lang_61b/source/org/apache/commons/lang/text/StrBuilder.java,OK,f46a207ee88edc5e7a966837835d6092614883bbbc75a5c7c19bd8c1c05e3ff9,target_benchmark/Lang_61b/metadata.json,target_benchmark/Lang_61b/defects4j_info.txt
Lang,62,Lang_62b,62b,org.apache.commons.lang.Entities,1,1,target_benchmark/Lang_62b/source/org/apache/commons/lang/Entities.java,OK,d01f490ae08bb87d00f5f3ce242634811715122497e2ddb1e2f112ad4d92df41,target_benchmark/Lang_62b/metadata.json,target_benchmark/Lang_62b/defects4j_info.txt
Lang,63,Lang_63b,63b,org.apache.commons.lang.time.DurationFormatUtils,1,1,target_benchmark/Lang_63b/source/org/apache/commons/lang/time/DurationFormatUtils.java,OK,37646dbddd336b6e7c558962e6c4f326c94f7bdd02186865d8d90e3122de1aa1,target_benchmark/Lang_63b/metadata.json,target_benchmark/Lang_63b/defects4j_info.txt
Lang,64,Lang_64b,64b,org.apache.commons.lang.enums.ValuedEnum,1,1,target_benchmark/Lang_64b/source/org/apache/commons/lang/enums/ValuedEnum.java,OK,f3727b6b941df5fd234a8ea38c9ed6a01ce79d1d38b01a47b1fa92e7de255242,target_benchmark/Lang_64b/metadata.json,target_benchmark/Lang_64b/defects4j_info.txt
Lang,65,Lang_65b,65b,org.apache.commons.lang.time.DateUtils,1,1,target_benchmark/Lang_65b/source/org/apache/commons/lang/time/DateUtils.java,OK,8cbf8af8f9daec135513349debb8b2211b4eff196fadaa4880ebe184e4af30d3,target_benchmark/Lang_65b/metadata.json,target_benchmark/Lang_65b/defects4j_info.txt
Lang,6,Lang_6b,6b,org.apache.commons.lang3.text.translate.CharSequenceTranslator,1,1,target_benchmark/Lang_6b/source/org/apache/commons/lang3/text/translate/CharSequenceTranslator.java,OK,e10c49074084efdce9867cce111f1331091db7a36f1537823a6880d537eb8cd3,target_benchmark/Lang_6b/metadata.json,target_benchmark/Lang_6b/defects4j_info.txt
Lang,7,Lang_7b,7b,org.apache.commons.lang3.math.NumberUtils,1,1,target_benchmark/Lang_7b/source/org/apache/commons/lang3/math/NumberUtils.java,OK,7369b687257a512f8619d2a2ce93577eba08663bbbef916a1b7698381df19161,target_benchmark/Lang_7b/metadata.json,target_benchmark/Lang_7b/defects4j_info.txt
Lang,8,Lang_8b,8b,org.apache.commons.lang3.time.FastDatePrinter,1,1,target_benchmark/Lang_8b/source/org/apache/commons/lang3/time/FastDatePrinter.java,OK,90b39367f5d2ca91d6e966cb0a139c59ae27f394e4caefc29af4b147997bd5c7,target_benchmark/Lang_8b/metadata.json,target_benchmark/Lang_8b/defects4j_info.txt
Lang,9,Lang_9b,9b,org.apache.commons.lang3.time.FastDateParser,1,1,target_benchmark/Lang_9b/source/org/apache/commons/lang3/time/FastDateParser.java,OK,91a3f58b660f50cd2660db2b3e9854cd8c25e3a192976763aff5f861ab323e87,target_benchmark/Lang_9b/metadata.json,target_benchmark/Lang_9b/defects4j_info.txt
Math,100,Math_100b,100b,org.apache.commons.math.estimation.AbstractEstimator,1,1,target_benchmark/Math_100b/source/org/apache/commons/math/estimation/AbstractEstimator.java,OK,450a143a314237a4b840d47fcc841e257351f29b4c9a3f0ad22cb083a65275a7,target_benchmark/Math_100b/metadata.json,target_benchmark/Math_100b/defects4j_info.txt
Math,101,Math_101b,101b,org.apache.commons.math.complex.ComplexFormat,1,1,target_benchmark/Math_101b/source/org/apache/commons/math/complex/ComplexFormat.java,OK,241ced39e3af5f5775d7f8deb1330a4142b3265d0ecec088e2bf148c2f34ae8e,target_benchmark/Math_101b/metadata.json,target_benchmark/Math_101b/defects4j_info.txt
Math,102,Math_102b,102b,org.apache.commons.math.stat.inference.ChiSquareTestImpl,1,1,target_benchmark/Math_102b/source/org/apache/commons/math/stat/inference/ChiSquareTestImpl.java,OK,901e77d56bf42410027a97c197a6a46634c7f99feed000a90efec5ce968378a8,target_benchmark/Math_102b/metadata.json,target_benchmark/Math_102b/defects4j_info.txt
Math,103,Math_103b,103b,org.apache.commons.math.distribution.NormalDistributionImpl,1,1,target_benchmark/Math_103b/source/org/apache/commons/math/distribution/NormalDistributionImpl.java,OK,8e32b9311ef4c26d09be56c8c84fbbd5e8ad95e90a09a14eb2eaf9aef89d3249,target_benchmark/Math_103b/metadata.json,target_benchmark/Math_103b/defects4j_info.txt
Math,104,Math_104b,104b,org.apache.commons.math.special.Gamma,1,1,target_benchmark/Math_104b/source/org/apache/commons/math/special/Gamma.java,OK,66c56b661cbde5983a37d394dd1e474ca4752ad0b223c55e58747e1e4aad53b9,target_benchmark/Math_104b/metadata.json,target_benchmark/Math_104b/defects4j_info.txt
Math,105,Math_105b,105b,org.apache.commons.math.stat.regression.SimpleRegression,1,1,target_benchmark/Math_105b/source/org/apache/commons/math/stat/regression/SimpleRegression.java,OK,c270bd77bebed1b935a3e8e1b9501703d65f2f765a0f33871d0d42f7d513d699,target_benchmark/Math_105b/metadata.json,target_benchmark/Math_105b/defects4j_info.txt
Math,106,Math_106b,106b,org.apache.commons.math.fraction.ProperFractionFormat,1,1,target_benchmark/Math_106b/source/org/apache/commons/math/fraction/ProperFractionFormat.java,OK,730fc06f1049bb686183202bd2463071ad8f71ec8c4aea505f7523bae2c61dd1,target_benchmark/Math_106b/metadata.json,target_benchmark/Math_106b/defects4j_info.txt
Math,10,Math_10b,10b,org.apache.commons.math3.analysis.differentiation.DSCompiler,1,1,target_benchmark/Math_10b/source/org/apache/commons/math3/analysis/differentiation/DSCompiler.java,OK,4cf437b8c139ce213834087d61b0c32520b6efbb8fda7e0f1bb8b619eac038d3,target_benchmark/Math_10b/metadata.json,target_benchmark/Math_10b/defects4j_info.txt
Math,11,Math_11b,11b,org.apache.commons.math3.distribution.MultivariateNormalDistribution,1,1,target_benchmark/Math_11b/source/org/apache/commons/math3/distribution/MultivariateNormalDistribution.java,OK,c4480204d21a477e328f70803dddbdb6e90faa14a79dd4c450a0abbb5f125e1e,target_benchmark/Math_11b/metadata.json,target_benchmark/Math_11b/defects4j_info.txt
Math,12,Math_12b,12b,org.apache.commons.math3.random.BitsStreamGenerator,1,1,target_benchmark/Math_12b/source/org/apache/commons/math3/random/BitsStreamGenerator.java,OK,2d987b1b3201096f1095376842c247058a4e0b36e052d5a68b35ee35ba45e72c,target_benchmark/Math_12b/metadata.json,target_benchmark/Math_12b/defects4j_info.txt
Math,13,Math_13b,13b,org.apache.commons.math3.optimization.general.AbstractLeastSquaresOptimizer,1,1,target_benchmark/Math_13b/source/org/apache/commons/math3/optimization/general/AbstractLeastSquaresOptimizer.java,OK,285c07e056a4d02218b5e8beed3fa04c479e52b6db9318d2f3f33288b9b04915,target_benchmark/Math_13b/metadata.json,target_benchmark/Math_13b/defects4j_info.txt
Math,14,Math_14b,14b,org.apache.commons.math3.optim.nonlinear.vector.jacobian.AbstractLeastSquaresOptimizer,1,2,target_benchmark/Math_14b/source/org/apache/commons/math3/optim/nonlinear/vector/jacobian/AbstractLeastSquaresOptimizer.java,OK,c6af7b375d978efecb9db0e12faaa2bf98bccda5907ba3af8642d1f13c2f3f82,target_benchmark/Math_14b/metadata.json,target_benchmark/Math_14b/defects4j_info.txt
Math,14,Math_14b,14b,org.apache.commons.math3.optim.nonlinear.vector.Weight,2,2,target_benchmark/Math_14b/source/org/apache/commons/math3/optim/nonlinear/vector/Weight.java,OK,8ef47b76f9da7e04e6802b27c6918e95d0b4765b4dda9f9bf475916ba075dfd3,target_benchmark/Math_14b/metadata.json,target_benchmark/Math_14b/defects4j_info.txt
Math,15,Math_15b,15b,org.apache.commons.math3.util.FastMath,1,1,target_benchmark/Math_15b/source/org/apache/commons/math3/util/FastMath.java,OK,4be3073fd62252c6d4ac9d0bb30e3da5bf7d52760ad32a5eb3cae6ba77fff0b2,target_benchmark/Math_15b/metadata.json,target_benchmark/Math_15b/defects4j_info.txt
Math,16,Math_16b,16b,org.apache.commons.math3.util.FastMath,1,1,target_benchmark/Math_16b/source/org/apache/commons/math3/util/FastMath.java,OK,3e9dc72ac60a7bdf1a9d3eadead19169e622d77e46d4166c5fabd7d113ea591b,target_benchmark/Math_16b/metadata.json,target_benchmark/Math_16b/defects4j_info.txt
Math,17,Math_17b,17b,org.apache.commons.math3.dfp.Dfp,1,1,target_benchmark/Math_17b/source/org/apache/commons/math3/dfp/Dfp.java,OK,95001f37f5b30b48a6ba6059519ee6f7d0162484e35eba6475cd178c9c1fa6ba,target_benchmark/Math_17b/metadata.json,target_benchmark/Math_17b/defects4j_info.txt
Math,18,Math_18b,18b,org.apache.commons.math3.optimization.direct.CMAESOptimizer,1,1,target_benchmark/Math_18b/source/org/apache/commons/math3/optimization/direct/CMAESOptimizer.java,OK,9548f57b76d3bae63cba28339ae8176c8d673de85261988eae547ccf119ba74e,target_benchmark/Math_18b/metadata.json,target_benchmark/Math_18b/defects4j_info.txt
Math,19,Math_19b,19b,org.apache.commons.math3.optimization.direct.CMAESOptimizer,1,1,target_benchmark/Math_19b/source/org/apache/commons/math3/optimization/direct/CMAESOptimizer.java,OK,d41e906afcc202ea5e763ed96437ba439588e1892904e73ae13b9c5bcf028116,target_benchmark/Math_19b/metadata.json,target_benchmark/Math_19b/defects4j_info.txt
Math,1,Math_1b,1b,org.apache.commons.math3.fraction.BigFraction,1,2,target_benchmark/Math_1b/source/org/apache/commons/math3/fraction/BigFraction.java,OK,423fd03b11b7deffc53605ef3bad14437067d5caba75257ad4dcfe018e8d5927,target_benchmark/Math_1b/metadata.json,target_benchmark/Math_1b/defects4j_info.txt
Math,1,Math_1b,1b,org.apache.commons.math3.fraction.Fraction,2,2,target_benchmark/Math_1b/source/org/apache/commons/math3/fraction/Fraction.java,OK,ee898f9fb0a51f0a5f2372697eeb79f23b48389828ded4c5aee275a28e094324,target_benchmark/Math_1b/metadata.json,target_benchmark/Math_1b/defects4j_info.txt
Math,20,Math_20b,20b,org.apache.commons.math3.optimization.direct.CMAESOptimizer,1,1,target_benchmark/Math_20b/source/org/apache/commons/math3/optimization/direct/CMAESOptimizer.java,OK,47fd77b1553ee4ece1c6890673fa05c94ecfe121ceda2b73fb37ef018f151e52,target_benchmark/Math_20b/metadata.json,target_benchmark/Math_20b/defects4j_info.txt
Math,21,Math_21b,21b,org.apache.commons.math3.linear.RectangularCholeskyDecomposition,1,1,target_benchmark/Math_21b/source/org/apache/commons/math3/linear/RectangularCholeskyDecomposition.java,OK,a9bd6acc885bdbb431b3690d14bf22e9af994f71c8265f29cd40c406bbbf9d85,target_benchmark/Math_21b/metadata.json,target_benchmark/Math_21b/defects4j_info.txt
Math,22,Math_22b,22b,org.apache.commons.math3.distribution.FDistribution,1,2,target_benchmark/Math_22b/source/org/apache/commons/math3/distribution/FDistribution.java,OK,9b60a0f562ffcee5404bbc36b198b488c10e7d6c6e7e27ac2618a7a4568e6971,target_benchmark/Math_22b/metadata.json,target_benchmark/Math_22b/defects4j_info.txt
Math,22,Math_22b,22b,org.apache.commons.math3.distribution.UniformRealDistribution,2,2,target_benchmark/Math_22b/source/org/apache/commons/math3/distribution/UniformRealDistribution.java,OK,6800dbbec4e3999188635bb459929746f11097876090ec2b5bcce4f3b3fb7387,target_benchmark/Math_22b/metadata.json,target_benchmark/Math_22b/defects4j_info.txt
Math,23,Math_23b,23b,org.apache.commons.math3.optimization.univariate.BrentOptimizer,1,1,target_benchmark/Math_23b/source/org/apache/commons/math3/optimization/univariate/BrentOptimizer.java,OK,b8c1ffd403ca2add4b91a9396180a2df779d578c3c899808d55d9969931f16b7,target_benchmark/Math_23b/metadata.json,target_benchmark/Math_23b/defects4j_info.txt
Math,24,Math_24b,24b,org.apache.commons.math3.optimization.univariate.BrentOptimizer,1,1,target_benchmark/Math_24b/source/org/apache/commons/math3/optimization/univariate/BrentOptimizer.java,OK,5be4a9e38422dd83c47cdbe777a03c76e0c1ae0bd36c057b49faaed800ac09ad,target_benchmark/Math_24b/metadata.json,target_benchmark/Math_24b/defects4j_info.txt
Math,25,Math_25b,25b,org.apache.commons.math3.optimization.fitting.HarmonicFitter,1,1,target_benchmark/Math_25b/source/org/apache/commons/math3/optimization/fitting/HarmonicFitter.java,OK,7eee41af0ca61a9b6acdcb4496f4ea28206703bf6ca53ef4941a623194bea650,target_benchmark/Math_25b/metadata.json,target_benchmark/Math_25b/defects4j_info.txt
Math,26,Math_26b,26b,org.apache.commons.math3.fraction.Fraction,1,1,target_benchmark/Math_26b/source/org/apache/commons/math3/fraction/Fraction.java,OK,38c2b7fdc9958129047d0ecb27642a48c7dc153d05aed92029a25e6361c7c210,target_benchmark/Math_26b/metadata.json,target_benchmark/Math_26b/defects4j_info.txt
Math,27,Math_27b,27b,org.apache.commons.math3.fraction.Fraction,1,1,target_benchmark/Math_27b/source/org/apache/commons/math3/fraction/Fraction.java,OK,a2da1f6072c4a4f9910179a6f922fcee08462a60d016b8c4569709ac61355d4c,target_benchmark/Math_27b/metadata.json,target_benchmark/Math_27b/defects4j_info.txt
Math,28,Math_28b,28b,org.apache.commons.math3.optimization.linear.SimplexSolver,1,1,target_benchmark/Math_28b/source/org/apache/commons/math3/optimization/linear/SimplexSolver.java,OK,3fd547db12385617e0f743eaecae4dcc446a463f04f76e72a2d519485917e21a,target_benchmark/Math_28b/metadata.json,target_benchmark/Math_28b/defects4j_info.txt
Math,29,Math_29b,29b,org.apache.commons.math3.linear.OpenMapRealVector,1,1,target_benchmark/Math_29b/source/org/apache/commons/math3/linear/OpenMapRealVector.java,OK,8c3079c24716672a0034f51b6bb97ab8a5360d0a70a0b42df9bd29949883a5e8,target_benchmark/Math_29b/metadata.json,target_benchmark/Math_29b/defects4j_info.txt
Math,2,Math_2b,2b,org.apache.commons.math3.distribution.HypergeometricDistribution,1,1,target_benchmark/Math_2b/source/org/apache/commons/math3/distribution/HypergeometricDistribution.java,OK,81b58ce990cb88afea94675313928d5c9633f0798e902b73aeef591bff8ca3b9,target_benchmark/Math_2b/metadata.json,target_benchmark/Math_2b/defects4j_info.txt
Math,30,Math_30b,30b,org.apache.commons.math3.stat.inference.MannWhitneyUTest,1,1,target_benchmark/Math_30b/source/org/apache/commons/math3/stat/inference/MannWhitneyUTest.java,OK,7052342e2a36197d052351a6539ea39b37fa80309b0c27505d7274150f3e88a9,target_benchmark/Math_30b/metadata.json,target_benchmark/Math_30b/defects4j_info.txt
Math,31,Math_31b,31b,org.apache.commons.math3.util.ContinuedFraction,1,1,target_benchmark/Math_31b/source/org/apache/commons/math3/util/ContinuedFraction.java,OK,0d412dd96f33ba3d644b9945271e968738dd6d051c3387cc6cf75478bcc16ceb,target_benchmark/Math_31b/metadata.json,target_benchmark/Math_31b/defects4j_info.txt
Math,32,Math_32b,32b,org.apache.commons.math3.geometry.euclidean.twod.PolygonsSet,1,1,target_benchmark/Math_32b/source/org/apache/commons/math3/geometry/euclidean/twod/PolygonsSet.java,OK,76bee9e297aae74163cc7d9e28633d4de412e4e880183db5d2eef00bb67b0914,target_benchmark/Math_32b/metadata.json,target_benchmark/Math_32b/defects4j_info.txt
Math,33,Math_33b,33b,org.apache.commons.math3.optimization.linear.SimplexTableau,1,1,target_benchmark/Math_33b/source/org/apache/commons/math3/optimization/linear/SimplexTableau.java,OK,38bb9f641ba707dbf8037d6cb0a2d0e65aa8b7b4cd3c25b5184682e419fdaa9e,target_benchmark/Math_33b/metadata.json,target_benchmark/Math_33b/defects4j_info.txt
Math,34,Math_34b,34b,org.apache.commons.math3.genetics.ListPopulation,1,1,target_benchmark/Math_34b/source/org/apache/commons/math3/genetics/ListPopulation.java,OK,4ba5ee3666937d457fb346b245957291718836ed354957da5e449c722108ea34,target_benchmark/Math_34b/metadata.json,target_benchmark/Math_34b/defects4j_info.txt
Math,35,Math_35b,35b,org.apache.commons.math3.genetics.ElitisticListPopulation,1,1,target_benchmark/Math_35b/source/org/apache/commons/math3/genetics/ElitisticListPopulation.java,OK,60eb0150bbf6da9ba98fdd51f2cbd06ad2276d5502bb4ebf82988c8a9775859e,target_benchmark/Math_35b/metadata.json,target_benchmark/Math_35b/defects4j_info.txt
Math,36,Math_36b,36b,org.apache.commons.math.fraction.BigFraction,1,1,target_benchmark/Math_36b/source/org/apache/commons/math/fraction/BigFraction.java,OK,29e4b0d450539246626d75896757e36381cba341e6740a4b04222de3404f0e58,target_benchmark/Math_36b/metadata.json,target_benchmark/Math_36b/defects4j_info.txt
Math,37,Math_37b,37b,org.apache.commons.math.complex.Complex,1,1,target_benchmark/Math_37b/source/org/apache/commons/math/complex/Complex.java,OK,ece56247d765edb5d8d0c0a5016bf6c645756901943e703d38c0a8da8c6634e3,target_benchmark/Math_37b/metadata.json,target_benchmark/Math_37b/defects4j_info.txt
Math,38,Math_38b,38b,org.apache.commons.math.optimization.direct.BOBYQAOptimizer,1,1,target_benchmark/Math_38b/source/org/apache/commons/math/optimization/direct/BOBYQAOptimizer.java,OK,09e8a2f65148b5860ef96b5834875d099c0957df6c8bf75b490e0076c2c502c6,target_benchmark/Math_38b/metadata.json,target_benchmark/Math_38b/defects4j_info.txt
Math,39,Math_39b,39b,org.apache.commons.math.ode.nonstiff.EmbeddedRungeKuttaIntegrator,1,1,target_benchmark/Math_39b/source/org/apache/commons/math/ode/nonstiff/EmbeddedRungeKuttaIntegrator.java,OK,1a18b5b467ac586e88536f7e1cff31a603336bd04aacd7ef9d6dab54190ce775,target_benchmark/Math_39b/metadata.json,target_benchmark/Math_39b/defects4j_info.txt
Math,3,Math_3b,3b,org.apache.commons.math3.util.MathArrays,1,1,target_benchmark/Math_3b/source/org/apache/commons/math3/util/MathArrays.java,OK,95f1823f17e2072be75bb0c376b683936d4bde145dd944b62161785cdb277ddf,target_benchmark/Math_3b/metadata.json,target_benchmark/Math_3b/defects4j_info.txt
Math,40,Math_40b,40b,org.apache.commons.math.analysis.solvers.BracketingNthOrderBrentSolver,1,1,target_benchmark/Math_40b/source/org/apache/commons/math/analysis/solvers/BracketingNthOrderBrentSolver.java,OK,008944728cc8250c79574c6804cb3a1e7b1917ef4c687de1595d3c883a6cadf5,target_benchmark/Math_40b/metadata.json,target_benchmark/Math_40b/defects4j_info.txt
Math,41,Math_41b,41b,org.apache.commons.math.stat.descriptive.moment.Variance,1,1,target_benchmark/Math_41b/source/org/apache/commons/math/stat/descriptive/moment/Variance.java,OK,7eb6531b8f428f5107febdc26fdffa49cae84661ce1e7e27468a92efdd7505b9,target_benchmark/Math_41b/metadata.json,target_benchmark/Math_41b/defects4j_info.txt
Math,42,Math_42b,42b,org.apache.commons.math.optimization.linear.SimplexTableau,1,1,target_benchmark/Math_42b/source/org/apache/commons/math/optimization/linear/SimplexTableau.java,OK,ad353db5718187621de0b08ef077110227f2990581c5a867f1cacc92d7740a5d,target_benchmark/Math_42b/metadata.json,target_benchmark/Math_42b/defects4j_info.txt
Math,43,Math_43b,43b,org.apache.commons.math.stat.descriptive.SummaryStatistics,1,1,target_benchmark/Math_43b/source/org/apache/commons/math/stat/descriptive/SummaryStatistics.java,OK,55267f4ae5488acc8310ff509574e7f6e9e3b43f06ed8b5ec25297238cb57d10,target_benchmark/Math_43b/metadata.json,target_benchmark/Math_43b/defects4j_info.txt
Math,44,Math_44b,44b,org.apache.commons.math.ode.AbstractIntegrator,1,1,target_benchmark/Math_44b/source/org/apache/commons/math/ode/AbstractIntegrator.java,OK,51c6002a26e4f40a5b4d86cc585a008dc0aafdc68309323538f5c7df7beb4c4f,target_benchmark/Math_44b/metadata.json,target_benchmark/Math_44b/defects4j_info.txt
Math,45,Math_45b,45b,org.apache.commons.math.linear.OpenMapRealMatrix,1,1,target_benchmark/Math_45b/source/org/apache/commons/math/linear/OpenMapRealMatrix.java,OK,7eb59b22226a045da33e7bf6660acb77c826ee1834530e5746932c7678d4dc9f,target_benchmark/Math_45b/metadata.json,target_benchmark/Math_45b/defects4j_info.txt
Math,46,Math_46b,46b,org.apache.commons.math.complex.Complex,1,1,target_benchmark/Math_46b/source/org/apache/commons/math/complex/Complex.java,OK,2b01f2b77719cbb9a9f90b6b481641251faa32a9463fd85ddfc13f30acce3b1b,target_benchmark/Math_46b/metadata.json,target_benchmark/Math_46b/defects4j_info.txt
Math,47,Math_47b,47b,org.apache.commons.math.complex.Complex,1,1,target_benchmark/Math_47b/source/org/apache/commons/math/complex/Complex.java,OK,3821543fd82d30cea3ad6ca6030148d7447eb50382a4b186e8e3fb7d7157b765,target_benchmark/Math_47b/metadata.json,target_benchmark/Math_47b/defects4j_info.txt
Math,48,Math_48b,48b,org.apache.commons.math.analysis.solvers.BaseSecantSolver,1,1,target_benchmark/Math_48b/source/org/apache/commons/math/analysis/solvers/BaseSecantSolver.java,OK,4d8f955a24ee0d73a42b28a84ce632b8e127e3c9c90b34947456acf389d0bfa3,target_benchmark/Math_48b/metadata.json,target_benchmark/Math_48b/defects4j_info.txt
Math,49,Math_49b,49b,org.apache.commons.math.linear.OpenMapRealVector,1,1,target_benchmark/Math_49b/source/org/apache/commons/math/linear/OpenMapRealVector.java,OK,f3711c8d0178fa778bce3d5860e1c0b8f6e062dc4f46cbda3aaacd0011babb92,target_benchmark/Math_49b/metadata.json,target_benchmark/Math_49b/defects4j_info.txt
Math,4,Math_4b,4b,org.apache.commons.math3.geometry.euclidean.threed.SubLine,1,2,target_benchmark/Math_4b/source/org/apache/commons/math3/geometry/euclidean/threed/SubLine.java,OK,82ed65c1cf37bfb7c177c71d184428fafccdce123a32e68d119e2eec279e9444,target_benchmark/Math_4b/metadata.json,target_benchmark/Math_4b/defects4j_info.txt
Math,4,Math_4b,4b,org.apache.commons.math3.geometry.euclidean.twod.SubLine,2,2,target_benchmark/Math_4b/source/org/apache/commons/math3/geometry/euclidean/twod/SubLine.java,OK,c7f6264c55f119522d0be3fa1f98bd7af3cb67ad93127e2d22edf6eb394fe67c,target_benchmark/Math_4b/metadata.json,target_benchmark/Math_4b/defects4j_info.txt
Math,50,Math_50b,50b,org.apache.commons.math.analysis.solvers.BaseSecantSolver,1,1,target_benchmark/Math_50b/source/org/apache/commons/math/analysis/solvers/BaseSecantSolver.java,OK,ee3ad6d28c1d9976f04934898c84e2c5deca0aacd5076496a29b61eb140cb041,target_benchmark/Math_50b/metadata.json,target_benchmark/Math_50b/defects4j_info.txt
Math,51,Math_51b,51b,org.apache.commons.math.analysis.solvers.BaseSecantSolver,1,1,target_benchmark/Math_51b/source/org/apache/commons/math/analysis/solvers/BaseSecantSolver.java,OK,f81c403c1f4bc1ef9f49e6183db5687cc4b36648c2f78ed62862851635119bfe,target_benchmark/Math_51b/metadata.json,target_benchmark/Math_51b/defects4j_info.txt
Math,52,Math_52b,52b,org.apache.commons.math.geometry.euclidean.threed.Rotation,1,1,target_benchmark/Math_52b/source/org/apache/commons/math/geometry/euclidean/threed/Rotation.java,OK,d746937119168196f8cd05d6208de3e608385908b70bf26693838160c201eb28,target_benchmark/Math_52b/metadata.json,target_benchmark/Math_52b/defects4j_info.txt
Math,53,Math_53b,53b,org.apache.commons.math.complex.Complex,1,1,target_benchmark/Math_53b/source/org/apache/commons/math/complex/Complex.java,OK,22eca1722c9d0587002d0207e121174f1ff1c71fb0744567cd1b22ebc90c3ddc,target_benchmark/Math_53b/metadata.json,target_benchmark/Math_53b/defects4j_info.txt
Math,54,Math_54b,54b,org.apache.commons.math.dfp.Dfp,1,1,target_benchmark/Math_54b/source/org/apache/commons/math/dfp/Dfp.java,OK,c7a99bc09b57227a3c1907448678592958de9a57740463081343cff981246798,target_benchmark/Math_54b/metadata.json,target_benchmark/Math_54b/defects4j_info.txt
Math,55,Math_55b,55b,org.apache.commons.math.geometry.Vector3D,1,1,target_benchmark/Math_55b/source/org/apache/commons/math/geometry/Vector3D.java,OK,4a5106e1da58ff5774a690854a9061a2f37457f560ebd7512c2bf9e9dc63a7cc,target_benchmark/Math_55b/metadata.json,target_benchmark/Math_55b/defects4j_info.txt
Math,56,Math_56b,56b,org.apache.commons.math.util.MultidimensionalCounter,1,1,target_benchmark/Math_56b/source/org/apache/commons/math/util/MultidimensionalCounter.java,OK,e0150ee63598063d516f64eb30d0b88d498d28afea404bfb54583c09e1ff5772,target_benchmark/Math_56b/metadata.json,target_benchmark/Math_56b/defects4j_info.txt
Math,57,Math_57b,57b,org.apache.commons.math.stat.clustering.KMeansPlusPlusClusterer,1,1,target_benchmark/Math_57b/source/org/apache/commons/math/stat/clustering/KMeansPlusPlusClusterer.java,OK,8a4576124f8ccbd90d91044f19696758d98780dbec23e691b0bdec4defbe78c0,target_benchmark/Math_57b/metadata.json,target_benchmark/Math_57b/defects4j_info.txt
Math,58,Math_58b,58b,org.apache.commons.math.optimization.fitting.GaussianFitter,1,1,target_benchmark/Math_58b/source/org/apache/commons/math/optimization/fitting/GaussianFitter.java,OK,9a14d8a7c1dabd3d30d8c8bf207800336b481c37fafaa7b64e2ebc30a67ee0b3,target_benchmark/Math_58b/metadata.json,target_benchmark/Math_58b/defects4j_info.txt
Math,59,Math_59b,59b,org.apache.commons.math.util.FastMath,1,1,target_benchmark/Math_59b/source/org/apache/commons/math/util/FastMath.java,OK,a13dff6d2e431305c17e8bfb06ef5623b9beefcc8687c98ae610755ffdef8d53,target_benchmark/Math_59b/metadata.json,target_benchmark/Math_59b/defects4j_info.txt
Math,5,Math_5b,5b,org.apache.commons.math3.complex.Complex,1,1,target_benchmark/Math_5b/source/org/apache/commons/math3/complex/Complex.java,OK,5a68ae18056509d77d662e7bb8835c6533455fe72f7d4d6af1e7abdff7321246,target_benchmark/Math_5b/metadata.json,target_benchmark/Math_5b/defects4j_info.txt
Math,60,Math_60b,60b,org.apache.commons.math.distribution.NormalDistributionImpl,1,1,target_benchmark/Math_60b/source/org/apache/commons/math/distribution/NormalDistributionImpl.java,OK,cc526ab25b4a975949c6e2059e58fa1775beec28e22cde6f72f889e658807632,target_benchmark/Math_60b/metadata.json,target_benchmark/Math_60b/defects4j_info.txt
Math,61,Math_61b,61b,org.apache.commons.math.distribution.PoissonDistributionImpl,1,1,target_benchmark/Math_61b/source/org/apache/commons/math/distribution/PoissonDistributionImpl.java,OK,10022cf1fa3d61e55d259effaef55636bcff4b96fbc16a9284761bbe789fc74c,target_benchmark/Math_61b/metadata.json,target_benchmark/Math_61b/defects4j_info.txt
Math,62,Math_62b,62b,org.apache.commons.math.optimization.univariate.MultiStartUnivariateRealOptimizer,1,1,target_benchmark/Math_62b/source/org/apache/commons/math/optimization/univariate/MultiStartUnivariateRealOptimizer.java,OK,fc5f9a4a45bb2e07dd2f910d1c2a2b83e77df6df2d01c0b6c62616a8893f4d5d,target_benchmark/Math_62b/metadata.json,target_benchmark/Math_62b/defects4j_info.txt
Math,63,Math_63b,63b,org.apache.commons.math.util.MathUtils,1,1,target_benchmark/Math_63b/source/org/apache/commons/math/util/MathUtils.java,OK,2a0317228a056d66314f6af7bab65561dcbc6fe592754701c7e9c0cc1a59635c,target_benchmark/Math_63b/metadata.json,target_benchmark/Math_63b/defects4j_info.txt
Math,64,Math_64b,64b,org.apache.commons.math.optimization.general.LevenbergMarquardtOptimizer,1,1,target_benchmark/Math_64b/source/org/apache/commons/math/optimization/general/LevenbergMarquardtOptimizer.java,OK,f66d30ea54ea90df8f12bdffe536d458d710c7586c69ecd955cd2feba12dc7d8,target_benchmark/Math_64b/metadata.json,target_benchmark/Math_64b/defects4j_info.txt
Math,65,Math_65b,65b,org.apache.commons.math.optimization.general.AbstractLeastSquaresOptimizer,1,1,target_benchmark/Math_65b/source/org/apache/commons/math/optimization/general/AbstractLeastSquaresOptimizer.java,OK,0dc53dbf4152daa81658f0819adfdcb60e6a034750044dba0e80ced38889e336,target_benchmark/Math_65b/metadata.json,target_benchmark/Math_65b/defects4j_info.txt
Math,66,Math_66b,66b,org.apache.commons.math.optimization.univariate.BrentOptimizer,1,1,target_benchmark/Math_66b/source/org/apache/commons/math/optimization/univariate/BrentOptimizer.java,OK,3eb3157d1eab17e2604a87c6864ca215cebb00a90986186b22ef35004f1e7b18,target_benchmark/Math_66b/metadata.json,target_benchmark/Math_66b/defects4j_info.txt
Math,67,Math_67b,67b,org.apache.commons.math.optimization.MultiStartUnivariateRealOptimizer,1,1,target_benchmark/Math_67b/source/org/apache/commons/math/optimization/MultiStartUnivariateRealOptimizer.java,OK,cd5aa721bf1ce0f3822b99a1effbb4f6b7cfb40b5b164fc10ffad8e0e732f349,target_benchmark/Math_67b/metadata.json,target_benchmark/Math_67b/defects4j_info.txt
Math,68,Math_68b,68b,org.apache.commons.math.optimization.general.LevenbergMarquardtOptimizer,1,1,target_benchmark/Math_68b/source/org/apache/commons/math/optimization/general/LevenbergMarquardtOptimizer.java,OK,75f19dc2872e137ef5dc5dc6e41df09ae9766d049a4c5b7da0edfd8653a616fa,target_benchmark/Math_68b/metadata.json,target_benchmark/Math_68b/defects4j_info.txt
Math,69,Math_69b,69b,org.apache.commons.math.stat.correlation.PearsonsCorrelation,1,1,target_benchmark/Math_69b/source/org/apache/commons/math/stat/correlation/PearsonsCorrelation.java,OK,163eea39f4974ce1caa5c775dcc076506ac15d64225b4115abe15790ce9d0fe0,target_benchmark/Math_69b/metadata.json,target_benchmark/Math_69b/defects4j_info.txt
Math,6,Math_6b,6b,org.apache.commons.math3.optim.BaseOptimizer,1,7,target_benchmark/Math_6b/source/org/apache/commons/math3/optim/BaseOptimizer.java,OK,3c777ce3d27723602564abbc3f4a72cd9650a4adf6fdbdb49ed9f98fbfac7839,target_benchmark/Math_6b/metadata.json,target_benchmark/Math_6b/defects4j_info.txt
Math,6,Math_6b,6b,org.apache.commons.math3.optim.nonlinear.scalar.gradient.NonLinearConjugateGradientOptimizer,2,7,target_benchmark/Math_6b/source/org/apache/commons/math3/optim/nonlinear/scalar/gradient/NonLinearConjugateGradientOptimizer.java,OK,e4dca8c36ab82a52bc0f2d901a8613aa81d840aa90008d685781f0eb1bbb1762,target_benchmark/Math_6b/metadata.json,target_benchmark/Math_6b/defects4j_info.txt
Math,6,Math_6b,6b,org.apache.commons.math3.optim.nonlinear.scalar.noderiv.CMAESOptimizer,3,7,target_benchmark/Math_6b/source/org/apache/commons/math3/optim/nonlinear/scalar/noderiv/CMAESOptimizer.java,OK,0f58512ce76109746d39510325bf3bc0a35116a970a6223a6f1fa519184950f9,target_benchmark/Math_6b/metadata.json,target_benchmark/Math_6b/defects4j_info.txt
Math,6,Math_6b,6b,org.apache.commons.math3.optim.nonlinear.scalar.noderiv.PowellOptimizer,4,7,target_benchmark/Math_6b/source/org/apache/commons/math3/optim/nonlinear/scalar/noderiv/PowellOptimizer.java,OK,3387c4056e214dfac5a7d34e2c173c09322fd89d86a8803a502f75226e773dd8,target_benchmark/Math_6b/metadata.json,target_benchmark/Math_6b/defects4j_info.txt
Math,6,Math_6b,6b,org.apache.commons.math3.optim.nonlinear.scalar.noderiv.SimplexOptimizer,5,7,target_benchmark/Math_6b/source/org/apache/commons/math3/optim/nonlinear/scalar/noderiv/SimplexOptimizer.java,OK,45eab6efaf84d8fff2d8175996133d7a68360949ccbd964e8d06773bb477b53d,target_benchmark/Math_6b/metadata.json,target_benchmark/Math_6b/defects4j_info.txt
Math,6,Math_6b,6b,org.apache.commons.math3.optim.nonlinear.vector.jacobian.GaussNewtonOptimizer,6,7,target_benchmark/Math_6b/source/org/apache/commons/math3/optim/nonlinear/vector/jacobian/GaussNewtonOptimizer.java,OK,a1fdd505dcd61613fe1dd9f789ed74e73185f31cc0e842d7e128bd9399f9affc,target_benchmark/Math_6b/metadata.json,target_benchmark/Math_6b/defects4j_info.txt
Math,6,Math_6b,6b,org.apache.commons.math3.optim.nonlinear.vector.jacobian.LevenbergMarquardtOptimizer,7,7,target_benchmark/Math_6b/source/org/apache/commons/math3/optim/nonlinear/vector/jacobian/LevenbergMarquardtOptimizer.java,OK,5dacb9bc8e65b246c4c4ca3b0cbb2fbaa1c54a3e99931c139c67ffb0f002e35e,target_benchmark/Math_6b/metadata.json,target_benchmark/Math_6b/defects4j_info.txt
Math,70,Math_70b,70b,org.apache.commons.math.analysis.solvers.BisectionSolver,1,1,target_benchmark/Math_70b/source/org/apache/commons/math/analysis/solvers/BisectionSolver.java,OK,eb14bb62aa158863177f36c2ddfbc94b73eebc89cc23408168ef714a332450e5,target_benchmark/Math_70b/metadata.json,target_benchmark/Math_70b/defects4j_info.txt
Math,71,Math_71b,71b,org.apache.commons.math.ode.nonstiff.EmbeddedRungeKuttaIntegrator,1,2,target_benchmark/Math_71b/source/org/apache/commons/math/ode/nonstiff/EmbeddedRungeKuttaIntegrator.java,OK,df5075a7adcfcf5c4cb95d78cd7661a0de9950fba78306bf9482b1595afb01cf,target_benchmark/Math_71b/metadata.json,target_benchmark/Math_71b/defects4j_info.txt
Math,71,Math_71b,71b,org.apache.commons.math.ode.nonstiff.RungeKuttaIntegrator,2,2,target_benchmark/Math_71b/source/org/apache/commons/math/ode/nonstiff/RungeKuttaIntegrator.java,OK,40b8119866e4657c0a4673dc2311390a346c2c2b29799b0ad4b30674c4bdf4a9,target_benchmark/Math_71b/metadata.json,target_benchmark/Math_71b/defects4j_info.txt
Math,72,Math_72b,72b,org.apache.commons.math.analysis.solvers.BrentSolver,1,1,target_benchmark/Math_72b/source/org/apache/commons/math/analysis/solvers/BrentSolver.java,OK,bc43708686b8d6d1e31058b17158b812456eda2ea32bca2f41df4c5958f982bb,target_benchmark/Math_72b/metadata.json,target_benchmark/Math_72b/defects4j_info.txt
Math,73,Math_73b,73b,org.apache.commons.math.analysis.solvers.BrentSolver,1,1,target_benchmark/Math_73b/source/org/apache/commons/math/analysis/solvers/BrentSolver.java,OK,827726e2e506a96dfe1b51d42ca7dd02d3bc4d798a5d26fe55434efde311e79d,target_benchmark/Math_73b/metadata.json,target_benchmark/Math_73b/defects4j_info.txt
Math,74,Math_74b,74b,org.apache.commons.math.ode.nonstiff.EmbeddedRungeKuttaIntegrator,1,1,target_benchmark/Math_74b/source/org/apache/commons/math/ode/nonstiff/EmbeddedRungeKuttaIntegrator.java,OK,d4829c03bd5639ec0194aaab79f8f76b36ccca00ad61c665c321c97224cb6649,target_benchmark/Math_74b/metadata.json,target_benchmark/Math_74b/defects4j_info.txt
Math,75,Math_75b,75b,org.apache.commons.math.stat.Frequency,1,1,target_benchmark/Math_75b/source/org/apache/commons/math/stat/Frequency.java,OK,ef2221b4c321efb2aa453b21802e2fba00af1fa440975c96d67b8cce9b5e54d4,target_benchmark/Math_75b/metadata.json,target_benchmark/Math_75b/defects4j_info.txt
Math,76,Math_76b,76b,org.apache.commons.math.linear.SingularValueDecompositionImpl,1,1,target_benchmark/Math_76b/source/org/apache/commons/math/linear/SingularValueDecompositionImpl.java,OK,d77911a0696b23a1a23cbbf6feabcdf119ad5dcc4dfce533bd7fa4d18789170d,target_benchmark/Math_76b/metadata.json,target_benchmark/Math_76b/defects4j_info.txt
Math,77,Math_77b,77b,org.apache.commons.math.linear.ArrayRealVector,1,2,target_benchmark/Math_77b/source/org/apache/commons/math/linear/ArrayRealVector.java,OK,66149214c26a990e59b9544a939074cb51d0f5bf1b053d87f7834b25cc69fc05,target_benchmark/Math_77b/metadata.json,target_benchmark/Math_77b/defects4j_info.txt
Math,77,Math_77b,77b,org.apache.commons.math.linear.OpenMapRealVector,2,2,target_benchmark/Math_77b/source/org/apache/commons/math/linear/OpenMapRealVector.java,OK,860995379bb7d4212f4cda06dd689ddc60fd4e5b707b9c0f74391602d689e8af,target_benchmark/Math_77b/metadata.json,target_benchmark/Math_77b/defects4j_info.txt
Math,78,Math_78b,78b,org.apache.commons.math.ode.events.EventState,1,1,target_benchmark/Math_78b/source/org/apache/commons/math/ode/events/EventState.java,OK,7ec106d19bf348db2962c22bdff95cd86c442623f05e8b73f180f59044ac3793,target_benchmark/Math_78b/metadata.json,target_benchmark/Math_78b/defects4j_info.txt
Math,79,Math_79b,79b,org.apache.commons.math.util.MathUtils,1,1,target_benchmark/Math_79b/source/org/apache/commons/math/util/MathUtils.java,OK,b8dd67b68672f5112f8004ea03353f90a0e55e983762f8ad8b7ccab0f26df463,target_benchmark/Math_79b/metadata.json,target_benchmark/Math_79b/defects4j_info.txt
Math,7,Math_7b,7b,org.apache.commons.math3.ode.AbstractIntegrator,1,1,target_benchmark/Math_7b/source/org/apache/commons/math3/ode/AbstractIntegrator.java,OK,be236833705769f7a7a99b70710ed7328f04ecef006af21e8d3ed3142cad8ad3,target_benchmark/Math_7b/metadata.json,target_benchmark/Math_7b/defects4j_info.txt
Math,80,Math_80b,80b,org.apache.commons.math.linear.EigenDecompositionImpl,1,1,target_benchmark/Math_80b/source/org/apache/commons/math/linear/EigenDecompositionImpl.java,OK,edc9958acda18bb8558eab4a68b64d7708d47d1841b22ccf70fbb61a5d276346,target_benchmark/Math_80b/metadata.json,target_benchmark/Math_80b/defects4j_info.txt
Math,81,Math_81b,81b,org.apache.commons.math.linear.EigenDecompositionImpl,1,1,target_benchmark/Math_81b/source/org/apache/commons/math/linear/EigenDecompositionImpl.java,OK,64071fc861595dcba13c51a8a657dc12a69ebd3fbb0dfbc74068dd88914619c7,target_benchmark/Math_81b/metadata.json,target_benchmark/Math_81b/defects4j_info.txt
Math,82,Math_82b,82b,org.apache.commons.math.optimization.linear.SimplexSolver,1,1,target_benchmark/Math_82b/source/org/apache/commons/math/optimization/linear/SimplexSolver.java,OK,2d42460f0aac5ab72d91e6d780ae73f35e04aa79666c9e61245c236ebe6ba4fd,target_benchmark/Math_82b/metadata.json,target_benchmark/Math_82b/defects4j_info.txt
Math,83,Math_83b,83b,org.apache.commons.math.optimization.linear.SimplexTableau,1,1,target_benchmark/Math_83b/source/org/apache/commons/math/optimization/linear/SimplexTableau.java,OK,744ba5b970401a988289aff893dcc028ef9e7a08e68584e2e0794e06594d9897,target_benchmark/Math_83b/metadata.json,target_benchmark/Math_83b/defects4j_info.txt
Math,84,Math_84b,84b,org.apache.commons.math.optimization.direct.MultiDirectional,1,1,target_benchmark/Math_84b/source/org/apache/commons/math/optimization/direct/MultiDirectional.java,OK,42c670a357e2c047627c4be387418f8be32b6eadca9b95b43977a71c046db07f,target_benchmark/Math_84b/metadata.json,target_benchmark/Math_84b/defects4j_info.txt
Math,85,Math_85b,85b,org.apache.commons.math.analysis.solvers.UnivariateRealSolverUtils,1,1,target_benchmark/Math_85b/source/org/apache/commons/math/analysis/solvers/UnivariateRealSolverUtils.java,OK,a792c013a0905ee974a5a3469e1245d4da22e2cbe9c100e09d06627497e6b397,target_benchmark/Math_85b/metadata.json,target_benchmark/Math_85b/defects4j_info.txt
Math,86,Math_86b,86b,org.apache.commons.math.linear.CholeskyDecompositionImpl,1,1,target_benchmark/Math_86b/source/org/apache/commons/math/linear/CholeskyDecompositionImpl.java,OK,51f2c94ad7e15e93427b0f241ba3cd893ccd440119efb3e6e81e90bd8d4f3ae6,target_benchmark/Math_86b/metadata.json,target_benchmark/Math_86b/defects4j_info.txt
Math,87,Math_87b,87b,org.apache.commons.math.optimization.linear.SimplexTableau,1,1,target_benchmark/Math_87b/source/org/apache/commons/math/optimization/linear/SimplexTableau.java,OK,e0211909991df8519a4fb47029dcf7b0dba7ad3f5bc0af885cb5476c854d3eb4,target_benchmark/Math_87b/metadata.json,target_benchmark/Math_87b/defects4j_info.txt
Math,88,Math_88b,88b,org.apache.commons.math.optimization.linear.SimplexTableau,1,1,target_benchmark/Math_88b/source/org/apache/commons/math/optimization/linear/SimplexTableau.java,OK,b18ce6a9edfc843e7f25688be7f91c1d2542ac3871faf205660000586488f787,target_benchmark/Math_88b/metadata.json,target_benchmark/Math_88b/defects4j_info.txt
Math,89,Math_89b,89b,org.apache.commons.math.stat.Frequency,1,1,target_benchmark/Math_89b/source/org/apache/commons/math/stat/Frequency.java,OK,9d011bbde09d576cbf87330202e4ae1c76d315b0e0237b28572e9051600b762a,target_benchmark/Math_89b/metadata.json,target_benchmark/Math_89b/defects4j_info.txt
Math,8,Math_8b,8b,org.apache.commons.math3.distribution.DiscreteDistribution,1,1,target_benchmark/Math_8b/source/org/apache/commons/math3/distribution/DiscreteDistribution.java,OK,6f16255b2281bdbc65681e2baba85894eaf92e4d7e537bb9f73fd7e9a940aa9e,target_benchmark/Math_8b/metadata.json,target_benchmark/Math_8b/defects4j_info.txt
Math,90,Math_90b,90b,org.apache.commons.math.stat.Frequency,1,1,target_benchmark/Math_90b/source/org/apache/commons/math/stat/Frequency.java,OK,e36f1000e289358df817dea0738794cd71a66e3a02112a7e011c7b1f5d3a12d9,target_benchmark/Math_90b/metadata.json,target_benchmark/Math_90b/defects4j_info.txt
Math,91,Math_91b,91b,org.apache.commons.math.fraction.Fraction,1,1,target_benchmark/Math_91b/source/org/apache/commons/math/fraction/Fraction.java,OK,1fc35e58d9311f9d23223318184fd198adc4d995174e187a5c8b976a0592e4d5,target_benchmark/Math_91b/metadata.json,target_benchmark/Math_91b/defects4j_info.txt
Math,92,Math_92b,92b,org.apache.commons.math.util.MathUtils,1,1,target_benchmark/Math_92b/source/org/apache/commons/math/util/MathUtils.java,OK,f42a4d01d507520496f6063063fa0721252b82ef087787af07be44f25fbcbb87,target_benchmark/Math_92b/metadata.json,target_benchmark/Math_92b/defects4j_info.txt
Math,93,Math_93b,93b,org.apache.commons.math.util.MathUtils,1,1,target_benchmark/Math_93b/source/org/apache/commons/math/util/MathUtils.java,OK,bfdf0c33126bb49a56c099d327f12ce9953eb6e4a3fcd3de67e4fe80a349f8dc,target_benchmark/Math_93b/metadata.json,target_benchmark/Math_93b/defects4j_info.txt
Math,94,Math_94b,94b,org.apache.commons.math.util.MathUtils,1,1,target_benchmark/Math_94b/source/org/apache/commons/math/util/MathUtils.java,OK,cfaca399a963999cb1b805b4e3f4c15624b176d7a8b7f0d7ab06a235e4332f39,target_benchmark/Math_94b/metadata.json,target_benchmark/Math_94b/defects4j_info.txt
Math,95,Math_95b,95b,org.apache.commons.math.distribution.FDistributionImpl,1,1,target_benchmark/Math_95b/source/org/apache/commons/math/distribution/FDistributionImpl.java,OK,5ebc286aac401b33ca31aaed50e4037e96fe00454777eb4404d0b640c925319f,target_benchmark/Math_95b/metadata.json,target_benchmark/Math_95b/defects4j_info.txt
Math,96,Math_96b,96b,org.apache.commons.math.complex.Complex,1,1,target_benchmark/Math_96b/source/org/apache/commons/math/complex/Complex.java,OK,257175e8273cc795a44ca9ae0c32ee2cbe2395d817c00a3dc81dadf25a85e9e7,target_benchmark/Math_96b/metadata.json,target_benchmark/Math_96b/defects4j_info.txt
Math,97,Math_97b,97b,org.apache.commons.math.analysis.BrentSolver,1,1,target_benchmark/Math_97b/source/org/apache/commons/math/analysis/BrentSolver.java,OK,873025de8027dc168c14928e498d9cb4559725c633d30aca5fe032d33220815e,target_benchmark/Math_97b/metadata.json,target_benchmark/Math_97b/defects4j_info.txt
Math,98,Math_98b,98b,org.apache.commons.math.linear.BigMatrixImpl,1,2,target_benchmark/Math_98b/source/org/apache/commons/math/linear/BigMatrixImpl.java,OK,6cccae48430f9b281a229b495918e2fe494939eca77181ffa9d3058f9e7cc2dd,target_benchmark/Math_98b/metadata.json,target_benchmark/Math_98b/defects4j_info.txt
Math,98,Math_98b,98b,org.apache.commons.math.linear.RealMatrixImpl,2,2,target_benchmark/Math_98b/source/org/apache/commons/math/linear/RealMatrixImpl.java,OK,e3a86f54fd3fc0a0113bcf17f9dd435e1e9569311f27d9f33f74a4b71a5ef2f7,target_benchmark/Math_98b/metadata.json,target_benchmark/Math_98b/defects4j_info.txt
Math,99,Math_99b,99b,org.apache.commons.math.util.MathUtils,1,1,target_benchmark/Math_99b/source/org/apache/commons/math/util/MathUtils.java,OK,d44c99dc63722f05931351138e6998109e3f3aa7cda66235bd3541fd0f026dd5,target_benchmark/Math_99b/metadata.json,target_benchmark/Math_99b/defects4j_info.txt
Math,9,Math_9b,9b,org.apache.commons.math3.geometry.euclidean.threed.Line,1,1,target_benchmark/Math_9b/source/org/apache/commons/math3/geometry/euclidean/threed/Line.java,OK,b800c4b6714dd002730ff3a25d2dc561c3c32670658d9e28e9e8e949cf4e69f6,target_benchmark/Math_9b/metadata.json,target_benchmark/Math_9b/defects4j_info.txt
Mockito,10,Mockito_10b,10b,org.mockito.internal.stubbing.defaultanswers.ReturnsDeepStubs,1,1,target_benchmark/Mockito_10b/source/org/mockito/internal/stubbing/defaultanswers/ReturnsDeepStubs.java,OK,ad1af8a2c08a8407a926122f2371f7d55c1b130980d108d0349cf9c1848723eb,target_benchmark/Mockito_10b/metadata.json,target_benchmark/Mockito_10b/defects4j_info.txt
Mockito,11,Mockito_11b,11b,org.mockito.internal.creation.DelegatingMethod,1,1,target_benchmark/Mockito_11b/source/org/mockito/internal/creation/DelegatingMethod.java,OK,7c76f9f0426668925ad8497ab8dd0be5b0d136e0d3c7ea9343ec484e8745fbeb,target_benchmark/Mockito_11b/metadata.json,target_benchmark/Mockito_11b/defects4j_info.txt
Mockito,12,Mockito_12b,12b,org.mockito.internal.util.reflection.GenericMaster,1,1,target_benchmark/Mockito_12b/source/org/mockito/internal/util/reflection/GenericMaster.java,OK,895cc4680c97a50273b0f9f30a64f011305568f69009f2674f62005f7b2cf74c,target_benchmark/Mockito_12b/metadata.json,target_benchmark/Mockito_12b/defects4j_info.txt
Mockito,13,Mockito_13b,13b,org.mockito.internal.MockHandler,1,1,target_benchmark/Mockito_13b/source/org/mockito/internal/MockHandler.java,OK,47317ca750904b82c832bc5d17420bd6a2212a0e3e99ccaa3fc2fdaf60a557a0,target_benchmark/Mockito_13b/metadata.json,target_benchmark/Mockito_13b/defects4j_info.txt
Mockito,14,Mockito_14b,14b,org.mockito.internal.MockHandler,1,2,target_benchmark/Mockito_14b/source/org/mockito/internal/MockHandler.java,OK,f847672c020703d41b4b9f42bb0b6f2eb3721068bc37540fcfe08c4abcfd396a,target_benchmark/Mockito_14b/metadata.json,target_benchmark/Mockito_14b/defects4j_info.txt
Mockito,14,Mockito_14b,14b,org.mockito.internal.MockitoCore,2,2,target_benchmark/Mockito_14b/source/org/mockito/internal/MockitoCore.java,OK,820e46d8f164fe090bdb44c717928bc64280223059ff4f7c0eaec04a494c5845,target_benchmark/Mockito_14b/metadata.json,target_benchmark/Mockito_14b/defects4j_info.txt
Mockito,15,Mockito_15b,15b,org.mockito.internal.configuration.injection.FinalMockCandidateFilter,1,1,target_benchmark/Mockito_15b/source/org/mockito/internal/configuration/injection/FinalMockCandidateFilter.java,OK,4157dd1797ed3869df5f4b806c2d3762fbab8f8ed239598a1f05e0a478ca4e66,target_benchmark/Mockito_15b/metadata.json,target_benchmark/Mockito_15b/defects4j_info.txt
Mockito,16,Mockito_16b,16b,org.mockito.internal.MockitoCore,1,2,target_benchmark/Mockito_16b/source/org/mockito/internal/MockitoCore.java,OK,50948198ac4d30040f58082ece1e8843b65459000070fa88e3ca3f100018a47c,target_benchmark/Mockito_16b/metadata.json,target_benchmark/Mockito_16b/defects4j_info.txt
Mockito,16,Mockito_16b,16b,org.mockito.Mockito,2,2,target_benchmark/Mockito_16b/source/org/mockito/Mockito.java,OK,13fcee7e0114b4e59b3fb2865b0de11197834252c16c57daa560052dfb5b1958,target_benchmark/Mockito_16b/metadata.json,target_benchmark/Mockito_16b/defects4j_info.txt
Mockito,17,Mockito_17b,17b,org.mockito.internal.creation.MockSettingsImpl,1,2,target_benchmark/Mockito_17b/source/org/mockito/internal/creation/MockSettingsImpl.java,OK,0ebe020989ec0b7af1bee970a6d5e6f2a56fb3fbdfb0c52aee3fafbfe88c1793,target_benchmark/Mockito_17b/metadata.json,target_benchmark/Mockito_17b/defects4j_info.txt
Mockito,17,Mockito_17b,17b,org.mockito.internal.util.MockUtil,2,2,target_benchmark/Mockito_17b/source/org/mockito/internal/util/MockUtil.java,OK,d1c262fba69f8d069cb76162867c5661cf302912498d800166ec0b09d07972d5,target_benchmark/Mockito_17b/metadata.json,target_benchmark/Mockito_17b/defects4j_info.txt
Mockito,18,Mockito_18b,18b,org.mockito.internal.stubbing.defaultanswers.ReturnsEmptyValues,1,1,target_benchmark/Mockito_18b/source/org/mockito/internal/stubbing/defaultanswers/ReturnsEmptyValues.java,OK,76f778671859089de51963b5a4bba52bd9f0c9948b8eb47aa005cb0a18c989bd,target_benchmark/Mockito_18b/metadata.json,target_benchmark/Mockito_18b/defects4j_info.txt
Mockito,19,Mockito_19b,19b,org.mockito.internal.configuration.injection.filter.FinalMockCandidateFilter,1,5,target_benchmark/Mockito_19b/source/org/mockito/internal/configuration/injection/filter/FinalMockCandidateFilter.java,OK,36016e5ff44364a3acffd1025575a0c353aafb9aeb6bf5f491fedc05ad7eee83,target_benchmark/Mockito_19b/metadata.json,target_benchmark/Mockito_19b/defects4j_info.txt
Mockito,19,Mockito_19b,19b,org.mockito.internal.configuration.injection.filter.MockCandidateFilter,2,5,target_benchmark/Mockito_19b/source/org/mockito/internal/configuration/injection/filter/MockCandidateFilter.java,OK,0a45ad606b7208f82e76a033fbd5d2110be44e52af82560517d1085b28b66b1c,target_benchmark/Mockito_19b/metadata.json,target_benchmark/Mockito_19b/defects4j_info.txt
Mockito,19,Mockito_19b,19b,org.mockito.internal.configuration.injection.filter.NameBasedCandidateFilter,3,5,target_benchmark/Mockito_19b/source/org/mockito/internal/configuration/injection/filter/NameBasedCandidateFilter.java,OK,e3baa272f6870a68b9ac74cab76baabe9152947286da5339d03494f34d6fadec,target_benchmark/Mockito_19b/metadata.json,target_benchmark/Mockito_19b/defects4j_info.txt
Mockito,19,Mockito_19b,19b,org.mockito.internal.configuration.injection.filter.TypeBasedCandidateFilter,4,5,target_benchmark/Mockito_19b/source/org/mockito/internal/configuration/injection/filter/TypeBasedCandidateFilter.java,OK,bb3de74df61747a2e53fb57ff1cbbea7641cc026120a664a02267222e4022862,target_benchmark/Mockito_19b/metadata.json,target_benchmark/Mockito_19b/defects4j_info.txt
Mockito,19,Mockito_19b,19b,org.mockito.internal.configuration.injection.PropertyAndSetterInjection,5,5,target_benchmark/Mockito_19b/source/org/mockito/internal/configuration/injection/PropertyAndSetterInjection.java,OK,609e7a9d13f619956aae78009a6d57bb977c679475ed50c468d204f0b80f77c2,target_benchmark/Mockito_19b/metadata.json,target_benchmark/Mockito_19b/defects4j_info.txt
Mockito,1,Mockito_1b,1b,org.mockito.internal.invocation.InvocationMatcher,1,1,target_benchmark/Mockito_1b/source/org/mockito/internal/invocation/InvocationMatcher.java,OK,686d14e3a701557a4e6a8b9c7f4ef7ad51d4b136315e65dd1ad49594fb0a67d1,target_benchmark/Mockito_1b/metadata.json,target_benchmark/Mockito_1b/defects4j_info.txt
Mockito,20,Mockito_20b,20b,org.mockito.internal.creation.bytebuddy.ByteBuddyMockMaker,1,1,target_benchmark/Mockito_20b/source/org/mockito/internal/creation/bytebuddy/ByteBuddyMockMaker.java,OK,d89a7f71f1b331b4e88c09d8a2bd107a919565043ac17cb1257a1f0663ebef4e,target_benchmark/Mockito_20b/metadata.json,target_benchmark/Mockito_20b/defects4j_info.txt
Mockito,21,Mockito_21b,21b,org.mockito.internal.creation.instance.ConstructorInstantiator,1,1,target_benchmark/Mockito_21b/source/org/mockito/internal/creation/instance/ConstructorInstantiator.java,OK,9b923175b88e5b28e60fe99e61e85708b93b9b2cb27ff0cddd7393e7a1aa9c81,target_benchmark/Mockito_21b/metadata.json,target_benchmark/Mockito_21b/defects4j_info.txt
Mockito,22,Mockito_22b,22b,org.mockito.internal.matchers.Equality,1,1,target_benchmark/Mockito_22b/source/org/mockito/internal/matchers/Equality.java,OK,7e10de9ad34d8dc3d6146d98cc7c6901b4b9eeec812497bec476e3becfab2801,target_benchmark/Mockito_22b/metadata.json,target_benchmark/Mockito_22b/defects4j_info.txt
Mockito,23,Mockito_23b,23b,org.mockito.internal.stubbing.defaultanswers.ReturnsDeepStubs,1,1,target_benchmark/Mockito_23b/source/org/mockito/internal/stubbing/defaultanswers/ReturnsDeepStubs.java,OK,00d7dda7dfc4ac88fb068e54e9b2a6fa4b1741cf15706f36e0e065c21fbcf9ff,target_benchmark/Mockito_23b/metadata.json,target_benchmark/Mockito_23b/defects4j_info.txt
Mockito,24,Mockito_24b,24b,org.mockito.internal.stubbing.defaultanswers.ReturnsEmptyValues,1,1,target_benchmark/Mockito_24b/source/org/mockito/internal/stubbing/defaultanswers/ReturnsEmptyValues.java,OK,4ca406614860e2834c7e9cdfdd5f853c57e960af8e4085caf5b8e0befa7c4830,target_benchmark/Mockito_24b/metadata.json,target_benchmark/Mockito_24b/defects4j_info.txt
Mockito,25,Mockito_25b,25b,org.mockito.internal.stubbing.defaultanswers.ReturnsDeepStubs,1,1,target_benchmark/Mockito_25b/source/org/mockito/internal/stubbing/defaultanswers/ReturnsDeepStubs.java,OK,65a6f8cdee146430d8d2ef84a44560ef42366f114b370442eeb506ff97fa3134,target_benchmark/Mockito_25b/metadata.json,target_benchmark/Mockito_25b/defects4j_info.txt
Mockito,26,Mockito_26b,26b,org.mockito.internal.util.Primitives,1,1,target_benchmark/Mockito_26b/source/org/mockito/internal/util/Primitives.java,OK,84f10889f48c5a04fb4bcb89121270308eaf0c2ccdd04e17bb5afd037da43897,target_benchmark/Mockito_26b/metadata.json,target_benchmark/Mockito_26b/defects4j_info.txt
Mockito,27,Mockito_27b,27b,org.mockito.internal.util.MockUtil,1,1,target_benchmark/Mockito_27b/source/org/mockito/internal/util/MockUtil.java,OK,1cd238298cdabd93ef20dd4bc5e92af73e8b1357069cf7dbf7a58a94a6962ffa,target_benchmark/Mockito_27b/metadata.json,target_benchmark/Mockito_27b/defects4j_info.txt
Mockito,28,Mockito_28b,28b,org.mockito.internal.configuration.DefaultInjectionEngine,1,1,target_benchmark/Mockito_28b/source/org/mockito/internal/configuration/DefaultInjectionEngine.java,OK,db8b9b4d2138e270c8100ee19952271c53bfe9f6bc67c658079991f6d1a03120,target_benchmark/Mockito_28b/metadata.json,target_benchmark/Mockito_28b/defects4j_info.txt
Mockito,29,Mockito_29b,29b,org.mockito.internal.matchers.Same,1,1,target_benchmark/Mockito_29b/source/org/mockito/internal/matchers/Same.java,OK,4dc1a599b50359a6ba4527b79193852caecc11eb39eeddeb5c32bc997d279879,target_benchmark/Mockito_29b/metadata.json,target_benchmark/Mockito_29b/defects4j_info.txt
Mockito,2,Mockito_2b,2b,org.mockito.internal.util.Timer,1,1,target_benchmark/Mockito_2b/source/org/mockito/internal/util/Timer.java,OK,18b7cef34cae07975441032883ae2c799d3f7c58e8b36f712a6df8cca5442c4b,target_benchmark/Mockito_2b/metadata.json,target_benchmark/Mockito_2b/defects4j_info.txt
Mockito,30,Mockito_30b,30b,org.mockito.exceptions.Reporter,1,2,target_benchmark/Mockito_30b/source/org/mockito/exceptions/Reporter.java,OK,b60fd6468d6f60b5911c29fe3710ddcfe4fed55f5f715bd7ce190e1a5650f317,target_benchmark/Mockito_30b/metadata.json,target_benchmark/Mockito_30b/defects4j_info.txt
Mockito,30,Mockito_30b,30b,org.mockito.internal.stubbing.defaultanswers.ReturnsSmartNulls,2,2,target_benchmark/Mockito_30b/source/org/mockito/internal/stubbing/defaultanswers/ReturnsSmartNulls.java,OK,ecf45adde3f64835ec32e7dfbf6f85f3f02232a4f6b6a4a460e2b898e572dc94,target_benchmark/Mockito_30b/metadata.json,target_benchmark/Mockito_30b/defects4j_info.txt
Mockito,31,Mockito_31b,31b,org.mockito.internal.stubbing.defaultanswers.ReturnsSmartNulls,1,1,target_benchmark/Mockito_31b/source/org/mockito/internal/stubbing/defaultanswers/ReturnsSmartNulls.java,OK,00fd70e6c0caa6a164ded7535e889e283f5ccd7ea5fae9120ec05fdfe5160542,target_benchmark/Mockito_31b/metadata.json,target_benchmark/Mockito_31b/defects4j_info.txt
Mockito,32,Mockito_32b,32b,org.mockito.internal.configuration.SpyAnnotationEngine,1,1,target_benchmark/Mockito_32b/source/org/mockito/internal/configuration/SpyAnnotationEngine.java,OK,b32789c22548eb964f0b4a2f0cda5d7613320a780b037c535b735a50843711b4,target_benchmark/Mockito_32b/metadata.json,target_benchmark/Mockito_32b/defects4j_info.txt
Mockito,33,Mockito_33b,33b,org.mockito.internal.invocation.InvocationMatcher,1,1,target_benchmark/Mockito_33b/source/org/mockito/internal/invocation/InvocationMatcher.java,OK,d77c6ede87f975c076c5715111aba3f0d4a4caa513f9eaf5637fc912533e7eea,target_benchmark/Mockito_33b/metadata.json,target_benchmark/Mockito_33b/defects4j_info.txt
Mockito,34,Mockito_34b,34b,org.mockito.internal.invocation.InvocationMatcher,1,1,target_benchmark/Mockito_34b/source/org/mockito/internal/invocation/InvocationMatcher.java,OK,fb06e37fa8dda24a91b285d554ccf414b9114c791881bd8eb3bae7fba02295ff,target_benchmark/Mockito_34b/metadata.json,target_benchmark/Mockito_34b/defects4j_info.txt
Mockito,35,Mockito_35b,35b,org.mockito.Matchers,1,1,target_benchmark/Mockito_35b/source/org/mockito/Matchers.java,OK,4776e13d738f0b867fc2093ff3df2d9909a3ca4826d59fbc14e902f2de692737,target_benchmark/Mockito_35b/metadata.json,target_benchmark/Mockito_35b/defects4j_info.txt
Mockito,36,Mockito_36b,36b,org.mockito.internal.invocation.Invocation,1,1,target_benchmark/Mockito_36b/source/org/mockito/internal/invocation/Invocation.java,OK,32f11fcb4dd751e9bc5067e9c113355e75efee9769e159f49fd7ff4286548ca3,target_benchmark/Mockito_36b/metadata.json,target_benchmark/Mockito_36b/defects4j_info.txt
Mockito,37,Mockito_37b,37b,org.mockito.internal.stubbing.answers.AnswersValidator,1,1,target_benchmark/Mockito_37b/source/org/mockito/internal/stubbing/answers/AnswersValidator.java,OK,b56a074c78fa61bb1526e1877e23b8a3f6a2bcd540c5c78ea0b67649af7cec3b,target_benchmark/Mockito_37b/metadata.json,target_benchmark/Mockito_37b/defects4j_info.txt
Mockito,38,Mockito_38b,38b,org.mockito.internal.verification.argumentmatching.ArgumentMatchingTool,1,1,target_benchmark/Mockito_38b/source/org/mockito/internal/verification/argumentmatching/ArgumentMatchingTool.java,OK,85237caccadb73b767d423d59ad9864cce9e6e0bfb1e0050e2c50a0fa8771677,target_benchmark/Mockito_38b/metadata.json,target_benchmark/Mockito_38b/defects4j_info.txt
Mockito,3,Mockito_3b,3b,org.mockito.internal.invocation.InvocationMatcher,1,1,target_benchmark/Mockito_3b/source/org/mockito/internal/invocation/InvocationMatcher.java,OK,29017e98c9fe9356d4b31ec3876a981c498b24c01ce242e690805720299e54d9,target_benchmark/Mockito_3b/metadata.json,target_benchmark/Mockito_3b/defects4j_info.txt
Mockito,4,Mockito_4b,4b,org.mockito.exceptions.Reporter,1,1,target_benchmark/Mockito_4b/source/org/mockito/exceptions/Reporter.java,OK,57713bad936b65b61f216c844f25ee23ea2e400f2e3cbfb19c6f0af826cbf43d,target_benchmark/Mockito_4b/metadata.json,target_benchmark/Mockito_4b/defects4j_info.txt
Mockito,5,Mockito_5b,5b,org.mockito.internal.verification.VerificationOverTimeImpl,1,1,target_benchmark/Mockito_5b/source/org/mockito/internal/verification/VerificationOverTimeImpl.java,OK,68855ad775ca892cd427126c3da55e1723bf652d1d353152bf3fe0e30d291156,target_benchmark/Mockito_5b/metadata.json,target_benchmark/Mockito_5b/defects4j_info.txt
Mockito,6,Mockito_6b,6b,org.mockito.Matchers,1,1,target_benchmark/Mockito_6b/source/org/mockito/Matchers.java,OK,680f8db6b9e6bbf0e65442fc9ce2bb7319d45cd744d1079062ff5519f52d453f,target_benchmark/Mockito_6b/metadata.json,target_benchmark/Mockito_6b/defects4j_info.txt
Mockito,7,Mockito_7b,7b,org.mockito.internal.util.reflection.GenericMetadataSupport,1,1,target_benchmark/Mockito_7b/source/org/mockito/internal/util/reflection/GenericMetadataSupport.java,OK,6c72b1c499bd52c992b07772d5c36fad569808947c797b539e62735ad0650327,target_benchmark/Mockito_7b/metadata.json,target_benchmark/Mockito_7b/defects4j_info.txt
Mockito,8,Mockito_8b,8b,org.mockito.internal.util.reflection.GenericMetadataSupport,1,1,target_benchmark/Mockito_8b/source/org/mockito/internal/util/reflection/GenericMetadataSupport.java,OK,c1d2ac04cfce00a20ce4f4ecaefdaff57423bb751ac1f80f41bb7308e2736b3c,target_benchmark/Mockito_8b/metadata.json,target_benchmark/Mockito_8b/defects4j_info.txt
Mockito,9,Mockito_9b,9b,org.mockito.internal.stubbing.answers.CallsRealMethods,1,1,target_benchmark/Mockito_9b/source/org/mockito/internal/stubbing/answers/CallsRealMethods.java,OK,b0681c134d4000a9ceddff9dcf303336c356f9255ef997f810fe873f200d3859,target_benchmark/Mockito_9b/metadata.json,target_benchmark/Mockito_9b/defects4j_info.txt
Time,10,Time_10b,10b,org.joda.time.base.BaseSingleFieldPeriod,1,1,target_benchmark/Time_10b/source/org/joda/time/base/BaseSingleFieldPeriod.java,OK,826c4f3c829f57e422a5885dbb828e48d181cd79200af5bdfa3cc39e224eb4b0,target_benchmark/Time_10b/metadata.json,target_benchmark/Time_10b/defects4j_info.txt
Time,11,Time_11b,11b,org.joda.time.tz.ZoneInfoCompiler,1,1,target_benchmark/Time_11b/source/org/joda/time/tz/ZoneInfoCompiler.java,OK,7c3d55cdabcd369f672fae9037a89ab53356b850bed18bb7c1a4f4efe2f4efb6,target_benchmark/Time_11b/metadata.json,target_benchmark/Time_11b/defects4j_info.txt
Time,12,Time_12b,12b,org.joda.time.LocalDate,1,2,target_benchmark/Time_12b/source/org/joda/time/LocalDate.java,OK,d69b2d746c371c2f32d518066441c4921deb9d0febe5f4371bc0cf4cfa8c18f1,target_benchmark/Time_12b/metadata.json,target_benchmark/Time_12b/defects4j_info.txt
Time,12,Time_12b,12b,org.joda.time.LocalDateTime,2,2,target_benchmark/Time_12b/source/org/joda/time/LocalDateTime.java,OK,e1e9b6cad897b72ee96d272cf68cd5c6a54a0fc5d28f07a4073eecf23257c9bb,target_benchmark/Time_12b/metadata.json,target_benchmark/Time_12b/defects4j_info.txt
Time,13,Time_13b,13b,org.joda.time.format.PeriodFormatterBuilder,1,1,target_benchmark/Time_13b/source/org/joda/time/format/PeriodFormatterBuilder.java,OK,0a0fd2050b9bbea40a18f5198ad67975013d894e4b341d6185fa78cfcb171e92,target_benchmark/Time_13b/metadata.json,target_benchmark/Time_13b/defects4j_info.txt
Time,14,Time_14b,14b,org.joda.time.chrono.BasicMonthOfYearDateTimeField,1,1,target_benchmark/Time_14b/source/org/joda/time/chrono/BasicMonthOfYearDateTimeField.java,OK,f8e21d6855c5814319db2887f7496cedaf557187ab7b1b472bf101fd580950cb,target_benchmark/Time_14b/metadata.json,target_benchmark/Time_14b/defects4j_info.txt
Time,15,Time_15b,15b,org.joda.time.field.FieldUtils,1,1,target_benchmark/Time_15b/source/org/joda/time/field/FieldUtils.java,OK,c9f45d921ca58c23ae99c5243e98e21856c9a772e97ac46734ef7147e904f14a,target_benchmark/Time_15b/metadata.json,target_benchmark/Time_15b/defects4j_info.txt
Time,16,Time_16b,16b,org.joda.time.format.DateTimeFormatter,1,1,target_benchmark/Time_16b/source/org/joda/time/format/DateTimeFormatter.java,OK,41eb662dc3cb405d7259aaa628b6bc8ecd27db8cac89efa624db0f80a240f2b8,target_benchmark/Time_16b/metadata.json,target_benchmark/Time_16b/defects4j_info.txt
Time,17,Time_17b,17b,org.joda.time.DateTimeZone,1,1,target_benchmark/Time_17b/source/org/joda/time/DateTimeZone.java,OK,e459a0c968dafd856c64a4a402679e04aea4d4ff7d77077ce138ad8c75758b84,target_benchmark/Time_17b/metadata.json,target_benchmark/Time_17b/defects4j_info.txt
Time,18,Time_18b,18b,org.joda.time.chrono.GJChronology,1,1,target_benchmark/Time_18b/source/org/joda/time/chrono/GJChronology.java,OK,853a00b511b6999e58bd67d3abafcb6bb949d63827d1c37138841842d9b94372,target_benchmark/Time_18b/metadata.json,target_benchmark/Time_18b/defects4j_info.txt
Time,19,Time_19b,19b,org.joda.time.DateTimeZone,1,1,target_benchmark/Time_19b/source/org/joda/time/DateTimeZone.java,OK,c9b8e4c0984deecb789459ca1df675f67e54953de042756b2efcc4cb0fa563d3,target_benchmark/Time_19b/metadata.json,target_benchmark/Time_19b/defects4j_info.txt
Time,1,Time_1b,1b,org.joda.time.field.UnsupportedDurationField,1,2,target_benchmark/Time_1b/source/org/joda/time/field/UnsupportedDurationField.java,OK,0e3eccf36aca81046131bcd8616369fe87354755ac36a5c4305534c5b0ea71f1,target_benchmark/Time_1b/metadata.json,target_benchmark/Time_1b/defects4j_info.txt
Time,1,Time_1b,1b,org.joda.time.Partial,2,2,target_benchmark/Time_1b/source/org/joda/time/Partial.java,OK,a686e91e52ea30f69a1a7051674bba05c2e657dbdff8f0e353bb36f9a2c46c65,target_benchmark/Time_1b/metadata.json,target_benchmark/Time_1b/defects4j_info.txt
Time,20,Time_20b,20b,org.joda.time.format.DateTimeFormatterBuilder,1,1,target_benchmark/Time_20b/source/org/joda/time/format/DateTimeFormatterBuilder.java,OK,b08905de92cc503624371159449a3eee785bb95a657822128db854922790e615,target_benchmark/Time_20b/metadata.json,target_benchmark/Time_20b/defects4j_info.txt
Time,22,Time_22b,22b,org.joda.time.base.BasePeriod,1,1,target_benchmark/Time_22b/source/org/joda/time/base/BasePeriod.java,OK,f817505e6a4a1ae02bf1aaac6b0bb68954e1cd9e419ab5cdd81e749d39bca624,target_benchmark/Time_22b/metadata.json,target_benchmark/Time_22b/defects4j_info.txt
Time,23,Time_23b,23b,org.joda.time.DateTimeZone,1,1,target_benchmark/Time_23b/source/org/joda/time/DateTimeZone.java,OK,cdd98b33d8be454a53f9287b2eb2fcadfcbb40c6b85bb540b1585f3aa919c84d,target_benchmark/Time_23b/metadata.json,target_benchmark/Time_23b/defects4j_info.txt
Time,24,Time_24b,24b,org.joda.time.format.DateTimeParserBucket,1,1,target_benchmark/Time_24b/source/org/joda/time/format/DateTimeParserBucket.java,OK,aea463170a3be7277c32a7681ab1ac4769717aa0ba663dc9c4960fc75c5def02,target_benchmark/Time_24b/metadata.json,target_benchmark/Time_24b/defects4j_info.txt
Time,25,Time_25b,25b,org.joda.time.DateTimeZone,1,1,target_benchmark/Time_25b/source/org/joda/time/DateTimeZone.java,OK,5fc7221d9fd25db2fb2f9276b7720675c9c0aca02ed748a415fc630cf9900d8e,target_benchmark/Time_25b/metadata.json,target_benchmark/Time_25b/defects4j_info.txt
Time,26,Time_26b,26b,org.joda.time.chrono.ZonedChronology,1,3,target_benchmark/Time_26b/source/org/joda/time/chrono/ZonedChronology.java,OK,170e90ee5249832f4aef2823582548174701e1c4a4b53ac3e506fdc92c61045d,target_benchmark/Time_26b/metadata.json,target_benchmark/Time_26b/defects4j_info.txt
Time,26,Time_26b,26b,org.joda.time.DateTimeZone,2,3,target_benchmark/Time_26b/source/org/joda/time/DateTimeZone.java,OK,504a80a58736a86312fc2c54c858bd39691e33d64e127400f61c9c3612e6947d,target_benchmark/Time_26b/metadata.json,target_benchmark/Time_26b/defects4j_info.txt
Time,26,Time_26b,26b,org.joda.time.field.LenientDateTimeField,3,3,target_benchmark/Time_26b/source/org/joda/time/field/LenientDateTimeField.java,OK,e444d84ed9e2ca4d47466da385c3d97a3e576130d6b4fa34b163267c091a5aa2,target_benchmark/Time_26b/metadata.json,target_benchmark/Time_26b/defects4j_info.txt
Time,27,Time_27b,27b,org.joda.time.format.PeriodFormatterBuilder,1,1,target_benchmark/Time_27b/source/org/joda/time/format/PeriodFormatterBuilder.java,OK,fb1544e3c705444575b868081bdc7d3bffc0c8f65615311790f2afda5b28a6df,target_benchmark/Time_27b/metadata.json,target_benchmark/Time_27b/defects4j_info.txt
Time,2,Time_2b,2b,org.joda.time.field.UnsupportedDurationField,1,2,target_benchmark/Time_2b/source/org/joda/time/field/UnsupportedDurationField.java,OK,3668d79cdf3335b41fe2856fc0ecd091927cda87138eee1292178606e3582e43,target_benchmark/Time_2b/metadata.json,target_benchmark/Time_2b/defects4j_info.txt
Time,2,Time_2b,2b,org.joda.time.Partial,2,2,target_benchmark/Time_2b/source/org/joda/time/Partial.java,OK,de9f4d6832f55da221db5c289f0b8d2b672de5af16be08dc7b7d01748226564c,target_benchmark/Time_2b/metadata.json,target_benchmark/Time_2b/defects4j_info.txt
Time,3,Time_3b,3b,org.joda.time.MutableDateTime,1,1,target_benchmark/Time_3b/source/org/joda/time/MutableDateTime.java,OK,f968ea8905da6a741a7f9d298cdc5732c4b18cf932a1a7603d58fd7de4354f8d,target_benchmark/Time_3b/metadata.json,target_benchmark/Time_3b/defects4j_info.txt
Time,4,Time_4b,4b,org.joda.time.Partial,1,1,target_benchmark/Time_4b/source/org/joda/time/Partial.java,OK,3bbb84f6b4255c788a1c847f3fee908dad53475b368c76bcd21c776004daacff,target_benchmark/Time_4b/metadata.json,target_benchmark/Time_4b/defects4j_info.txt
Time,5,Time_5b,5b,org.joda.time.Period,1,1,target_benchmark/Time_5b/source/org/joda/time/Period.java,OK,1ef057c2cd9fa03aa7f559f7d508d18788275655cca75cc15dede44dc1d41c35,target_benchmark/Time_5b/metadata.json,target_benchmark/Time_5b/defects4j_info.txt
Time,6,Time_6b,6b,org.joda.time.chrono.GJChronology,1,1,target_benchmark/Time_6b/source/org/joda/time/chrono/GJChronology.java,OK,bcd5a7383976d72b1160834b0c00274d9fffe57ae5fd12791acae60de4ace019,target_benchmark/Time_6b/metadata.json,target_benchmark/Time_6b/defects4j_info.txt
Time,7,Time_7b,7b,org.joda.time.format.DateTimeFormatter,1,1,target_benchmark/Time_7b/source/org/joda/time/format/DateTimeFormatter.java,OK,cc2e954d2b44b7e0436a05243bec1f682d8e32a478d070a3cb769d366e4ad7f5,target_benchmark/Time_7b/metadata.json,target_benchmark/Time_7b/defects4j_info.txt
Time,8,Time_8b,8b,org.joda.time.DateTimeZone,1,1,target_benchmark/Time_8b/source/org/joda/time/DateTimeZone.java,OK,a4da9908103526f2df7de9c3fe374d9ef33531cc90cba37edcd637fbf30aaefd,target_benchmark/Time_8b/metadata.json,target_benchmark/Time_8b/defects4j_info.txt
Time,9,Time_9b,9b,org.joda.time.DateTimeZone,1,1,target_benchmark/Time_9b/source/org/joda/time/DateTimeZone.java,OK,1cdfe27ed043eb39e4dd394991359186b10c7645d9a2ab6d1dbecf5c7ef4f3ae,target_benchmark/Time_9b/metadata.json,target_benchmark/Time_9b/defects4j_info.txt
